date,open,high,low,close,volume
1996-06-06,661.07,665.07,655.95,662.93,0
1996-06-07,662.93,665.6,658.61,660.82,0
1996-06-10,662.54,672.59,662.54,672.54,0
1996-06-11,0.0,0.0,0.0,672.54,0
1996-06-12,0.0,0.0,0.0,672.54,0
1996-06-13,672.54,688.76,672.54,688.52,0
1996-06-14,688.52,697.49,688.52,695.43,0
1996-06-17,695.25,698.14,690.81,690.81,0
1996-06-18,0.0,0.0,0.0,690.81,0
1996-06-19,0.0,0.0,0.0,690.81,0
1996-06-20,690.81,696.83,690.81,693.27,0
1996-06-21,693.27,696.51,687.86,687.86,0
1996-06-24,692.09,693.85,688.74,688.91,0
1996-06-25,0.0,0.0,0.0,688.91,0
1996-06-26,0.0,0.0,0.0,688.91,0
1996-06-27,0.0,0.0,0.0,688.91,0
1996-06-28,688.91,692.43,683.85,685.07,0
1996-07-01,684.04,694.27,684.04,692.39,0
1996-07-02,0.0,0.0,0.0,692.39,0
1996-07-03,692.39,693.96,687.04,689.25,0
1996-07-04,689.25,693.74,687.72,692.59,0
1996-07-05,692.59,700.3,689.67,699.35,0
1996-07-08,0.0,0.0,0.0,699.35,0
1996-07-09,0.0,0.0,0.0,699.35,0
1996-07-10,691.46,693.35,687.77,688.84,0
1996-07-11,688.84,696.57,688.84,690.94,0
1996-07-12,690.94,702.14,690.94,697.16,0
1996-07-15,0.0,0.0,0.0,697.16,0
1996-07-16,0.0,0.0,0.0,697.16,0
1996-07-17,681.13,684.26,676.84,678.44,0
1996-07-18,678.44,680.16,665.28,666.07,0
1996-07-19,666.07,673.75,665.26,667.72,0
1996-07-22,0.0,0.0,0.0,667.72,0
1996-07-23,0.0,0.0,0.0,667.72,0
1996-07-24,672.53,680.62,671.18,677.17,0
1996-07-25,677.17,678.55,667.68,668.04,0
1996-07-26,668.04,669.06,651.72,659.69,0
1996-07-29,0.0,0.0,0.0,659.69,0
1996-07-30,0.0,0.0,0.0,659.69,0
1996-07-31,0.0,0.0,0.0,659.69,0
1996-08-01,677.33,687.95,677.33,687.07,0
1996-08-02,687.07,687.07,680.14,680.17,0
1996-08-05,673.84,673.84,657.68,657.68,0
1996-08-06,0.0,0.0,0.0,657.68,0
1996-08-07,0.0,0.0,0.0,657.68,0
1996-08-08,657.68,665.12,655.52,656.0,0
1996-08-09,656.0,664.2,656.0,660.76,0
1996-08-12,635.78,642.86,625.09,635.06,0
1996-08-13,0.0,0.0,0.0,635.06,0
1996-08-14,0.0,0.0,0.0,635.06,0
1996-08-15,635.06,635.06,606.07,606.89,0
1996-08-16,606.89,615.82,572.79,614.25,0
1996-08-19,643.74,643.75,627.94,633.05,0
1996-08-20,0.0,0.0,0.0,633.05,0
1996-08-21,0.0,0.0,0.0,633.05,0
1996-08-22,633.05,633.05,618.92,624.03,0
1996-08-23,624.03,625.18,595.8,598.34,0
1996-08-26,620.39,633.68,620.39,633.39,0
1996-08-27,0.0,0.0,0.0,633.39,0
1996-08-28,0.0,0.0,0.0,633.39,0
1996-08-29,633.39,637.05,620.42,620.51,0
1996-08-30,620.51,630.4,617.68,630.32,0
1996-09-02,651.07,670.59,651.07,667.84,0
1996-09-03,0.0,0.0,0.0,667.84,0
1996-09-04,0.0,0.0,0.0,667.84,0
1996-09-05,667.84,670.98,660.86,661.02,0
1996-09-06,661.02,671.74,655.27,671.69,0
1996-09-09,677.52,682.27,671.44,678.31,0
1996-09-10,0.0,0.0,0.0,678.31,0
1996-09-11,0.0,0.0,0.0,678.31,0
1996-09-12,678.31,681.92,670.39,679.39,0
1996-09-13,679.39,679.39,666.57,669.1,0
1996-09-16,677.09,680.74,671.92,672.28,0
1996-09-17,0.0,0.0,0.0,672.28,0
1996-09-18,0.0,0.0,0.0,672.28,0
1996-09-19,672.28,673.0,666.96,670.25,0
1996-09-20,670.25,671.48,662.73,662.87,0
1996-09-23,681.63,685.15,677.19,677.57,0
1996-09-24,0.0,0.0,0.0,677.57,0
1996-09-25,0.0,0.0,0.0,677.57,0
1996-09-26,0.0,0.0,0.0,677.57,0
1996-09-27,672.92,679.08,672.86,679.05,0
1996-09-30,671.1,672.86,663.17,663.57,0
1996-10-01,0.0,0.0,0.0,663.57,0
1996-10-02,0.0,0.0,0.0,663.57,0
1996-10-03,663.57,669.41,650.48,669.29,0
1996-10-04,669.29,672.34,666.25,669.2,0
1996-10-07,0.0,0.0,0.0,669.2,0
1996-10-08,0.0,0.0,0.0,669.2,0
1996-10-09,664.22,672.09,663.53,671.98,0
1996-10-10,671.65,674.45,666.05,671.65,0
1996-10-11,675.12,676.5,666.03,675.12,0
1996-10-14,0.0,0.0,0.0,675.12,0
1996-10-15,0.0,0.0,0.0,675.12,0
1996-10-16,707.86,715.85,706.65,709.22,0
1996-10-17,709.22,724.2,709.22,722.5,0
1996-10-18,722.5,735.68,716.72,727.63,0
1996-10-21,0.0,0.0,0.0,727.63,0
1996-10-22,0.0,0.0,0.0,727.63,0
1996-10-23,743.42,743.42,731.3,733.41,0
1996-10-24,733.41,741.35,731.59,736.59,0
1996-10-25,736.59,746.09,736.59,745.73,0
1996-10-28,0.0,0.0,0.0,745.73,0
1996-10-29,0.0,0.0,0.0,745.73,0
1996-10-30,744.73,748.87,737.14,737.58,0
1996-10-31,0.0,0.0,0.0,737.58,0
1996-11-01,737.58,739.96,727.14,734.5,0
1996-11-04,743.28,759.13,743.28,759.12,0
1996-11-05,0.0,0.0,0.0,759.12,0
1996-11-06,0.0,0.0,0.0,759.12,0
1996-11-07,759.12,765.58,757.81,764.96,0
1996-11-08,764.96,770.74,752.95,753.24,0
1996-11-11,751.44,765.7,751.44,765.64,0
1996-11-12,0.0,0.0,0.0,765.64,0
1996-11-13,0.0,0.0,0.0,765.64,0
1996-11-14,765.64,772.85,765.32,771.99,0
1996-11-15,771.99,786.75,770.31,775.08,0
1996-11-18,755.77,758.49,751.6,756.83,0
1996-11-19,0.0,0.0,0.0,756.83,0
1996-11-20,0.0,0.0,0.0,756.83,0
1996-11-21,756.83,764.64,743.15,746.28,0
1996-11-22,746.28,746.66,730.55,736.64,0
1996-11-25,748.41,754.1,743.35,743.55,0
1996-11-26,0.0,0.0,0.0,743.55,0
1996-11-27,0.0,0.0,0.0,743.55,0
1996-11-28,743.55,753.19,741.41,741.64,0
1996-11-29,741.64,749.04,730.45,731.21,0
1996-12-02,0.0,0.0,0.0,731.21,0
1996-12-03,0.0,0.0,0.0,731.21,0
1996-12-04,755.51,758.5,751.45,756.23,0
1996-12-05,756.23,772.14,756.23,769.89,0
1996-12-06,769.89,786.94,767.08,786.9,0
1996-12-09,0.0,0.0,0.0,786.9,0
1996-12-10,0.0,0.0,0.0,786.9,0
1996-12-11,798.66,804.98,795.67,804.72,0
1996-12-12,804.72,810.78,793.03,794.09,0
1996-12-13,794.09,801.22,790.11,798.7,0
1996-12-16,0.0,0.0,0.0,798.7,0
1996-12-17,0.0,0.0,0.0,798.7,0
1996-12-18,799.44,801.05,787.71,793.29,0
1996-12-19,793.29,806.22,791.25,805.78,0
1996-12-20,805.78,819.05,805.08,808.39,0
1996-12-23,0.0,0.0,0.0,808.39,0
1996-12-24,0.0,0.0,0.0,808.39,0
1996-12-25,818.51,822.23,813.86,821.24,0
1996-12-26,821.24,827.92,811.67,825.51,0
1996-12-27,825.51,833.15,823.68,832.37,0
1996-12-30,0.0,0.0,0.0,832.37,0
1996-12-31,0.0,0.0,0.0,832.37,0
1997-01-01,0.0,0.0,0.0,832.37,0
1997-01-02,821.4,825.9,806.2,815.6,0
1997-01-03,815.6,848.2,815.6,848.1,0
1997-01-06,848.1,858.2,844.4,853.2,0
1997-01-07,853.2,864.6,847.5,864.6,0
1997-01-08,864.6,867.4,852.7,853.1,0
1997-01-09,853.1,860.2,852.2,857.0,0
1997-01-10,857.0,865.6,846.5,865.6,0
1997-01-13,865.6,870.6,861.6,864.4,0
1997-01-14,864.4,886.4,864.4,881.4,0
1997-01-15,881.4,883.0,864.0,864.0,0
1997-01-16,864.4,880.5,864.4,873.6,0
1997-01-17,873.6,885.7,872.8,883.4,0
1997-01-20,883.4,903.9,882.2,899.8,0
1997-01-21,899.8,915.3,895.7,913.7,0
1997-01-22,913.7,925.5,878.4,925.5,0
1997-01-23,925.5,938.1,912.7,912.7,0
1997-01-24,912.7,915.5,896.1,898.4,0
1997-01-27,898.4,921.5,888.7,889.8,0
1997-01-28,889.8,908.3,884.2,890.8,0
1997-01-29,890.8,898.0,884.4,892.5,0
1997-01-30,892.5,911.7,892.5,911.7,0
1997-01-31,911.7,926.0,911.7,921.6,0
1997-02-03,921.6,928.3,915.2,918.0,0
1997-02-04,918.0,918.4,902.1,916.3,0
1997-02-05,916.3,916.5,876.0,887.4,0
1997-02-06,887.4,890.8,878.0,885.5,0
1997-02-07,885.5,901.6,885.3,899.8,0
1997-02-10,899.8,902.9,871.1,872.1,0
1997-02-11,872.1,881.4,856.0,871.7,0
1997-02-12,871.7,900.5,871.7,900.5,0
1997-02-13,900.5,912.3,900.5,907.7,0
1997-02-14,907.7,909.1,897.2,899.9,0
1997-02-17,0.0,0.0,0.0,899.9,0
1997-02-18,899.9,901.8,888.5,897.5,0
1997-02-19,897.5,903.6,892.7,897.7,0
1997-02-20,897.7,897.7,878.3,880.3,0
1997-02-21,880.3,880.3,862.1,864.3,0
1997-02-24,864.3,880.7,853.3,880.3,0
1997-02-25,880.3,892.3,874.9,882.0,0
1997-02-26,882.0,886.8,871.6,880.7,0
1997-02-27,880.7,880.7,848.2,848.5,0
1997-02-28,848.5,858.5,835.9,850.5,0
1997-03-03,850.5,857.0,844.1,856.1,0
1997-03-04,856.1,869.1,856.1,862.0,0
1997-03-05,862.0,872.3,861.9,872.1,0
1997-03-06,872.1,874.3,851.0,851.5,0
1997-03-07,851.5,857.5,837.0,841.0,0
1997-03-10,841.0,854.8,829.4,854.8,0
1997-03-11,854.8,858.5,848.5,848.5,0
1997-03-12,848.5,848.5,835.2,839.3,0
1997-03-13,839.3,847.3,834.5,840.5,0
1997-03-14,840.5,850.2,838.0,839.0,0
1997-03-17,839.0,839.0,816.7,832.2,0
1997-03-18,832.2,837.1,821.4,827.6,0
1997-03-19,827.6,827.6,798.3,811.8,0
1997-03-20,811.8,827.0,804.3,821.7,0
1997-03-21,821.7,829.4,811.3,812.7,0
1997-03-24,812.7,812.7,784.5,802.4,0
1997-03-25,802.4,815.3,799.3,807.2,0
1997-03-26,807.2,834.6,807.2,834.4,0
1997-03-27,834.4,843.4,809.8,818.7,0
1997-03-28,0.0,0.0,0.0,818.7,0
1997-03-31,818.7,818.7,796.5,797.1,0
1997-04-01,797.1,820.8,782.3,796.8,0
1997-04-02,796.8,797.5,779.4,783.9,0
1997-04-03,783.9,804.7,779.2,804.7,0
1997-04-04,804.7,823.9,796.8,822.4,0
1997-04-07,822.4,839.7,822.4,832.3,0
1997-04-08,832.3,840.4,826.2,840.4,0
1997-04-09,840.4,849.8,828.4,828.7,0
1997-04-10,828.7,828.7,813.2,813.5,0
1997-04-11,813.5,813.5,789.8,790.0,0
1997-04-14,790.0,806.8,785.1,806.8,0
1997-04-15,806.8,816.6,789.6,798.0,0
1997-04-16,798.0,803.1,787.6,798.7,0
1997-04-17,0.0,0.0,0.0,798.7,0
1997-04-18,808.2,828.4,808.2,816.4,0
1997-04-21,816.4,819.7,799.4,802.5,0
1997-04-22,802.5,818.1,793.1,818.1,0
1997-04-23,818.1,839.1,818.0,838.0,0
1997-04-24,838.0,853.7,835.1,837.8,0
1997-04-25,837.8,837.8,818.6,818.6,0
1997-04-28,818.6,833.5,812.3,829.4,0
1997-04-29,829.4,856.3,829.4,856.3,0
1997-04-30,856.3,878.0,851.0,874.7,0
1997-05-01,874.7,886.5,872.6,882.1,0
1997-05-02,882.1,909.6,882.1,909.5,0
1997-05-05,909.5,932.9,906.4,932.8,0
1997-05-06,932.8,932.8,910.3,914.9,0
1997-05-07,914.9,923.7,903.9,909.3,0
1997-05-08,909.3,926.1,903.4,919.4,0
1997-05-09,919.4,930.9,910.3,919.1,0
1997-05-12,919.1,928.0,918.1,924.6,0
1997-05-13,924.6,926.3,909.3,910.6,0
1997-05-14,910.6,915.4,900.2,909.9,0
1997-05-15,909.9,932.4,909.7,931.8,0
1997-05-16,931.8,931.8,915.1,915.3,0
1997-05-19,915.3,928.2,908.7,913.6,0
1997-05-20,913.6,942.1,912.8,942.1,0
1997-05-21,942.1,961.5,942.1,950.5,0
1997-05-22,950.5,954.4,941.7,946.1,0
1997-05-23,946.1,959.1,946.0,959.1,0
1997-05-26,0.0,0.0,0.0,959.1,0
1997-05-27,959.1,985.0,956.1,984.6,0
1997-05-28,984.6,988.4,976.1,982.6,0
1997-05-29,970.5,987.0,969.7,970.5,0
1997-05-30,958.9,970.5,907.5,958.9,0
1997-06-02,958.7,967.9,951.0,958.7,0
1997-06-03,929.8,958.7,929.5,929.8,0
1997-06-04,922.0,942.0,917.3,922.0,0
1997-06-05,930.6,935.8,922.0,930.6,0
1997-06-06,930.6,946.3,927.0,945.0,0
1997-06-09,945.0,959.7,945.0,954.6,0
1997-06-10,954.6,957.9,937.9,941.1,0
1997-06-11,941.1,949.5,931.4,949.0,0
1997-06-12,949.0,955.7,936.0,950.0,0
1997-06-13,950.0,971.2,949.3,964.4,0
1997-06-16,964.4,976.0,962.5,975.9,0
1997-06-17,975.9,991.9,970.3,989.4,0
1997-06-18,989.4,989.4,970.8,971.6,0
1997-06-19,971.6,987.0,969.8,982.0,0
1997-06-20,982.0,989.3,979.1,981.4,0
1997-06-23,981.4,987.2,968.5,969.1,0
1997-06-24,969.1,986.9,969.1,986.4,0
1997-06-25,986.4,993.2,970.6,979.2,0
1997-06-26,979.2,981.4,966.0,967.3,0
1997-06-27,967.3,976.6,961.7,963.0,0
1997-06-30,963.0,967.9,955.4,957.3,0
1997-07-01,957.3,961.8,947.8,953.4,0
1997-07-02,953.4,976.1,953.4,975.9,0
1997-07-03,975.9,990.5,975.9,986.5,0
1997-07-04,0.0,0.0,0.0,986.5,0
1997-07-07,991.0,999.3,986.5,991.0,0
1997-07-08,1006.0,1006.0,990.0,1006.0,0
1997-07-09,1006.0,1019.0,1006.0,1019.0,0
1997-07-10,1010.0,1013.0,1007.0,1007.0,0
1997-07-11,1010.0,1010.0,1003.0,1009.0,0
1997-07-14,1016.0,1040.0,1016.0,1039.0,0
1997-07-15,1042.0,1056.0,1042.0,1049.0,0
1997-07-16,1059.0,1094.0,1059.0,1093.0,0
1997-07-17,1103.0,1106.0,1087.0,1101.0,0
1997-07-18,1095.0,1095.0,1057.0,1073.0,0
1997-07-21,1071.0,1073.0,1054.0,1057.0,0
1997-07-22,1058.0,1082.0,1058.0,1079.0,0
1997-07-23,1091.0,1107.0,1091.0,1091.0,0
1997-07-24,1092.0,1093.0,1072.0,1088.0,0
1997-07-25,1088.0,1097.0,1079.0,1085.0,0
1997-07-28,1085.0,1090.0,1076.0,1084.0,0
1997-07-29,1075.0,1078.0,1069.0,1078.0,0
1997-07-30,1075.0,1088.0,1069.0,1088.0,0
1997-07-31,1101.0,1110.0,1097.0,1107.0,0
1997-08-01,1107.0,1114.0,1094.0,1109.0,0
1997-08-04,1109.0,1125.0,1106.0,1124.0,0
1997-08-05,1130.0,1139.0,1130.0,1136.0,0
1997-08-06,1136.0,1150.0,1129.0,1142.0,0
1997-08-07,1142.0,1152.0,1136.0,1136.0,0
1997-08-08,1136.0,1136.0,1104.0,1115.0,0
1997-08-11,1115.0,1116.0,1084.0,1101.0,0
1997-08-12,1101.0,1117.0,1091.0,1091.0,0
1997-08-13,1091.0,1112.0,1085.0,1099.0,0
1997-08-14,1099.0,1107.0,1092.0,1104.0,0
1997-08-15,1104.0,1104.0,1077.0,1077.0,0
1997-08-18,1077.0,1090.0,1061.0,1090.0,0
1997-08-19,1090.0,1121.0,1090.0,1121.0,0
1997-08-20,1121.0,1145.0,1117.0,1145.0,0
1997-08-21,1145.0,1145.0,1117.0,1119.0,0
1997-08-22,1119.0,1119.0,1086.0,1111.0,0
1997-08-25,1111.0,1122.0,1102.0,1108.0,0
1997-08-26,1108.0,1108.0,1093.0,1093.0,0
1997-08-27,1093.0,1099.0,1079.0,1092.0,0
1997-08-28,1092.0,1092.0,1065.0,1071.0,0
1997-08-29,1071.0,1081.0,1068.0,1074.0,0
1997-09-01,0.0,0.0,0.0,1074.0,0
1997-09-02,1074.0,1103.0,1074.0,1103.0,0
1997-09-03,1103.0,1115.0,1099.0,1100.0,0
1997-09-04,1100.0,1110.0,1099.0,1106.0,0
1997-09-05,1106.0,1120.0,1105.0,1111.0,0
1997-09-08,1111.0,1124.0,1111.0,1118.0,0
1997-09-09,1118.0,1129.0,1117.0,1127.0,0
1997-09-10,1127.0,1127.0,1103.0,1103.0,0
1997-09-11,1103.0,1108.0,1083.0,1105.0,0
1997-09-12,1105.0,1109.0,1094.0,1106.0,0
1997-09-15,1106.0,1109.0,1080.0,1080.0,0
1997-09-16,1080.0,1118.0,1080.0,1117.0,0
1997-09-17,1117.0,1122.0,1108.0,1109.0,0
1997-09-18,1109.0,1122.0,1107.0,1109.0,0
1997-09-19,1109.0,1119.0,1108.0,1119.0,0
1997-09-22,1119.0,1135.0,1119.0,1124.0,0
1997-09-23,1124.0,1136.0,1123.0,1135.0,0
1997-09-24,1135.0,1140.0,1114.0,1116.0,0
1997-09-25,1116.0,1119.0,1106.0,1106.0,0
1997-09-26,1106.0,1116.0,1102.0,1107.0,0
1997-09-29,1107.0,1119.0,1104.0,1119.0,0
1997-09-30,1119.0,1119.0,1097.0,1097.0,0
1997-10-01,1097.0,1110.0,1089.0,1102.0,0
1997-10-02,1102.0,1114.0,1102.0,1113.0,0
1997-10-03,1113.0,1135.0,1113.0,1124.0,0
1997-10-06,1124.0,1132.0,1121.0,1126.0,0
1997-10-07,1126.0,1144.0,1126.0,1141.0,0
1997-10-08,1141.0,1146.0,1132.0,1145.0,0
1997-10-09,1145.0,1154.0,1138.0,1148.0,0
1997-10-10,1148.0,1148.0,1137.0,1138.0,0
1997-10-13,1138.0,1146.0,1137.0,1140.0,0
1997-10-14,1140.0,1144.0,1120.0,1131.0,0
1997-10-15,1131.0,1131.0,1109.0,1119.0,0
1997-10-16,1119.0,1127.0,1090.0,1099.0,0
1997-10-17,1099.0,1099.0,1059.0,1075.0,0
1997-10-20,1075.0,1093.0,1074.0,1088.0,0
1997-10-21,1088.0,1111.0,1088.0,1111.0,0
1997-10-22,1111.0,1114.0,1098.0,1099.0,0
1997-10-23,1099.0,1099.0,1066.0,1075.0,0
1997-10-24,1075.0,1090.0,1047.0,1057.0,0
1997-10-27,1057.0,1057.0,977.3,978.9,0
1997-10-28,978.9,1047.0,927.0,1047.0,0
1997-10-29,1047.0,1057.0,1025.0,1030.0,0
1997-10-30,1030.0,1030.0,1001.0,1001.0,0
1997-10-31,1001.0,1027.0,1001.0,1020.0,0
1997-11-03,1020.0,1051.0,1020.0,1051.0,0
1997-11-04,1051.0,1056.0,1042.0,1048.0,0
1997-11-05,1048.0,1058.0,1046.0,1047.0,0
1997-11-06,1047.0,1048.0,1032.0,1034.0,0
1997-11-07,1034.0,1035.0,1010.0,1028.0,0
1997-11-10,1028.0,1040.0,1011.0,1012.0,0
1997-11-11,1012.0,1020.0,1007.0,1011.0,0
1997-11-12,1011.0,1011.0,978.8,980.1,0
1997-11-13,980.1,1005.0,971.6,1003.0,0
1997-11-14,1003.0,1030.0,1003.0,1028.0,0
1997-11-17,1028.0,1055.0,1028.0,1050.0,0
1997-11-18,1050.0,1052.0,1036.0,1036.0,0
1997-11-19,1036.0,1042.0,1031.0,1039.0,0
1997-11-20,1039.0,1064.0,1039.0,1062.0,0
1997-11-21,1062.0,1074.0,1049.0,1057.0,0
1997-11-24,1057.0,1057.0,1029.0,1030.0,0
1997-11-25,1030.0,1041.0,1026.0,1038.0,0
1997-11-26,1038.0,1047.0,1038.0,1044.0,0
1997-11-27,0.0,0.0,0.0,1044.0,0
1997-11-28,1044.0,1055.0,1043.0,1051.0,0
1997-12-01,1051.0,1079.0,1051.0,1079.0,0
1997-12-02,1079.0,1079.0,1051.0,1052.0,0
1997-12-03,1052.0,1063.0,1037.0,1062.0,0
1997-12-04,1062.0,1068.0,1050.0,1053.0,0
1997-12-05,1053.0,1071.0,1050.0,1070.0,0
1997-12-08,1070.0,1085.0,1070.0,1083.0,0
1997-12-09,1083.0,1083.0,1049.0,1051.0,0
1997-12-10,1051.0,1051.0,1021.0,1033.0,0
1997-12-11,1033.0,1033.0,995.6,1002.0,0
1997-12-12,1002.0,1007.0,974.2,978.5,0
1997-12-15,978.5,991.3,960.2,984.4,0
1997-12-16,984.4,1008.0,984.4,997.3,0
1997-12-17,997.3,1012.0,983.1,983.6,0
1997-12-18,983.6,984.6,957.0,966.8,0
1997-12-19,966.8,972.9,937.7,969.9,0
1997-12-22,969.9,990.8,969.5,975.7,0
1997-12-23,975.6,979.1,949.2,949.6,0
1997-12-24,949.6,959.9,937.2,939.0,0
1997-12-25,0.0,0.0,0.0,939.0,0
1997-12-26,939.0,954.2,939.0,954.1,0
1997-12-29,954.1,978.7,954.1,978.5,0
1997-12-30,978.5,999.7,978.5,998.5,0
1997-12-31,998.5,1005.0,990.3,990.8,0
1998-01-01,0.0,0.0,0.0,990.8,0
1998-01-02,990.8,1008.0,987.7,1008.0,0
1998-01-05,1008.0,1029.0,1007.0,1017.0,0
1998-01-06,1017.0,1018.0,1002.0,1006.0,0
1998-01-07,1006.0,1006.0,978.7,991.2,0
1998-01-08,991.0,1004.0,982.3,994.5,0
1998-01-09,994.5,995.4,950.7,956.2,0
1998-01-12,956.2,971.3,933.0,971.2,0
1998-01-13,971.2,995.1,971.2,995.1,0
1998-01-14,995.1,1002.0,983.9,996.4,0
1998-01-15,996.4,1004.0,987.0,995.6,0
1998-01-16,995.6,1009.0,995.6,1006.0,0
1998-01-19,0.0,0.0,0.0,1006.0,0
1998-01-20,1006.0,1027.0,1006.0,1027.0,0
1998-01-21,1027.0,1030.0,1017.0,1027.0,0
1998-01-22,1027.0,1029.0,1014.0,1021.0,0
1998-01-23,1021.0,1029.0,1015.0,1024.0,0
1998-01-26,1024.0,1027.0,996.8,1016.0,0
1998-01-27,1016.0,1039.0,1014.0,1036.0,0
1998-01-28,1036.0,1065.0,1036.0,1063.0,0
1998-01-29,1063.0,1082.0,1060.0,1069.0,0
1998-01-30,1069.0,1080.0,1067.0,1071.0,0
1998-02-02,1071.0,1104.0,1071.0,1101.0,0
1998-02-03,1101.0,1114.0,1096.0,1111.0,0
1998-02-04,1111.0,1128.0,1107.0,1124.0,0
1998-02-05,1124.0,1143.0,1113.0,1115.0,0
1998-02-06,1115.0,1134.0,1110.0,1134.0,0
1998-02-09,1134.0,1139.0,1119.0,1123.0,0
1998-02-10,1123.0,1145.0,1122.0,1140.0,0
1998-02-11,1140.0,1145.0,1133.0,1139.0,0
1998-02-12,1139.0,1146.0,1122.0,1145.0,0
1998-02-13,1145.0,1145.0,1137.0,1137.0,0
1998-02-16,0.0,0.0,0.0,1137.0,0
1998-02-17,1137.0,1148.0,1126.0,1129.0,0
1998-02-18,1129.0,1141.0,1126.0,1141.0,0
1998-02-19,1141.0,1161.0,1141.0,1157.0,0
1998-02-20,1157.0,1164.0,1144.0,1160.0,0
1998-02-23,1160.0,1186.0,1160.0,1186.0,0
1998-02-24,1186.0,1195.0,1172.0,1172.0,0
1998-02-25,1172.0,1201.0,1172.0,1200.0,0
1998-02-26,1200.0,1208.0,1167.0,1207.0,0
1998-02-27,1207.0,1213.0,1194.0,1194.0,0
1998-03-02,1194.0,1204.0,1177.0,1178.0,0
1998-03-03,1178.0,1178.0,1161.0,1176.0,0
1998-03-04,1176.0,1181.0,1167.0,1180.0,0
1998-03-05,1180.0,1180.0,1124.0,1127.0,0
1998-03-06,1127.0,1163.0,1127.0,1163.0,0
1998-03-09,1163.0,1163.0,1128.0,1128.0,0
1998-03-10,1128.0,1149.0,1128.0,1149.0,0
1998-03-11,1149.0,1164.0,1147.0,1154.0,0
1998-03-12,1154.0,1166.0,1148.0,1163.0,0
1998-03-13,1163.0,1181.0,1163.0,1169.0,0
1998-03-16,1169.0,1181.0,1169.0,1180.0,0
1998-03-17,1180.0,1180.0,1159.0,1168.0,0
1998-03-18,1168.0,1178.0,1157.0,1177.0,0
1998-03-19,1177.0,1186.0,1177.0,1186.0,0
1998-03-20,1186.0,1191.0,1168.0,1169.0,0
1998-03-23,1169.0,1185.0,1163.0,1179.0,0
1998-03-24,1179.0,1200.0,1179.0,1198.0,0
1998-03-25,1198.0,1231.0,1198.0,1215.0,0
1998-03-26,1215.0,1223.0,1206.0,1218.0,0
1998-03-27,1218.0,1227.0,1207.0,1212.0,0
1998-03-30,1212.0,1215.0,1201.0,1207.0,0
1998-03-31,1206.0,1227.0,1206.0,1221.0,0
1998-04-01,1221.0,1230.0,1208.0,1228.0,0
1998-04-02,1229.0,1237.0,1224.0,1230.0,0
1998-04-03,1230.0,1240.0,1226.0,1234.0,0
1998-04-06,1234.0,1234.0,1205.0,1205.0,0
1998-04-07,1205.0,1205.0,1173.0,1182.0,0
1998-04-08,1182.0,1197.0,1181.0,1191.0,0
1998-04-09,1191.0,1204.0,1191.0,1197.0,0
1998-04-10,0.0,0.0,0.0,1197.0,0
1998-04-13,1197.0,1205.0,1184.0,1203.0,0
1998-04-14,1203.0,1217.0,1197.0,1213.0,0
1998-04-15,1213.0,1238.0,1213.0,1231.0,0
1998-04-16,1231.0,1231.0,1218.0,1228.0,0
1998-04-17,1228.0,1232.0,1217.0,1231.0,0
1998-04-20,1231.0,1254.0,1231.0,1253.0,0
1998-04-21,1253.0,1270.0,1241.0,1270.0,0
1998-04-22,1270.0,1310.0,1270.0,1291.0,0
1998-04-23,1291.0,1291.0,1258.0,1259.0,0
1998-04-24,1259.0,1269.0,1243.0,1250.0,0
1998-04-27,1250.0,1250.0,1205.0,1220.0,0
1998-04-28,1220.0,1243.0,1210.0,1223.0,0
1998-04-29,1223.0,1242.0,1223.0,1240.0,0
1998-04-30,1240.0,1256.0,1240.0,1248.0,0
1998-05-01,1248.0,1254.0,1241.0,1252.0,0
1998-05-04,1252.0,1268.0,1252.0,1256.0,0
1998-05-05,1256.0,1258.0,1245.0,1247.0,0
1998-05-06,1247.0,1256.0,1238.0,1242.0,0
1998-05-07,1242.0,1244.0,1222.0,1223.0,0
1998-05-08,1223.0,1255.0,1217.0,1254.0,0
1998-05-11,1254.0,1267.0,1238.0,1238.0,0
1998-05-12,1238.0,1256.0,1231.0,1256.0,0
1998-05-13,1256.0,1270.0,1256.0,1263.0,0
1998-05-14,1263.0,1280.0,1250.0,1266.0,0
1998-05-15,1266.0,1271.0,1246.0,1249.0,0
1998-05-18,1249.0,1255.0,1232.0,1243.0,0
1998-05-19,1243.0,1259.0,1243.0,1256.0,0
1998-05-20,1256.0,1260.0,1234.0,1238.0,0
1998-05-21,1238.0,1242.0,1221.0,1224.0,0
1998-05-22,1224.0,1224.0,1195.0,1214.0,0
1998-05-25,0.0,0.0,0.0,1214.0,0
1998-05-26,1214.0,1227.0,1198.0,1200.0,0
1998-05-27,1200.0,1210.0,1180.0,1209.0,0
1998-05-28,1209.0,1218.0,1200.0,1215.0,0
1998-05-29,1215.0,1221.0,1192.0,1192.0,0
1998-06-01,1192.0,1192.0,1160.0,1166.0,0
1998-06-02,1166.0,1190.0,1166.0,1187.0,0
1998-06-03,1187.0,1199.0,1164.0,1164.0,0
1998-06-04,1164.0,1195.0,1164.0,1195.0,0
1998-06-05,1195.0,1208.0,1188.0,1207.0,0
1998-06-08,1207.0,1213.0,1200.0,1207.0,0
1998-06-09,1207.0,1224.0,1204.0,1223.0,0
1998-06-10,0.0,0.0,0.0,1223.0,0
1998-06-11,1199.0,1207.0,1184.0,1185.0,0
1998-06-12,1185.0,1187.0,1158.0,1187.0,0
1998-06-15,1187.0,1194.0,1169.0,1174.0,0
1998-06-16,1174.0,1211.0,1174.0,1211.0,0
1998-06-17,1211.0,1236.0,1211.0,1224.0,0
1998-06-18,1224.0,1231.0,1216.0,1227.0,0
1998-06-19,1227.0,1243.0,1227.0,1240.0,0
1998-06-22,1240.0,1266.0,1234.0,1264.0,0
1998-06-23,1265.0,1303.0,1265.0,1302.0,0
1998-06-24,1302.0,1332.0,1285.0,1331.0,0
1998-06-25,1331.0,1347.0,1308.0,1311.0,0
1998-06-26,1311.0,1324.0,1311.0,1321.0,0
1998-06-29,1321.0,1343.0,1321.0,1340.0,0
1998-06-30,1340.0,1345.0,1323.0,1337.0,0
1998-07-01,1337.0,1356.0,1336.0,1356.0,0
1998-07-02,1356.0,1356.0,1332.0,1333.0,0
1998-07-03,0.0,0.0,0.0,1333.0,0
1998-07-06,1333.0,1345.0,1326.0,1343.0,0
1998-07-07,1343.0,1347.0,1330.0,1346.0,0
1998-07-08,1346.0,1379.0,1346.0,1378.0,0
1998-07-09,1378.0,1397.0,1374.0,1383.0,0
1998-07-10,1383.0,1393.0,1369.0,1391.0,0
1998-07-13,1391.0,1421.0,1391.0,1421.0,0
1998-07-14,1421.0,1433.0,1415.0,1418.0,0
1998-07-15,1418.0,1452.0,1418.0,1450.0,0
1998-07-16,1450.0,1459.0,1437.0,1453.0,0
1998-07-17,1453.0,1466.0,1445.0,1464.0,0
1998-07-20,1464.0,1478.0,1459.0,1466.0,0
1998-07-21,1466.0,1486.0,1431.0,1432.0,0
1998-07-22,1432.0,1439.0,1405.0,1431.0,0
1998-07-23,1431.0,1446.0,1406.0,1406.0,0
1998-07-24,1406.0,1426.0,1386.0,1409.0,0
1998-07-27,1409.0,1426.0,1371.0,1426.0,0
1998-07-28,1426.0,1434.0,1392.0,1393.0,0
1998-07-29,1393.0,1413.0,1377.0,1380.0,0
1998-07-30,1380.0,1422.0,1380.0,1422.0,0
1998-07-31,1422.0,1422.0,1377.0,1377.0,0
1998-08-03,1377.0,1384.0,1360.0,1368.0,0
1998-08-04,1368.0,1386.0,1316.0,1317.0,0
1998-08-05,1317.0,1343.0,1290.0,1330.0,0
1998-08-06,1330.0,1366.0,1317.0,1366.0,0
1998-08-07,1366.0,1389.0,1359.0,1364.0,0
1998-08-10,1364.0,1375.0,1353.0,1363.0,0
1998-08-11,1363.0,1363.0,1316.0,1330.0,0
1998-08-12,1363.0,1363.0,1316.0,1355.0,0
1998-08-13,1355.0,1364.0,1338.0,1338.0,0
1998-08-14,1338.0,1353.0,1320.0,1330.0,0
1998-08-17,1330.0,1368.0,1322.0,1368.0,0
1998-08-18,1368.0,1406.0,1368.0,1401.0,0
1998-08-19,1401.0,1421.0,1396.0,1398.0,0
1998-08-20,1398.0,1405.0,1386.0,1398.0,0
1998-08-21,1398.0,1398.0,1343.0,1375.0,0
1998-08-24,1375.0,1392.0,1367.0,1371.0,0
1998-08-25,1371.0,1399.0,1371.0,1388.0,0
1998-08-26,1388.0,1388.0,1361.0,1374.0,0
1998-08-27,1374.0,1374.0,1302.0,1312.0,0
1998-08-28,1312.0,1320.0,1249.0,1265.0,0
1998-08-31,1265.0,1279.0,1140.0,1140.0,0
1998-09-01,1140.0,1220.0,1118.0,1215.0,0
1998-09-02,1215.0,1257.0,1215.0,1221.0,0
1998-09-03,1221.0,1230.0,1186.0,1209.0,0
1998-09-04,1209.0,1231.0,1182.0,1205.0,0
1998-09-07,0.0,0.0,0.0,1205.0,0
1998-09-08,1205.0,1287.0,1205.0,1286.0,0
1998-09-09,1286.0,1320.0,1262.0,1262.0,0
1998-09-10,1262.0,1262.0,1215.0,1235.0,0
1998-09-11,1235.0,1290.0,1235.0,1290.0,0
1998-09-14,1290.0,1320.0,1290.0,1308.0,0
1998-09-15,1308.0,1324.0,1295.0,1324.0,0
1998-09-16,1324.0,1337.0,1315.0,1331.0,0
1998-09-17,1331.0,1331.0,1283.0,1292.0,0
1998-09-18,1292.0,1303.0,1286.0,1301.0,0
1998-09-21,1301.0,1328.0,1259.0,1328.0,0
1998-09-22,1328.0,1345.0,1326.0,1336.0,0
1998-09-23,1336.0,1395.0,1336.0,1395.0,0
1998-09-24,1395.0,1403.0,1348.0,1356.0,0
1998-09-25,1356.0,1390.0,1339.0,1390.0,0
1998-09-28,1390.0,1413.0,1368.0,1383.0,0
1998-09-29,1383.0,1400.0,1369.0,1385.0,0
1998-09-30,1384.0,1384.0,1344.0,1345.0,0
1998-10-01,1345.0,1345.0,1266.0,1274.0,0
1998-10-02,1274.0,1286.0,1229.0,1276.0,0
1998-10-05,1267.0,1267.0,1175.0,1208.0,0
1998-10-06,1208.0,1250.0,1174.0,1185.0,0
1998-10-07,1184.0,1205.0,1139.0,1151.0,0
1998-10-08,1145.0,1145.0,1063.0,1129.0,0
1998-10-09,1129.0,1199.0,1129.0,1198.0,0
1998-10-12,1198.0,1259.0,1198.0,1243.0,0
1998-10-13,1243.0,1243.0,1199.0,1207.0,0
1998-10-14,1207.0,1253.0,1173.0,1236.0,0
1998-10-15,1236.0,1301.0,1232.0,1300.0,0
1998-10-16,1300.0,1318.0,1289.0,1294.0,0
1998-10-19,1294.0,1311.0,1284.0,1310.0,0
1998-10-20,1310.0,1335.0,1283.0,1283.0,0
1998-10-21,1283.0,1332.0,1283.0,1332.0,0
1998-10-22,1332.0,1356.0,1318.0,1355.0,0
1998-10-23,1355.0,1361.0,1339.0,1341.0,0
1998-10-26,1341.0,1369.0,1339.0,1369.0,0
1998-10-27,1369.0,1392.0,1353.0,1353.0,0
1998-10-28,1353.0,1381.0,1348.0,1380.0,0
1998-10-29,1380.0,1398.0,1371.0,1396.0,0
1998-10-30,1396.0,1415.0,1395.0,1401.0,0
1998-11-02,1401.0,1419.0,1401.0,1419.0,0
1998-11-03,1419.0,1419.0,1396.0,1402.0,0
1998-11-04,1402.0,1438.0,1402.0,1434.0,0
1998-11-05,1434.0,1446.0,1423.0,1442.0,0
1998-11-06,1442.0,1460.0,1439.0,1458.0,0
1998-11-09,1458.0,1471.0,1447.0,1468.0,0
1998-11-10,1468.0,1488.0,1458.0,1477.0,0
1998-11-11,1477.0,1505.0,1477.0,1481.0,0
1998-11-12,1478.0,1480.0,1461.0,1467.0,0
1998-11-13,1467.0,1478.0,1455.0,1465.0,0
1998-11-16,1465.0,1489.0,1457.0,1476.0,0
1998-11-17,1476.0,1508.0,1463.0,1499.0,0
1998-11-18,1499.0,1520.0,1495.0,1515.0,0
1998-11-19,1515.0,1550.0,1515.0,1537.0,0
1998-11-20,1537.0,1555.0,1531.0,1544.0,0
1998-11-23,1544.0,1594.0,1544.0,1589.0,0
1998-11-24,1589.0,1606.0,1580.0,1581.0,0
1998-11-25,1598.0,1598.0,1598.0,1598.0,0
1998-11-26,0.0,0.0,0.0,1598.0,0
1998-11-27,1598.0,1629.0,1598.0,1628.0,0
1998-11-30,1628.0,1634.0,1557.0,1558.0,0
1998-12-01,1558.0,1633.0,1535.0,1633.0,0
1998-12-02,1633.0,1634.0,1595.0,1619.0,0
1998-12-03,1619.0,1641.0,1574.0,1574.0,0
1998-12-04,1575.0,1630.0,1575.0,1630.0,0
1998-12-07,1630.0,1677.0,1630.0,1677.0,0
1998-12-08,1677.0,1699.0,1651.0,1668.0,0
1998-12-09,1668.0,1687.0,1662.0,1685.0,0
1998-12-10,1685.0,1697.0,1652.0,1653.0,0
1998-12-11,1653.0,1681.0,1644.0,1675.0,0
1998-12-14,1675.0,1675.0,1608.0,1614.0,0
1998-12-15,1614.0,1664.0,1614.0,1664.0,0
1998-12-16,1664.0,1677.0,1642.0,1656.0,0
1998-12-17,1656.0,1690.0,1656.0,1690.0,0
1998-12-18,1690.0,1736.0,1690.0,1735.0,0
1998-12-21,1736.0,1790.0,1736.0,1787.0,0
1998-12-22,1787.0,1794.0,1752.0,1768.0,0
1998-12-23,1768.0,1819.0,1768.0,1819.0,0
1998-12-24,1819.0,1819.0,1806.0,1806.0,0
1998-12-25,0.0,0.0,0.0,1806.0,0
1998-12-28,1806.0,1832.0,1805.0,1824.0,0
1998-12-29,1824.0,1828.0,1803.0,1823.0,0
1998-12-30,1823.0,1843.0,1806.0,1811.0,0
1998-12-31,1812.0,1848.0,1810.0,1836.0,0
1999-01-01,0.0,0.0,0.0,1836.0,0
1999-01-04,1836.0,1875.0,1833.0,1854.0,0
1999-01-05,1854.0,1903.0,1849.0,1903.0,0
1999-01-06,1903.0,1964.0,1903.0,1964.0,0
1999-01-07,1964.0,1976.0,1927.0,1966.0,0
1999-01-08,1966.0,2007.0,1941.0,1974.0,0
1999-01-11,1974.0,2001.0,1968.0,2000.0,0
1999-01-12,2000.0,2007.0,1938.0,1939.0,0
1999-01-13,1939.0,1986.0,1839.0,1948.0,0
1999-01-14,1965.0,1965.0,1905.0,1906.0,0
1999-01-15,1906.0,1982.0,1906.0,1982.0,0
1999-01-18,0.0,0.0,0.0,1982.0,0
1999-01-19,1982.0,2034.0,1982.0,2034.0,0
1999-01-20,2034.0,2096.0,2033.0,2034.0,0
1999-01-21,2034.0,2034.0,1957.0,1962.0,0
1999-01-22,1962.0,1991.0,1927.0,1964.0,0
1999-01-25,1964.0,1998.0,1951.0,1997.0,0
1999-01-26,2004.0,2064.0,2004.0,2062.0,0
1999-01-27,2062.0,2092.0,2030.0,2030.0,0
1999-01-28,2030.0,2106.0,2030.0,2105.0,0
1999-01-29,2105.0,2128.0,2074.0,2127.0,0
1999-02-01,2127.0,2151.0,2115.0,2131.0,0
1999-02-02,2131.0,2133.0,2066.0,2079.0,0
1999-02-03,2079.0,2120.0,2064.0,2120.0,0
1999-02-04,2120.0,2122.0,2028.0,2028.0,0
1999-02-05,2028.0,2040.0,1964.0,1989.0,0
1999-02-08,1989.0,2034.0,1986.0,2034.0,0
1999-02-09,2034.0,2036.0,1935.0,1935.0,0
1999-02-10,1935.0,1974.0,1925.0,1944.0,0
1999-02-11,1946.0,2045.0,1946.0,2045.0,0
1999-02-12,2045.0,2045.0,1958.0,1959.0,0
1999-02-15,0.0,0.0,0.0,1959.0,0
1999-02-16,1959.0,2005.0,1941.0,1954.0,0
1999-02-17,1954.0,1954.0,1886.0,1891.0,0
1999-02-18,1891.0,1915.0,1865.0,1906.0,0
1999-02-19,1906.0,1939.0,1906.0,1932.0,0
1999-02-22,1932.0,1996.0,1919.0,1996.0,0
1999-02-23,1996.0,2035.0,1992.0,2028.0,0
1999-02-24,2028.0,2056.0,1988.0,1989.0,0
1999-02-25,1989.0,1989.0,1936.0,1974.0,0
1999-02-26,1974.0,1974.0,1915.0,1925.0,0
1999-03-01,1926.0,1945.0,1902.0,1938.0,0
1999-03-02,1938.0,1954.0,1886.0,1889.0,0
1999-03-03,1892.0,1913.0,1870.0,1900.0,0
1999-03-04,1900.0,1954.0,1881.0,1933.0,0
1999-03-05,1933.0,1986.0,1933.0,1970.0,0
1999-03-08,1970.0,2035.0,1970.0,2034.0,0
1999-03-09,2034.0,2070.0,2021.0,2029.0,0
1999-03-10,2029.0,2043.0,2012.0,2039.0,0
1999-03-11,2039.0,2067.0,2020.0,2044.0,0
1999-03-12,2044.0,2044.0,1990.0,2009.0,0
1999-03-15,2009.0,2060.0,1999.0,2060.0,0
1999-03-16,2060.0,2083.0,2048.0,2073.0,0
1999-03-17,2073.0,2080.0,2057.0,2065.0,0
1999-03-18,2065.0,2103.0,2061.0,2103.0,0
1999-03-19,2103.0,2122.0,2053.0,2054.0,0
1999-03-22,2054.0,2065.0,2026.0,2027.0,0
1999-03-23,2027.0,2027.0,1960.0,1961.0,0
1999-03-24,1961.0,2014.0,1944.0,2014.0,0
1999-03-25,2014.0,2083.0,2014.0,2083.0,0
1999-03-26,2083.0,2096.0,2059.0,2067.0,0
1999-03-29,2067.0,2145.0,2067.0,2145.0,0
1999-03-30,2145.0,2159.0,2124.0,2126.0,0
1999-03-31,2126.0,2169.0,2104.0,2106.0,0
1999-04-01,2106.0,2148.0,2106.0,2146.0,0
1999-04-02,0.0,0.0,0.0,2146.0,0
1999-04-05,2146.0,2220.0,2146.0,2220.0,0
1999-04-06,2220.0,2244.0,2201.0,2219.0,0
1999-04-07,2219.0,2251.0,2159.0,2192.0,0
1999-04-08,2192.0,2225.0,2157.0,2225.0,0
1999-04-09,2225.0,2239.0,2208.0,2232.0,0
1999-04-12,2232.0,2232.0,2168.0,2219.0,0
1999-04-13,2219.0,2240.0,2173.0,2175.0,0
1999-04-14,2175.0,2215.0,2104.0,2104.0,0
1999-04-15,2104.0,2136.0,2054.0,2136.0,0
1999-04-16,2136.0,2145.0,2082.0,2086.0,0
1999-04-19,2086.0,2105.0,1963.0,1968.0,0
1999-04-20,1968.0,2030.0,1952.0,2030.0,0
1999-04-21,2032.0,2106.0,2022.0,2106.0,0
1999-04-22,2106.0,2185.0,2106.0,2183.0,0
1999-04-23,2183.0,2224.0,2151.0,2210.0,0
1999-04-26,2210.0,2277.0,2210.0,2261.0,0
1999-04-27,2263.0,2284.0,2197.0,2207.0,0
1999-04-28,2207.0,2217.0,2148.0,2150.0,0
1999-04-29,2150.0,2153.0,2095.0,2119.0,0
1999-04-30,2119.0,2172.0,2082.0,2136.0,0
1999-05-03,2136.0,2145.0,2097.0,2138.0,0
1999-05-04,2138.0,2171.0,2096.0,2098.0,0
1999-05-05,2098.0,2156.0,2048.0,2156.0,0
1999-05-06,2156.0,2164.0,2076.0,2079.0,0
1999-05-07,2079.0,2120.0,2065.0,2118.0,0
1999-05-10,2118.0,2152.0,2110.0,2135.0,0
1999-05-11,2135.0,2182.0,2135.0,2176.0,0
1999-05-12,2176.0,2224.0,2153.0,2218.0,0
1999-05-13,2218.0,2240.0,2178.0,2179.0,0
1999-05-14,2179.0,2179.0,2121.0,2125.0,0
1999-05-17,2125.0,2176.0,2100.0,2176.0,0
1999-05-18,2176.0,2181.0,2147.0,2159.0,0
1999-05-19,2159.0,2187.0,2120.0,2186.0,0
1999-05-20,2186.0,2193.0,2140.0,2140.0,0
1999-05-21,2140.0,2153.0,2105.0,2114.0,0
1999-05-24,2114.0,2123.0,2051.0,2061.0,0
1999-05-25,2061.0,2086.0,1998.0,1999.0,0
1999-05-26,1999.0,2053.0,1961.0,2053.0,0
1999-05-27,2053.0,2069.0,2021.0,2050.0,0
1999-05-28,2050.0,2090.0,2039.0,2090.0,0
1999-05-31,0.0,0.0,0.0,2090.0,0
1999-06-01,2090.0,2090.0,2026.0,2026.0,0
1999-06-02,2026.0,2077.0,1987.0,2075.0,0
1999-06-03,2075.0,2083.0,2029.0,2030.0,0
1999-06-04,2032.0,2109.0,2032.0,2109.0,0
1999-06-07,2109.0,2155.0,2109.0,2153.0,0
1999-06-08,2153.0,2159.0,2084.0,2087.0,0
1999-06-09,2089.0,2137.0,2089.0,2135.0,0
1999-06-10,2135.0,2135.0,2082.0,2098.0,0
1999-06-11,2098.0,2121.0,2057.0,2060.0,0
1999-06-14,2062.0,2074.0,2028.0,2029.0,0
1999-06-15,2029.0,2072.0,2020.0,2058.0,0
1999-06-16,2058.0,2168.0,2058.0,2167.0,0
1999-06-17,2159.0,2198.0,2140.0,2191.0,0
1999-06-18,2191.0,2206.0,2155.0,2205.0,0
1999-06-21,2205.0,2269.0,2205.0,2269.0,0
1999-06-22,2269.0,2280.0,2210.0,2210.0,0
1999-06-23,2210.0,2240.0,2177.0,2239.0,0
1999-06-24,2239.0,2239.0,2181.0,2185.0,0
1999-06-25,2185.0,2221.0,2174.0,2186.0,0
1999-06-28,2186.0,2244.0,2186.0,2244.0,0
1999-06-29,2244.0,2280.0,2193.0,2280.0,0
1999-06-30,2280.0,2320.0,2251.0,2297.0,0
1999-07-01,2297.0,2329.0,2272.0,2322.0,0
1999-07-02,2322.0,2348.0,2322.0,2348.0,0
1999-07-05,0.0,0.0,0.0,2348.0,0
1999-07-06,2348.0,2383.0,2325.0,2331.0,0
1999-07-07,2331.0,2347.0,2317.0,2341.0,0
1999-07-08,2341.0,2378.0,2329.0,2375.0,0
1999-07-09,2375.0,2393.0,2363.0,2393.0,0
1999-07-12,2393.0,2411.0,2370.0,2384.0,0
1999-07-13,2384.0,2384.0,2353.0,2374.0,0
1999-07-14,2374.0,2417.0,2361.0,2417.0,0
1999-07-15,2417.0,2430.0,2407.0,2429.0,0
1999-07-16,2429.0,2467.0,2429.0,2459.0,0
1999-07-19,2460.0,2468.0,2423.0,2425.0,0
1999-07-20,2425.0,2425.0,2328.0,2329.0,0
1999-07-21,2329.0,2368.0,2325.0,2364.0,0
1999-07-22,2364.0,2364.0,2281.0,2282.0,0
1999-07-23,2282.0,2314.0,2270.0,2302.0,0
1999-07-26,2302.0,2302.0,2233.0,2234.0,0
1999-07-27,2234.0,2313.0,2234.0,2309.0,0
1999-07-28,2308.0,2338.0,2283.0,2334.0,0
1999-07-29,2334.0,2334.0,2256.0,2263.0,0
1999-07-30,2263.0,2309.0,2263.0,2271.0,0
1999-08-02,2271.0,2308.0,2256.0,2265.0,0
1999-08-03,2265.0,2292.0,2211.0,2239.0,0
1999-08-04,2239.0,2259.0,2202.0,2204.0,0
1999-08-05,2204.0,2232.0,2148.0,2232.0,0
1999-08-06,2232.0,2260.0,2202.0,2212.0,0
1999-08-09,2212.0,2227.0,2184.0,2188.0,0
1999-08-10,2188.0,2193.0,2120.0,2164.0,0
1999-08-11,2165.0,2242.0,2165.0,2242.0,0
1999-08-12,2242.0,2261.0,2213.0,2214.0,0
1999-08-13,2216.0,2307.0,2216.0,2307.0,0
1999-08-16,2307.0,2333.0,2294.0,2313.0,0
1999-08-17,2313.0,2347.0,2295.0,2337.0,0
1999-08-18,2337.0,2351.0,2317.0,2317.0,0
1999-08-19,2317.0,2317.0,2271.0,2286.0,0
1999-08-20,2279.0,2314.0,2276.0,2314.0,0
1999-08-23,2315.0,2386.0,2315.0,2386.0,0
1999-08-24,2386.0,2432.0,2371.0,2419.0,0
1999-08-25,2405.0,2466.0,2400.0,2461.0,0
1999-08-26,2461.0,2467.0,2416.0,2417.0,0
1999-08-27,2417.0,2439.0,2396.0,2403.0,0
1999-08-30,2403.0,2416.0,2359.0,2367.0,0
1999-08-31,2367.0,2401.0,2327.0,2397.0,0
1999-09-01,2397.0,2433.0,2390.0,2405.0,0
1999-09-02,2405.0,2407.0,2356.0,2393.0,0
1999-09-03,2394.0,2507.0,2394.0,2507.0,0
1999-09-06,0.0,0.0,0.0,2507.0,0
1999-09-07,2507.0,2525.0,2492.0,2492.0,0
1999-09-08,2492.0,2505.0,2454.0,2455.0,0
1999-09-09,2455.0,2506.0,2453.0,2506.0,0
1999-09-10,2506.0,2549.0,2503.0,2535.0,0
1999-09-13,2533.0,2533.0,2483.0,2483.0,0
1999-09-14,2483.0,2525.0,2482.0,2522.0,0
1999-09-15,2519.0,2539.0,2462.0,2463.0,0
1999-09-16,2460.0,2479.0,2413.0,2467.0,0
1999-09-17,2469.0,2537.0,2469.0,2537.0,0
1999-09-20,2541.0,2552.0,2523.0,2545.0,0
1999-09-21,2537.0,2537.0,2473.0,2474.0,0
1999-09-22,2475.0,2516.0,2456.0,2514.0,0
1999-09-23,2525.0,2540.0,2392.0,2403.0,0
1999-09-24,2399.0,2411.0,2345.0,2400.0,0
1999-09-27,2401.0,2454.0,2401.0,2427.0,0
1999-09-28,2426.0,2438.0,2359.0,2428.0,0
1999-09-29,2428.0,2449.0,2398.0,2399.0,0
1999-09-30,2401.0,2433.0,2379.0,2408.0,0
1999-10-01,2408.0,2408.0,2358.0,2404.0,0
1999-10-04,2406.0,2468.0,2406.0,2468.0,0
1999-10-05,2468.0,2508.0,2436.0,2472.0,0
1999-10-06,2479.0,2532.0,2479.0,2532.0,0
1999-10-07,2536.0,2558.0,2512.0,2532.0,0
1999-10-08,2534.0,2555.0,2484.0,2555.0,0
1999-10-11,2557.0,2585.0,2555.0,2579.0,0
1999-10-12,2586.0,2586.0,2508.0,2527.0,0
1999-10-13,2516.0,2527.0,2445.0,2454.0,0
1999-10-14,2463.0,2484.0,2426.0,2471.0,0
1999-10-15,2467.0,2468.0,2382.0,2404.0,0
1999-10-18,2401.0,2405.0,2300.0,2362.0,0
1999-10-19,2370.0,2402.0,2346.0,2362.0,0
1999-10-20,2385.0,2466.0,2385.0,2466.0,0
1999-10-21,2450.0,2482.0,2397.0,2477.0,0
1999-10-22,2480.0,2524.0,2472.0,2486.0,0
1999-10-25,2488.0,2508.0,2463.0,2484.0,0
1999-10-26,2485.0,2523.0,2466.0,2466.0,0
1999-10-27,2466.0,2468.0,2423.0,2457.0,0
1999-10-28,2472.0,2540.0,2472.0,2540.0,0
1999-10-29,2540.0,2651.0,2540.0,2637.0,0
1999-11-01,2637.0,2661.0,2616.0,2616.0,0
1999-11-02,2617.0,2663.0,2612.0,2627.0,0
1999-11-03,2631.0,2687.0,2631.0,2673.0,0
1999-11-04,2683.0,2716.0,2677.0,2703.0,0
1999-11-05,2705.0,2766.0,2705.0,2756.0,0
1999-11-08,2733.0,2792.0,2725.0,2786.0,0
1999-11-09,2792.0,2814.0,2741.0,2764.0,0
1999-11-10,2771.0,2825.0,2758.0,2798.0,0
1999-11-11,2798.0,2852.0,2798.0,2850.0,0
1999-11-12,2851.0,2890.0,2776.0,2889.0,0
1999-11-15,2892.0,2901.0,2869.0,2876.0,0
1999-11-16,2876.0,2941.0,2876.0,2940.0,0
1999-11-17,2953.0,2968.0,2908.0,2912.0,0
1999-11-18,2914.0,3003.0,2914.0,3003.0,0
1999-11-19,3001.0,3035.0,2984.0,3029.0,0
1999-11-22,3029.0,3057.0,3011.0,3050.0,0
1999-11-23,3049.0,3066.0,2976.0,3000.0,0
1999-11-24,3003.0,3109.0,2982.0,3109.0,0
1999-11-25,0.0,0.0,0.0,3109.0,0
1999-11-26,3109.0,3152.0,3108.0,3117.0,0
1999-11-29,3115.0,3127.0,3063.0,3063.0,0
1999-11-30,3062.0,3067.0,2964.0,2967.0,0
1999-12-01,2970.0,3019.0,2957.0,2997.0,0
1999-12-02,3003.0,3108.0,3003.0,3108.0,0
1999-12-03,3120.0,3210.0,3120.0,3172.0,0
1999-12-06,3172.0,3224.0,3153.0,3191.0,0
1999-12-07,3191.0,3212.0,3159.0,3205.0,0
1999-12-08,3198.0,3224.0,3159.0,3164.0,0
1999-12-09,3185.0,3219.0,3094.0,3168.0,0
1999-12-10,3172.0,3209.0,3130.0,3203.0,0
1999-12-13,3198.0,3253.0,3173.0,3242.0,0
1999-12-14,3244.0,3252.0,3167.0,3167.0,0
1999-12-15,3166.0,3240.0,3121.0,3239.0,0
1999-12-16,3254.0,3333.0,3254.0,3332.0,0
1999-12-17,3363.0,3434.0,3342.0,3360.0,0
1999-12-20,3362.0,3406.0,3352.0,3390.0,0
1999-12-21,3397.0,3529.0,3393.0,3529.0,0
1999-12-22,3537.0,3568.0,3501.0,3562.0,0
1999-12-23,3566.0,3626.0,3566.0,3590.0,0
1999-12-24,0.0,0.0,0.0,3590.0,0
1999-12-27,3588.0,3620.0,3522.0,3599.0,0
1999-12-28,3601.0,3623.0,3551.0,3580.0,0
1999-12-29,3583.0,3690.0,3583.0,3690.0,0
1999-12-30,3693.0,3750.0,3681.0,3684.0,0
1999-12-31,3700.0,3732.0,3690.0,3708.0,0
2000-01-03,3756.0,3837.0,3732.0,3791.0,0
2000-01-04,3767.0,3767.0,3543.0,3546.0,0
2000-01-05,3543.0,3565.0,3372.0,3529.0,0
2000-01-06,3488.0,3514.0,3334.0,3341.0,0
2000-01-07,3337.0,3530.0,3315.0,3530.0,0
2000-01-10,3558.0,3726.0,3558.0,3717.0,0
2000-01-11,3715.0,3717.0,3520.0,3548.0,0
2000-01-12,3549.0,3573.0,3448.0,3478.0,0
2000-01-13,3496.0,3612.0,3494.0,3612.0,0
2000-01-14,3653.0,3745.0,3653.0,3705.0,0
2000-01-17,0.0,0.0,0.0,3705.0,0
2000-01-18,3705.0,3780.0,3666.0,3758.0,0
2000-01-19,3741.0,3804.0,3712.0,3791.0,0
2000-01-20,3799.0,3877.0,3782.0,3842.0,0
2000-01-21,3842.0,3892.0,3807.0,3850.0,0
2000-01-24,3888.0,3905.0,3661.0,3661.0,0
2000-01-25,3667.0,3759.0,3591.0,3759.0,0
2000-01-26,3763.0,3763.0,3621.0,3621.0,0
2000-01-27,3629.0,3701.0,3512.0,3593.0,0
2000-01-28,3596.0,3618.0,3408.0,3446.0,0
2000-01-31,3438.0,3571.0,3349.0,3570.0,0
2000-02-01,3580.0,3704.0,3545.0,3702.0,0
2000-02-02,3700.0,3785.0,3694.0,3724.0,0
2000-02-03,3726.0,3857.0,3704.0,3851.0,0
2000-02-04,3859.0,3930.0,3857.0,3874.0,0
2000-02-07,3873.0,3934.0,3859.0,3933.0,0
2000-02-08,3932.0,4064.0,3932.0,4063.0,0
2000-02-09,4062.0,4088.0,3966.0,3968.0,0
2000-02-10,3975.0,4090.0,3957.0,4090.0,0
2000-02-11,4090.0,4090.0,3934.0,3969.0,0
2000-02-14,3970.0,4006.0,3919.0,3986.0,0
2000-02-15,3984.0,4024.0,3848.0,3997.0,0
2000-02-16,3997.0,4064.0,3983.0,3998.0,0
2000-02-17,4012.0,4127.0,3994.0,4125.0,0
2000-02-18,4131.0,4136.0,3960.0,3966.0,0
2000-02-21,0.0,0.0,0.0,3966.0,0
2000-02-22,3971.0,4001.0,3856.0,3969.0,0
2000-02-23,3966.0,4198.0,3966.0,4170.0,0
2000-02-24,4170.0,4254.0,4099.0,4253.0,0
2000-02-25,4255.0,4297.0,4169.0,4179.0,0
2000-02-28,4179.0,4225.0,4024.0,4162.0,0
2000-02-29,4175.0,4270.0,4175.0,4267.0,0
2000-03-01,4276.0,4346.0,4270.0,4309.0,0
2000-03-02,4312.0,4338.0,4198.0,4234.0,0
2000-03-03,4258.0,4443.0,4258.0,4443.0,0
2000-03-06,4448.0,4529.0,4437.0,4457.0,0
2000-03-07,4489.0,4561.0,4356.0,4391.0,0
2000-03-08,4410.0,4470.0,4267.0,4446.0,0
2000-03-09,4446.0,4588.0,4380.0,4586.0,0
2000-03-10,4586.0,4660.0,4549.0,4587.0,0
2000-03-13,4585.0,4585.0,4388.0,4427.0,0
2000-03-14,4449.0,4538.0,4227.0,4227.0,0
2000-03-15,4251.0,4342.0,4094.0,4130.0,0
2000-03-16,4141.0,4354.0,4050.0,4353.0,0
2000-03-17,4349.0,4441.0,4327.0,4440.0,0
2000-03-20,4443.0,4460.0,4261.0,4261.0,0
2000-03-21,4260.0,4450.0,4155.0,4449.0,0
2000-03-22,4449.0,4639.0,4449.0,4597.0,0
2000-03-23,4594.0,4704.0,4547.0,4661.0,0
2000-03-24,4660.0,4816.0,4609.0,4692.0,0
2000-03-27,4688.0,4781.0,4688.0,4705.0,0
2000-03-28,4706.0,4714.0,4582.0,4583.0,0
2000-03-29,4584.0,4615.0,4409.0,4414.0,0
2000-03-30,4376.0,4491.0,4151.0,4250.0,0
2000-03-31,4269.0,4424.0,4171.0,4398.0,0
2000-04-03,4356.0,4356.0,4041.0,4077.0,0
2000-04-04,4090.0,4147.0,3525.0,4034.0,0
2000-04-05,4028.0,4156.0,3884.0,4030.0,0
2000-04-06,4036.0,4161.0,4005.0,4087.0,0
2000-04-07,4111.0,4293.0,4111.0,4292.0,0
2000-04-10,4294.0,4309.0,3998.0,3998.0,0
2000-04-11,3987.0,4050.0,3829.0,3909.0,0
2000-04-12,3909.0,3944.0,3632.0,3634.0,0
2000-04-13,3646.0,3832.0,3553.0,3554.0,0
2000-04-14,3536.0,3536.0,3138.0,3208.0,0
2000-04-17,3195.0,3531.0,3107.0,3529.0,0
2000-04-18,3531.0,3718.0,3512.0,3716.0,0
2000-04-19,3720.0,3753.0,3579.0,3583.0,0
2000-04-20,3587.0,3632.0,3453.0,3505.0,0
2000-04-21,0.0,0.0,0.0,3505.0,0
2000-04-24,3448.0,3448.0,3201.0,3354.0,0
2000-04-25,3371.0,3622.0,3371.0,3622.0,0
2000-04-26,3623.0,3690.0,3505.0,3506.0,0
2000-04-27,3504.0,3693.0,3391.0,3693.0,0
2000-04-28,3696.0,3791.0,3696.0,3773.0,0
2000-05-01,3789.0,3872.0,3777.0,3830.0,0
2000-05-02,3768.0,3824.0,3627.0,3627.0,0
2000-05-03,3627.0,3627.0,3435.0,3562.0,0
2000-05-04,3562.0,3627.0,3518.0,3571.0,0
2000-05-05,3571.0,3692.0,3534.0,3688.0,0
2000-05-08,3688.0,3688.0,3521.0,3522.0,0
2000-05-09,3525.0,3568.0,3402.0,3445.0,0
2000-05-10,3437.0,3437.0,3235.0,3245.0,0
2000-05-11,3312.0,3382.0,3238.0,3382.0,0
2000-05-12,3382.0,3505.0,3382.0,3406.0,0
2000-05-15,3405.0,3512.0,3314.0,3512.0,0
2000-05-16,3521.0,3654.0,3521.0,3647.0,0
2000-05-17,3635.0,3635.0,3528.0,3551.0,0
2000-05-18,3548.0,3576.0,3426.0,3426.0,0
2000-05-19,3425.0,3425.0,3259.0,3261.0,0
2000-05-22,3261.0,3270.0,3029.0,3265.0,0
2000-05-23,3263.0,3298.0,3023.0,3023.0,0
2000-05-24,3023.0,3186.0,2897.0,3180.0,0
2000-05-25,3182.0,3291.0,3078.0,3099.0,0
2000-05-26,3101.0,3171.0,3034.0,3101.0,0
2000-05-29,0.0,0.0,0.0,3101.0,0
2000-05-30,3101.0,3416.0,3101.0,3414.0,0
2000-05-31,3414.0,3458.0,3347.0,3347.0,0
2000-06-01,3332.0,3527.0,3332.0,3519.0,0
2000-06-02,3519.0,3760.0,3519.0,3756.0,0
2000-06-05,3742.0,3817.0,3689.0,3730.0,0
2000-06-06,3730.0,3801.0,3638.0,3646.0,0
2000-06-07,3644.0,3736.0,3600.0,3736.0,0
2000-06-08,3738.0,3791.0,3671.0,3707.0,0
2000-06-09,3707.0,3785.0,3707.0,3760.0,0
2000-06-12,3761.0,3780.0,3638.0,3638.0,0
2000-06-13,3639.0,3767.0,3583.0,3766.0,0
2000-06-14,3768.0,3794.0,3671.0,3677.0,0
2000-06-15,3681.0,3756.0,3639.0,3752.0,0
2000-06-16,3758.0,3818.0,3733.0,3787.0,0
2000-06-19,3787.0,3935.0,3731.0,3934.0,0
2000-06-20,3934.0,3990.0,3898.0,3934.0,0
2000-06-21,3929.0,3981.0,3868.0,3970.0,0
2000-06-22,3969.0,3969.0,3804.0,3804.0,0
2000-06-23,3809.0,3822.0,3669.0,3685.0,0
2000-06-26,3685.0,3841.0,3685.0,3771.0,0
2000-06-27,3771.0,3805.0,3699.0,3699.0,0
2000-06-28,3701.0,3818.0,3701.0,3771.0,0
2000-06-29,3765.0,3765.0,3634.0,3666.0,0
2000-06-30,3666.0,3765.0,3666.0,3764.0,0
2000-07-03,3764.0,3812.0,3745.0,3805.0,0
2000-07-04,0.0,0.0,0.0,3805.0,0
2000-07-05,3805.0,3805.0,3646.0,3650.0,0
2000-07-06,3648.0,3794.0,3610.0,3793.0,0
2000-07-07,3793.0,3885.0,3782.0,3841.0,0
2000-07-10,3842.0,3842.0,3768.0,3772.0,0
2000-07-11,3773.0,3835.0,3720.0,3745.0,0
2000-07-12,3810.0,3909.0,3793.0,3901.0,0
2000-07-13,3901.0,3992.0,3900.0,3957.0,0
2000-07-14,0.0,0.0,0.0,3957.0,0
2000-07-17,4041.0,4089.0,4008.0,4062.0,0
2000-07-18,4060.0,4060.0,3950.0,3961.0,0
2000-07-19,3961.0,3961.0,3835.0,3844.0,0
2000-07-20,3844.0,3999.0,3844.0,3995.0,0
2000-07-21,3993.0,3993.0,3892.0,3909.0,0
2000-07-24,3909.0,3967.0,3787.0,3791.0,0
2000-07-25,3791.0,3872.0,3762.0,3865.0,0
2000-07-26,3865.0,3865.0,3742.0,3818.0,0
2000-07-27,3816.0,3816.0,3681.0,3682.0,0
2000-07-28,3690.0,3717.0,3453.0,3477.0,0
2000-07-31,3478.0,3611.0,3438.0,3609.0,0
2000-08-01,3609.0,3609.0,3519.0,3521.0,0
2000-08-02,3521.0,3617.0,3486.0,3490.0,0
2000-08-03,3490.0,3626.0,3342.0,3624.0,0
2000-08-04,3624.0,3716.0,3577.0,3619.0,0
2000-08-07,3619.0,3727.0,3619.0,3710.0,0
2000-08-08,3709.0,3742.0,3672.0,3686.0,0
2000-08-09,3709.0,3780.0,3692.0,3693.0,0
2000-08-10,3688.0,3691.0,3595.0,3595.0,0
2000-08-11,3595.0,3646.0,3522.0,3645.0,0
2000-08-14,3645.0,3721.0,3617.0,3720.0,0
2000-08-15,3719.0,3762.0,3691.0,3723.0,0
2000-08-16,3723.0,3791.0,3705.0,3709.0,0
2000-08-17,3723.0,3791.0,3705.0,3709.0,0
2000-08-18,3831.0,3869.0,3800.0,3808.0,0
2000-08-21,3810.0,3879.0,3785.0,3828.0,0
2000-08-22,3832.0,3898.0,3827.0,3828.0,0
2000-08-23,3818.0,3900.0,3760.0,3897.0,0
2000-08-24,3897.0,3955.0,3885.0,3950.0,0
2000-08-25,3946.0,3987.0,3916.0,3931.0,0
2000-08-28,3933.0,3988.0,3929.0,3954.0,0
2000-08-29,3956.0,3971.0,3923.0,3952.0,0
2000-08-30,3952.0,3984.0,3921.0,3969.0,0
2000-08-31,3971.0,4080.0,3971.0,4078.0,0
2000-09-01,4084.0,4147.0,4057.0,4099.0,0
2000-09-04,0.0,0.0,0.0,4099.0,0
2000-09-05,4086.0,4086.0,3986.0,3987.0,0
2000-09-06,3978.0,3984.0,3837.0,3838.0,0
2000-09-07,3848.0,3964.0,3848.0,3953.0,0
2000-09-08,3949.0,3949.0,3812.0,3813.0,0
2000-09-11,3813.0,3852.0,3690.0,3707.0,0
2000-09-12,3707.0,3792.0,3645.0,3667.0,0
2000-09-13,3667.0,3752.0,3611.0,3742.0,0
2000-09-14,3742.0,3835.0,3716.0,3737.0,0
2000-09-15,3732.0,3749.0,3641.0,3676.0,0
2000-09-18,3676.0,3724.0,3549.0,3586.0,0
2000-09-19,3588.0,3757.0,3588.0,3756.0,0
2000-09-20,3756.0,3810.0,3660.0,3790.0,0
2000-09-21,3790.0,3790.0,3692.0,3718.0,0
2000-09-22,3718.0,3718.0,3505.0,3701.0,0
2000-09-25,3753.0,3775.0,3611.0,3622.0,0
2000-09-26,3644.0,3697.0,3567.0,3583.0,0
2000-09-27,3631.0,3649.0,3534.0,3572.0,0
2000-09-28,3557.0,3726.0,3556.0,3725.0,0
2000-09-29,3685.0,3690.0,3558.0,3571.0,0
2000-10-02,3614.0,3614.0,3448.0,3458.0,0
2000-10-03,3528.0,3545.0,3352.0,3353.0,0
2000-10-04,3338.0,3477.0,3292.0,3453.0,0
2000-10-05,3421.0,3492.0,3392.0,3424.0,0
2000-10-06,3433.0,3468.0,3263.0,3312.0,0
2000-10-09,3307.0,3360.0,3185.0,3319.0,0
2000-10-10,3272.0,3337.0,3175.0,3188.0,0
2000-10-11,3078.0,3221.0,3047.0,3101.0,0
2000-10-12,3176.0,3184.0,3000.0,3004.0,0
2000-10-13,2991.0,3279.0,2991.0,3278.0,0
2000-10-16,3266.0,3297.0,3203.0,3249.0,0
2000-10-17,3314.0,3326.0,3128.0,3172.0,0
2000-10-18,3046.0,3246.0,2982.0,3139.0,0
2000-10-19,3317.0,3404.0,3271.0,3403.0,0
2000-10-20,3380.0,3515.0,3379.0,3457.0,0
2000-10-23,3451.0,3498.0,3378.0,3422.0,0
2000-10-24,3455.0,3481.0,3326.0,3353.0,0
2000-10-25,3246.0,3283.0,3087.0,3108.0,0
2000-10-26,3127.0,3186.0,2956.0,3167.0,0
2000-10-27,3233.0,3275.0,3109.0,3175.0,0
2000-10-30,3129.0,3195.0,3038.0,3081.0,0
2000-10-31,3120.0,3305.0,3120.0,3282.0,0
2000-11-01,3214.0,3311.0,3177.0,3225.0,0
2000-11-02,3292.0,3326.0,3259.0,3308.0,0
2000-11-03,3329.0,3360.0,3275.0,3322.0,0
2000-11-06,3346.0,3369.0,3286.0,3290.0,0
2000-11-07,3263.0,3304.0,3217.0,3280.0,0
2000-11-08,3296.0,3296.0,3059.0,3059.0,0
2000-11-09,2993.0,3082.0,2923.0,3057.0,0
2000-11-10,2974.0,3012.0,2890.0,2890.0,0
2000-11-13,2799.0,2970.0,2742.0,2837.0,0
2000-11-14,2953.0,3044.0,2927.0,3040.0,0
2000-11-15,3028.0,3128.0,3002.0,3077.0,0
2000-11-16,3017.0,3082.0,2925.0,2925.0,0
2000-11-17,2935.0,3001.0,2850.0,2935.0,0
2000-11-20,2838.0,2885.0,2780.0,2792.0,0
2000-11-21,2807.0,2845.0,2746.0,2787.0,0
2000-11-22,2738.0,2806.0,2667.0,2668.0,0
2000-11-23,0.0,0.0,0.0,2668.0,0
2000-11-24,2745.0,2831.0,2740.0,2830.0,0
2000-11-27,2911.0,2914.0,2760.0,2769.0,0
2000-11-28,2764.0,2795.0,2620.0,2621.0,0
2000-11-29,2635.0,2671.0,2520.0,2603.0,0
2000-11-30,2471.0,2573.0,2426.0,2507.0,0
2000-12-01,2567.0,2674.0,2499.0,2550.0,0
2000-12-04,2573.0,2615.0,2476.0,2554.0,0
2000-12-05,2649.0,2853.0,2634.0,2853.0,0
2000-12-06,2834.0,2892.0,2722.0,2744.0,0
2000-12-07,2689.0,2762.0,2649.0,2720.0,0
2000-12-08,2840.0,2915.0,2803.0,2895.0,0
2000-12-11,2900.0,2991.0,2849.0,2973.0,0
2000-12-12,2942.0,2958.0,2862.0,2863.0,0
2000-12-13,2940.0,2941.0,2741.0,2749.0,0
2000-12-14,2744.0,2789.0,2638.0,2639.0,0
2000-12-15,2591.0,2625.0,2511.0,2549.0,0
2000-12-18,2604.0,2639.0,2511.0,2543.0,0
2000-12-19,2539.0,2635.0,2398.0,2400.0,0
2000-12-20,2288.0,2338.0,2199.0,2210.0,0
2000-12-21,2192.0,2347.0,2175.0,2225.0,0
2000-12-22,2303.0,2437.0,2303.0,2436.0,0
2000-12-25,0.0,0.0,0.0,2436.0,0
2000-12-26,0.0,0.0,0.0,2436.0,0
2000-12-27,2383.0,2469.0,2363.0,2460.0,0
2000-12-28,2436.0,2506.0,2420.0,2465.0,0
2000-12-29,2465.0,2491.0,2329.0,2342.0,0
2001-01-01,0.0,0.0,0.0,2342.0,0
2001-01-02,2341.0,2348.0,2105.0,2129.0,0
2001-01-03,2087.0,2531.0,2087.0,2528.0,0
2001-01-04,2486.0,2547.0,2432.0,2460.0,0
2001-01-05,2461.0,2463.0,2252.0,2268.0,0
2001-01-08,2245.0,2283.0,2151.0,2282.0,0
2001-01-09,2313.0,2364.0,2274.0,2311.0,0
2001-01-10,2254.0,2417.0,2237.0,2414.0,0
2001-01-11,2377.0,2550.0,2377.0,2524.0,0
2001-01-12,2522.0,2592.0,2471.0,2506.0,0
2001-01-15,0.0,0.0,0.0,2506.0,0
2001-01-16,2503.0,2510.0,2433.0,2471.0,0
2001-01-17,2587.0,2629.0,2539.0,2559.0,0
2001-01-18,2575.0,2672.0,2533.0,2670.0,0
2001-01-19,2740.0,2741.0,2634.0,2656.0,0
2001-01-22,2640.0,2683.0,2599.0,2643.0,0
2001-01-23,2642.0,2739.0,2619.0,2730.0,0
2001-01-24,2733.0,2772.0,2693.0,2726.0,0
2001-01-25,2687.0,2710.0,2595.0,2596.0,0
2001-01-26,2538.0,2635.0,2527.0,2632.0,0
2001-01-29,2602.0,2697.0,2579.0,2695.0,0
2001-01-30,2701.0,2716.0,2662.0,2686.0,0
2001-01-31,2695.0,2719.0,2592.0,2593.0,0
2001-02-01,2586.0,2627.0,2555.0,2607.0,0
2001-02-02,2606.0,2616.0,2472.0,2472.0,0
2001-02-05,2448.0,2484.0,2409.0,2467.0,0
2001-02-06,2464.0,2531.0,2457.0,2473.0,0
2001-02-07,2422.0,2447.0,2350.0,2410.0,0
2001-02-08,2436.0,2464.0,2355.0,2356.0,0
2001-02-09,2333.0,2342.0,2248.0,2262.0,0
2001-02-12,2247.0,2320.0,2229.0,2287.0,0
2001-02-13,2315.0,2368.0,2208.0,2208.0,0
2001-02-14,2224.0,2307.0,2173.0,2306.0,0
2001-02-15,2361.0,2424.0,2356.0,2371.0,0
2001-02-16,2229.0,2266.0,2187.0,2213.0,0
2001-02-19,0.0,0.0,0.0,2213.0,0
2001-02-20,2230.0,2236.0,2095.0,2095.0,0
2001-02-21,2056.0,2164.0,2045.0,2059.0,0
2001-02-22,2059.0,2089.0,1959.0,2032.0,0
2001-02-23,1998.0,2061.0,1935.0,2056.0,0
2001-02-26,2088.0,2104.0,2020.0,2098.0,0
2001-02-27,2067.0,2082.0,1964.0,1965.0,0
2001-02-28,1983.0,2010.0,1880.0,1908.0,0
2001-03-01,1880.0,1968.0,1838.0,1968.0,0
2001-03-02,1886.0,1988.0,1866.0,1881.0,0
2001-03-05,1909.0,1936.0,1892.0,1917.0,0
2001-03-06,1983.0,2029.0,1974.0,1976.0,0
2001-03-07,2019.0,2019.0,1966.0,1996.0,0
2001-03-08,1982.0,1994.0,1933.0,1938.0,0
2001-03-09,1893.0,1893.0,1803.0,1813.0,0
2001-03-12,1758.0,1762.0,1680.0,1681.0,0
2001-03-13,1712.0,1790.0,1691.0,1790.0,0
2001-03-14,1711.0,1809.0,1701.0,1745.0,0
2001-03-15,1810.0,1814.0,1698.0,1698.0,0
2001-03-16,1657.0,1694.0,1628.0,1648.0,0
2001-03-19,1660.0,1733.0,1632.0,1730.0,0
2001-03-20,1743.0,1749.0,1614.0,1614.0,0
2001-03-21,1624.0,1674.0,1594.0,1605.0,0
2001-03-22,1625.0,1703.0,1582.0,1702.0,0
2001-03-23,1744.0,1755.0,1667.0,1705.0,0
2001-03-26,1736.0,1737.0,1668.0,1677.0,0
2001-03-27,1681.0,1751.0,1665.0,1736.0,0
2001-03-28,1678.0,1688.0,1600.0,1602.0,0
2001-03-29,1579.0,1627.0,1543.0,1563.0,0
2001-03-30,1574.0,1601.0,1530.0,1573.0,0
2001-04-02,1570.0,1594.0,1499.0,1517.0,0
2001-04-03,1488.0,1493.0,1390.0,1399.0,0
2001-04-04,1392.0,1435.0,1349.0,1371.0,0
2001-04-05,1452.0,1522.0,1434.0,1519.0,0
2001-04-06,1484.0,1485.0,1426.0,1448.0,0
2001-04-09,1473.0,1496.0,1438.0,1481.0,0
2001-04-10,1516.0,1621.0,1516.0,1598.0,0
2001-04-11,1695.0,1704.0,1625.0,1647.0,0
2001-04-12,1618.0,1715.0,1606.0,1714.0,0
2001-04-13,0.0,0.0,0.0,1714.0,0
2001-04-16,1682.0,1700.0,1630.0,1650.0,0
2001-04-17,1606.0,1694.0,1604.0,1672.0,0
2001-04-18,1760.0,1893.0,1739.0,1831.0,0
2001-04-19,1854.0,1954.0,1830.0,1953.0,0
2001-04-20,1934.0,1982.0,1901.0,1934.0,0
2001-04-23,1882.0,1882.0,1803.0,1812.0,0
2001-04-24,1809.0,1860.0,1756.0,1762.0,0
2001-04-25,1758.0,1825.0,1743.0,1814.0,0
2001-04-26,1839.0,1845.0,1762.0,1763.0,0
2001-04-27,1809.0,1822.0,1777.0,1810.0,0
2001-04-30,1856.0,1907.0,1826.0,1855.0,0
2001-05-01,1855.0,1919.0,1823.0,1919.0,0
2001-05-02,1958.0,1980.0,1917.0,1962.0,0
2001-05-03,1914.0,1920.0,1854.0,1878.0,0
2001-05-04,1821.0,1930.0,1811.0,1924.0,0
2001-05-07,1925.0,1948.0,1890.0,1895.0,0
2001-05-08,1939.0,1940.0,1887.0,1929.0,0
2001-05-09,1885.0,1922.0,1862.0,1877.0,0
2001-05-10,1926.0,1927.0,1838.0,1838.0,0
2001-05-11,1843.0,1862.0,1811.0,1821.0,0
2001-05-14,1819.0,1821.0,1769.0,1795.0,0
2001-05-15,1801.0,1853.0,1791.0,1797.0,0
2001-05-16,1779.0,1904.0,1769.0,1899.0,0
2001-05-17,1901.0,1956.0,1899.0,1925.0,0
2001-05-18,1911.0,1941.0,1898.0,1928.0,0
2001-05-21,1931.0,2053.0,1927.0,2053.0,0
2001-05-22,2063.0,2071.0,2023.0,2043.0,0
2001-05-23,2022.0,2074.0,1957.0,1958.0,0
2001-05-24,1965.0,2004.0,1938.0,2003.0,0
2001-05-25,2000.0,2004.0,1953.0,1961.0,0
2001-05-28,0.0,0.0,0.0,1961.0,0
2001-05-29,1947.0,1947.0,1865.0,1874.0,0
2001-05-30,1824.0,1837.0,1769.0,1779.0,0
2001-05-31,1785.0,1838.0,1785.0,1800.0,0
2001-06-01,1826.0,1852.0,1785.0,1841.0,0
2001-06-04,1861.0,1870.0,1819.0,1839.0,0
2001-06-05,1854.0,1938.0,1853.0,1924.0,0
2001-06-06,1931.0,1946.0,1891.0,1904.0,0
2001-06-07,1893.0,1964.0,1891.0,1963.0,0
2001-06-08,1960.0,1960.0,1886.0,1896.0,0
2001-06-11,1885.0,1885.0,1826.0,1847.0,0
2001-06-12,1800.0,1871.0,1776.0,1852.0,0
2001-06-13,1860.0,1875.0,1790.0,1790.0,0
2001-06-14,1766.0,1776.0,1711.0,1711.0,0
2001-06-15,1679.0,1726.0,1658.0,1702.0,0
2001-06-18,1712.0,1729.0,1663.0,1666.0,0
2001-06-19,1736.0,1746.0,1657.0,1676.0,0
2001-06-20,1655.0,1723.0,1655.0,1722.0,0
2001-06-21,1714.0,1774.0,1698.0,1751.0,0
2001-06-22,1756.0,1773.0,1718.0,1727.0,0
2001-06-25,1753.0,1756.0,1713.0,1744.0,0
2001-06-26,1709.0,1758.0,1706.0,1752.0,0
2001-06-27,1755.0,1770.0,1727.0,1756.0,0
2001-06-28,1782.0,1847.0,1782.0,1809.0,0
2001-06-29,1812.0,1865.0,1795.0,1830.0,0
2001-07-02,1831.0,1864.0,1815.0,1827.0,0
2001-07-03,1818.0,1832.0,1798.0,1822.0,0
2001-07-04,0.0,0.0,0.0,1822.0,0
2001-07-05,1802.0,1812.0,1751.0,1751.0,0
2001-07-06,1728.0,1728.0,1667.0,1669.0,0
2001-07-09,1681.0,1712.0,1669.0,1697.0,0
2001-07-10,1719.0,1719.0,1625.0,1625.0,0
2001-07-11,1618.0,1647.0,1600.0,1642.0,0
2001-07-12,1708.0,1757.0,1700.0,1750.0,0
2001-07-13,1738.0,1783.0,1723.0,1751.0,0
2001-07-16,1743.0,1759.0,1683.0,1686.0,0
2001-07-17,1675.0,1730.0,1667.0,1730.0,0
2001-07-18,1692.0,1716.0,1652.0,1667.0,0
2001-07-19,1701.0,1739.0,1675.0,1696.0,0
2001-07-20,1662.0,1690.0,1660.0,1676.0,0
2001-07-23,1695.0,1699.0,1630.0,1630.0,0
2001-07-24,1619.0,1640.0,1581.0,1605.0,0
2001-07-25,1609.0,1633.0,1582.0,1628.0,0
2001-07-26,1624.0,1679.0,1605.0,1673.0,0
2001-07-27,1673.0,1695.0,1661.0,1683.0,0
2001-07-30,1689.0,1696.0,1663.0,1670.0,0
2001-07-31,1679.0,1715.0,1666.0,1684.0,0
2001-08-01,1714.0,1744.0,1704.0,1730.0,0
2001-08-02,1759.0,1767.0,1719.0,1751.0,0
2001-08-03,1744.0,1744.0,1709.0,1726.0,0
2001-08-06,1706.0,1719.0,1700.0,1703.0,0
2001-08-07,1695.0,1717.0,1684.0,1696.0,0
2001-08-08,1682.0,1711.0,1619.0,1626.0,0
2001-08-09,1622.0,1640.0,1604.0,1629.0,0
2001-08-10,1622.0,1635.0,1576.0,1617.0,0
2001-08-13,1627.0,1658.0,1615.0,1653.0,0
2001-08-14,1665.0,1672.0,1628.0,1630.0,0
2001-08-15,1630.0,1642.0,1572.0,1572.0,0
2001-08-16,1548.0,1582.0,1527.0,1582.0,0
2001-08-17,1542.0,1556.0,1514.0,1517.0,0
2001-08-20,0.0,0.0,0.0,1517.0,0
2001-08-21,1539.0,1550.0,1480.0,1481.0,0
2001-08-22,1505.0,1518.0,1468.0,1515.0,0
2001-08-23,1513.0,1543.0,1497.0,1497.0,0
2001-08-24,1521.0,1580.0,1515.0,1580.0,0
2001-08-27,1576.0,1602.0,1560.0,1578.0,0
2001-08-28,1580.0,1582.0,1526.0,1526.0,0
2001-08-29,1538.0,1542.0,1491.0,1500.0,0
2001-08-30,1495.0,1495.0,1439.0,1454.0,0
2001-08-31,1445.0,1485.0,1444.0,1470.0,0
2001-09-03,0.0,0.0,0.0,1470.0,0
2001-09-04,1466.0,1503.0,1424.0,1424.0,0
2001-09-05,1425.0,1440.0,1371.0,1415.0,0
2001-09-06,1392.0,1419.0,1361.0,1362.0,0
2001-09-07,1348.0,1390.0,1340.0,1354.0,0
2001-09-10,1342.0,1376.0,1339.0,1365.0,0
2001-09-11,0.0,0.0,0.0,1365.0,0
2001-09-12,0.0,0.0,0.0,1365.0,0
2001-09-13,0.0,0.0,0.0,1365.0,0
2001-09-14,0.0,0.0,0.0,1365.0,0
2001-09-17,1277.0,1310.0,1252.0,1253.0,0
2001-09-18,1268.0,1283.0,1221.0,1225.0,0
2001-09-19,1243.0,1243.0,1136.0,1208.0,0
2001-09-20,1206.0,1206.0,1161.0,1166.0,0
2001-09-21,1160.0,1160.0,1089.0,1127.0,0
2001-09-24,1203.0,1203.0,1159.0,1191.0,0
2001-09-25,0.0,0.0,0.0,1191.0,0
2001-09-26,0.0,0.0,0.0,1191.0,0
2001-09-27,1137.0,1153.0,1101.0,1144.0,0
2001-09-28,1158.0,1256.0,1146.0,1168.0,0
2001-10-01,1162.0,1163.0,1131.0,1151.0,0
2001-10-02,1151.0,1179.0,1142.0,1159.0,0
2001-10-03,1268.0,1268.0,1139.0,1249.0,0
2001-10-04,1314.0,1314.0,1243.0,1261.0,0
2001-10-05,1280.0,1280.0,1216.0,1272.0,0
2001-10-08,1297.0,1297.0,1243.0,1280.0,0
2001-10-09,1285.0,1285.0,1241.0,1245.0,0
2001-10-10,1240.0,1305.0,1235.0,1305.0,0
2001-10-11,1334.0,1390.0,1333.0,1390.0,0
2001-10-12,1376.0,1396.0,1334.0,1394.0,0
2001-10-15,1370.0,1386.0,1352.0,1379.0,0
2001-10-16,1390.0,1406.0,1368.0,1405.0,0
2001-10-17,1441.0,1441.0,1315.0,1315.0,0
2001-10-18,1315.0,1344.0,1303.0,1330.0,0
2001-10-19,1317.0,1353.0,1303.0,1348.0,0
2001-10-22,1341.0,1383.0,1334.0,1383.0,0
2001-10-23,1397.0,1420.0,1371.0,1384.0,0
2001-10-24,1431.0,1431.0,1379.0,1425.0,0
2001-10-25,1396.0,1479.0,1375.0,1479.0,0
2001-10-26,1462.0,1487.0,1454.0,1455.0,0
2001-10-29,1446.0,1451.0,1374.0,1375.0,0
2001-10-30,1368.0,1368.0,1320.0,1342.0,0
2001-10-31,1369.0,1403.0,1355.0,1365.0,0
2001-11-01,1382.0,1427.0,1359.0,1424.0,0
2001-11-02,1417.0,1439.0,1402.0,1426.0,0
2001-11-05,1454.0,1490.0,1454.0,1480.0,0
2001-11-06,1471.0,1524.0,1462.0,1523.0,0
2001-11-07,1559.0,1559.0,1506.0,1525.0,0
2001-11-08,1548.0,1581.0,1498.0,1511.0,0
2001-11-09,1508.0,1527.0,1491.0,1515.0,0
2001-11-12,1512.0,1539.0,1463.0,1529.0,0
2001-11-13,1566.0,1585.0,1553.0,1581.0,0
2001-11-14,1602.0,1615.0,1557.0,1586.0,0
2001-11-15,1573.0,1609.0,1566.0,1583.0,0
2001-11-16,1587.0,1592.0,1564.0,1582.0,0
2001-11-19,1598.0,1618.0,1587.0,1618.0,0
2001-11-20,1608.0,1614.0,1547.0,1550.0,0
2001-11-21,1563.0,1563.0,1526.0,1552.0,0
2001-11-22,0.0,0.0,0.0,1552.0,0
2001-11-23,1582.0,1582.0,1549.0,1577.0,0
2001-11-26,1590.0,1620.0,1581.0,1620.0,0
2001-11-27,1608.0,1644.0,1575.0,1610.0,0
2001-11-28,1620.0,1620.0,1557.0,1557.0,0
2001-11-29,1569.0,1600.0,1559.0,1599.0,0
2001-11-30,1595.0,1608.0,1581.0,1596.0,0
2001-12-03,1590.0,1590.0,1563.0,1568.0,0
2001-12-04,1582.0,1635.0,1577.0,1634.0,0
2001-12-05,1654.0,1731.0,1654.0,1721.0,0
2001-12-06,1735.0,1735.0,1703.0,1718.0,0
2001-12-07,1710.0,1710.0,1653.0,1674.0,0
2001-12-10,1658.0,1694.0,1642.0,1645.0,0
2001-12-11,1666.0,1695.0,1655.0,1661.0,0
2001-12-12,1667.0,1683.0,1631.0,1670.0,0
2001-12-13,1635.0,1645.0,1602.0,1602.0,0
2001-12-14,1601.0,1623.0,1591.0,1606.0,0
2001-12-17,1607.0,1654.0,1607.0,1640.0,0
2001-12-18,1653.0,1665.0,1643.0,1658.0,0
2001-12-19,1629.0,1659.0,1621.0,1629.0,0
2001-12-20,1613.0,1617.0,1557.0,1557.0,0
2001-12-21,1580.0,1594.0,1573.0,1578.0,0
2001-12-24,1581.0,1590.0,1575.0,1577.0,0
2001-12-25,0.0,0.0,0.0,1577.0,0
2001-12-26,1584.0,1618.0,1584.0,1591.0,0
2001-12-27,1599.0,1614.0,1592.0,1606.0,0
2001-12-28,1618.0,1638.0,1617.0,1621.0,0
2001-12-31,1617.0,1624.0,1577.0,1577.0,0
2002-01-01,0.0,0.0,0.0,1577.0,0
2002-01-02,1591.0,1610.0,1565.0,1610.0,0
2002-01-03,0.0,0.0,0.0,1610.0,0
2002-01-04,1698.0,1698.0,1645.0,1675.0,0
2002-01-07,1691.0,1694.0,1648.0,1650.0,0
2002-01-08,1651.0,1677.0,1641.0,1667.0,0
2002-01-09,1688.0,1710.0,1645.0,1654.0,0
2002-01-10,1654.0,1667.0,1635.0,1657.0,0
2002-01-11,1659.0,1670.0,1627.0,1634.0,0
2002-01-14,1625.0,1633.0,1595.0,1604.0,0
2002-01-15,1607.0,1628.0,1591.0,1612.0,0
2002-01-16,1589.0,1597.0,1559.0,1559.0,0
2002-01-17,1587.0,1605.0,1569.0,1602.0,0
2002-01-18,1558.0,1583.0,1538.0,1548.0,0
2002-01-21,0.0,0.0,0.0,1548.0,0
2002-01-22,1568.0,1568.0,1501.0,1502.0,0
2002-01-23,1553.0,1553.0,1502.0,1549.0,0
2002-01-24,1565.0,1586.0,1559.0,1565.0,0
2002-01-25,1546.0,1572.0,1542.0,1558.0,0
2002-01-28,1581.0,1581.0,1544.0,1565.0,0
2002-01-29,1571.0,1583.0,1509.0,1519.0,0
2002-01-30,1525.0,1539.0,1481.0,1539.0,0
2002-01-31,1549.0,1555.0,1528.0,1550.0,0
2002-02-01,1561.0,1561.0,1516.0,1528.0,0
2002-02-04,1526.0,1528.0,1472.0,1479.0,0
2002-02-05,1469.0,1497.0,1455.0,1463.0,0
2002-02-06,1480.0,1480.0,1435.0,1446.0,0
2002-02-07,1445.0,1460.0,1413.0,1414.0,0
2002-02-08,1426.0,1452.0,1406.0,1452.0,0
2002-02-11,0.0,0.0,0.0,1452.0,0
2002-02-12,1458.0,1485.0,1449.0,1465.0,0
2002-02-13,1476.0,1492.0,1471.0,1487.0,0
2002-02-14,1491.0,1508.0,1471.0,1475.0,0
2002-02-15,1483.0,1483.0,1433.0,1437.0,0
2002-02-18,0.0,0.0,0.0,1437.0,0
2002-02-19,1421.0,1424.0,1380.0,1387.0,0
2002-02-20,1412.0,1412.0,1364.0,1408.0,0
2002-02-21,1397.0,1403.0,1348.0,1348.0,0
2002-02-22,1351.0,1372.0,1330.0,1356.0,0
2002-02-25,1366.0,1414.0,1366.0,1408.0,0
2002-02-26,1416.0,1423.0,1383.0,1401.0,0
2002-02-27,1420.0,1426.0,1369.0,1378.0,0
2002-02-28,1386.0,1404.0,1356.0,1359.0,0
2002-03-01,1373.0,1436.0,1370.0,1435.0,0
2002-03-04,1435.0,1495.0,1422.0,1495.0,0
2002-03-05,1485.0,1519.0,1480.0,1499.0,0
2002-03-06,1489.0,1523.0,1472.0,1520.0,0
2002-03-07,1531.0,1538.0,1488.0,1507.0,0
2002-03-08,1537.0,1563.0,1533.0,1555.0,0
2002-03-11,1542.0,1573.0,1531.0,1554.0,0
2002-03-12,1523.0,1523.0,1500.0,1521.0,0
2002-03-13,1502.0,1512.0,1482.0,1486.0,0
2002-03-14,1501.0,1501.0,1476.0,1477.0,0
2002-03-15,1484.0,1499.0,1470.0,1495.0,0
2002-03-18,1512.0,1523.0,1489.0,1506.0,0
2002-03-19,1510.0,1519.0,1497.0,1505.0,0
2002-03-20,1482.0,1489.0,1451.0,1451.0,0
2002-03-21,1491.0,1491.0,1443.0,1489.0,0
2002-03-22,1483.0,1491.0,1467.0,1470.0,0
2002-03-25,1474.0,1482.0,1428.0,1428.0,0
2002-03-26,1424.0,1463.0,1423.0,1440.0,0
2002-03-27,1446.0,1446.0,1424.0,1437.0,0
2002-03-28,1447.0,1463.0,1443.0,1453.0,0
2002-03-29,0.0,0.0,0.0,1453.0,0
2002-04-01,1482.0,1482.0,1426.0,1479.0,0
2002-04-02,1445.0,1452.0,1410.0,1410.0,0
2002-04-03,1418.0,1423.0,1379.0,1394.0,0
2002-04-04,1386.0,1412.0,1378.0,1397.0,0
2002-04-05,1406.0,1413.0,1376.0,1377.0,0
2002-04-08,1347.0,1395.0,1343.0,1393.0,0
2002-04-09,1398.0,1405.0,1345.0,1345.0,0
2002-04-10,1356.0,1375.0,1333.0,1363.0,0
2002-04-11,1353.0,1361.0,1322.0,1325.0,0
2002-04-12,1341.0,1357.0,1326.0,1352.0,0
2002-04-15,1359.0,1364.0,1336.0,1355.0,0
2002-04-16,1383.0,1415.0,1383.0,1414.0,0
2002-04-17,1422.0,1426.0,1393.0,1404.0,0
2002-04-18,1398.0,1411.0,1370.0,1396.0,0
2002-04-19,1408.0,1408.0,1383.0,1385.0,0
2002-04-22,1365.0,1365.0,1337.0,1350.0,0
2002-04-23,1349.0,1357.0,1316.0,1323.0,0
2002-04-24,1335.0,1337.0,1301.0,1302.0,0
2002-04-25,1296.0,1315.0,1288.0,1302.0,0
2002-04-26,1311.0,1317.0,1251.0,1251.0,0
2002-04-29,1257.0,1268.0,1229.0,1247.0,0
2002-04-30,1246.0,1292.0,1244.0,1277.0,0
2002-05-01,1274.0,1278.0,1232.0,1267.0,0
2002-05-02,1263.0,1284.0,1225.0,1225.0,0
2002-05-03,1224.0,1224.0,1186.0,1191.0,0
2002-05-06,1192.0,1204.0,1161.0,1161.0,0
2002-05-07,1174.0,1179.0,1142.0,1159.0,0
2002-05-08,1213.0,1282.0,1213.0,1282.0,0
2002-05-09,1269.0,1281.0,1239.0,1240.0,0
2002-05-10,1247.0,1249.0,1186.0,1189.0,0
2002-05-13,1201.0,1244.0,1193.0,1242.0,0
2002-05-14,1288.0,1309.0,1282.0,1306.0,0
2002-05-15,1290.0,1351.0,1280.0,1311.0,0
2002-05-16,1309.0,1320.0,1296.0,1316.0,0
2002-05-17,1333.0,1342.0,1306.0,1326.0,0
2002-05-20,1310.0,1313.0,1285.0,1292.0,0
2002-05-21,1301.0,1310.0,1252.0,1256.0,0
2002-05-22,1246.0,1270.0,1234.0,1265.0,0
2002-05-23,1270.0,1287.0,1241.0,1287.0,0
2002-05-24,1270.0,1272.0,1247.0,1253.0,0
2002-05-27,0.0,0.0,0.0,1253.0,0
2002-05-28,1264.0,1265.0,1226.0,1245.0,0
2002-05-29,1232.0,1240.0,1219.0,1219.0,0
2002-05-30,1207.0,1235.0,1202.0,1228.0,0
2002-05-31,1238.0,1246.0,1208.0,1208.0,0
2002-06-03,1205.0,1213.0,1158.0,1159.0,0
2002-06-04,1156.0,1191.0,1151.0,1179.0,0
2002-06-05,1183.0,1197.0,1165.0,1196.0,0
2002-06-06,1184.0,1185.0,1152.0,1158.0,0
2002-06-07,1108.0,1156.0,1107.0,1140.0,0
2002-06-10,1143.0,1156.0,1132.0,1136.0,0
2002-06-11,1149.0,1151.0,1101.0,1101.0,0
2002-06-12,1092.0,1124.0,1079.0,1123.0,0
2002-06-13,1117.0,1133.0,1100.0,1107.0,0
2002-06-14,1079.0,1112.0,1056.0,1110.0,0
2002-06-17,1127.0,1154.0,1123.0,1150.0,0
2002-06-18,1140.0,1163.0,1138.0,1138.0,0
2002-06-19,1129.0,1134.0,1096.0,1098.0,0
2002-06-20,1095.0,1103.0,1058.0,1062.0,0
2002-06-21,1052.0,1075.0,1032.0,1036.0,0
2002-06-24,1023.0,1076.0,1015.0,1058.0,0
2002-06-25,1069.0,1074.0,1018.0,1023.0,0
2002-06-26,979.9,1036.0,979.9,1027.0,0
2002-06-27,1049.0,1051.0,1009.0,1051.0,0
2002-06-28,1048.0,1075.0,1043.0,1051.0,0
2002-07-01,1044.0,1050.0,998.0,998.2,0
2002-07-02,989.3,994.0,961.8,963.7,0
2002-07-03,957.3,996.0,950.3,995.7,0
2002-07-04,0.0,0.0,0.0,995.7,0
2002-07-05,1019.0,1061.0,1019.0,1061.0,0
2002-07-08,1051.0,1066.0,1009.0,1014.0,0
2002-07-09,1015.0,1023.0,989.3,990.2,0
2002-07-10,1006.0,1006.0,958.8,959.1,0
2002-07-11,954.0,999.4,945.9,998.0,0
2002-07-12,1016.0,1026.0,988.3,1001.0,0
2002-07-15,991.0,1021.0,955.3,1021.0,0
2002-07-16,1013.0,1046.0,1002.0,1011.0,0
2002-07-17,1048.0,1061.0,1005.0,1029.0,0
2002-07-18,1021.0,1027.0,993.1,994.6,0
2002-07-19,975.1,992.8,957.7,965.4,0
2002-07-22,958.3,980.6,928.8,939.1,0
2002-07-23,943.3,954.1,896.6,896.7,0
2002-07-24,875.5,951.8,869.2,951.6,0
2002-07-25,934.9,940.9,878.0,894.5,0
2002-07-26,905.9,917.3,885.9,910.9,0
2002-07-29,935.1,970.1,931.4,970.1,0
2002-07-30,957.1,992.3,950.7,980.4,0
2002-07-31,966.1,971.9,940.9,962.1,0
2002-08-01,954.6,960.4,912.4,913.6,0
2002-08-02,913.6,916.7,878.5,892.5,0
2002-08-05,889.5,896.7,856.4,857.1,0
2002-08-06,875.5,923.7,875.5,901.9,0
2002-08-07,932.3,938.2,883.4,919.1,0
2002-08-08,915.9,948.7,898.6,947.2,0
2002-08-09,932.3,953.4,921.3,937.3,0
2002-08-12,925.7,943.3,922.4,939.0,0
2002-08-13,933.7,959.5,907.3,907.7,0
2002-08-14,912.4,969.0,904.5,968.8,0
2002-08-15,975.1,986.0,955.4,981.0,0
2002-08-16,968.1,1004.0,961.6,996.1,0
2002-08-19,997.4,1028.0,993.5,1026.0,0
2002-08-20,1015.0,1022.0,1002.0,1008.0,0
2002-08-21,1021.0,1039.0,1007.0,1035.0,0
2002-08-22,1036.0,1052.0,1023.0,1049.0,0
2002-08-23,1036.0,1037.0,1005.0,1010.0,0
2002-08-26,1018.0,1021.0,990.8,1017.0,0
2002-08-27,1022.0,1022.0,971.7,974.5,0
2002-08-28,965.6,968.7,941.6,944.8,0
2002-08-29,933.5,973.3,926.6,961.8,0
2002-08-30,951.6,964.9,941.5,942.4,0
2002-09-02,0.0,0.0,0.0,942.4,0
2002-09-03,928.5,928.5,899.2,899.6,0
2002-09-04,904.8,925.3,895.4,921.0,0
2002-09-05,900.9,901.5,882.9,882.9,0
2002-09-06,911.6,933.0,910.8,922.2,0
2002-09-09,913.7,939.2,901.1,932.2,0
2002-09-10,934.4,951.5,930.2,947.7,0
2002-09-11,958.3,978.5,945.9,946.4,0
2002-09-12,935.5,935.5,914.9,915.0,0
2002-09-13,909.6,928.7,907.2,923.8,0
2002-09-16,919.1,925.9,900.9,908.5,0
2002-09-17,927.3,932.9,896.5,897.5,0
2002-09-18,884.0,906.1,876.1,895.2,0
2002-09-19,875.8,889.2,865.9,865.9,0
2002-09-20,876.8,879.9,864.1,871.6,0
2002-09-23,861.0,864.3,837.6,843.1,0
2002-09-24,830.2,861.1,830.2,843.8,0
2002-09-25,859.0,886.0,849.3,880.4,0
2002-09-26,891.0,897.5,860.8,873.7,0
2002-09-27,866.1,891.1,859.6,860.4,0
2002-09-30,848.7,853.0,825.8,832.5,0
2002-10-01,841.3,870.7,824.2,870.6,0
2002-10-02,865.1,882.8,844.6,849.6,0
2002-10-03,846.7,859.5,832.7,833.2,0
2002-10-04,843.0,844.4,809.9,815.4,0
2002-10-07,813.1,826.8,798.9,804.6,0
2002-10-08,815.2,827.8,795.3,811.5,0
2002-10-09,800.9,825.1,798.2,807.4,0
2002-10-10,809.5,852.7,801.3,849.6,0
2002-10-11,867.6,899.5,863.1,890.6,0
2002-10-14,878.8,903.2,876.2,900.8,0
2002-10-15,941.5,950.5,933.3,950.4,0
2002-10-16,911.3,929.7,906.1,910.1,0
2002-10-17,951.1,957.2,937.2,945.1,0
2002-10-18,936.4,956.2,922.3,956.1,0
2002-10-21,945.9,982.4,937.6,979.4,0
2002-10-22,954.3,977.9,951.6,963.9,0
2002-10-23,960.2,989.4,952.8,989.3,0
2002-10-24,992.5,998.5,963.1,964.9,0
2002-10-25,964.0,995.6,964.0,995.6,0
2002-10-28,0.0,0.0,0.0,995.6,0
2002-10-29,0.0,0.0,0.0,995.6,0
2002-10-30,0.0,0.0,0.0,995.6,0
2002-10-31,0.0,0.0,0.0,995.6,0
2002-11-01,0.0,0.0,0.0,995.6,0
2002-11-04,0.0,0.0,0.0,995.6,0
2002-11-05,0.0,0.0,0.0,995.6,0
2002-11-06,0.0,0.0,0.0,995.6,0
2002-11-07,0.0,0.0,0.0,995.6,0
2002-11-08,0.0,0.0,0.0,995.6,0
2002-11-11,0.0,0.0,0.0,995.6,0
2002-11-12,0.0,0.0,0.0,995.6,0
2002-11-13,0.0,0.0,0.0,995.6,0
2002-11-14,0.0,0.0,0.0,995.6,0
2002-11-15,0.0,0.0,0.0,995.6,0
2002-11-18,1074.0,1076.0,1045.0,1045.0,0
2002-11-19,1037.0,1046.0,1019.0,1026.0,0
2002-11-20,1029.0,1071.0,1028.0,1071.0,0
2002-11-21,1083.0,1119.0,1081.0,1118.0,0
2002-11-22,1103.0,1123.0,1100.0,1116.0,0
2002-11-25,1118.0,1134.0,1108.0,1127.0,0
2002-11-26,1116.0,1120.0,1084.0,1087.0,0
2002-11-27,1108.0,1133.0,1105.0,1126.0,0
2002-11-28,0.0,0.0,0.0,1126.0,0
2002-11-29,1133.0,1135.0,1116.0,1116.0,0
2002-12-02,1144.0,1156.0,1110.0,1120.0,0
2002-12-03,1109.0,1109.0,1084.0,1089.0,0
2002-12-04,1069.0,1083.0,1055.0,1069.0,0
2002-12-05,1085.0,1086.0,1052.0,1053.0,0
2002-12-06,1039.0,1074.0,1036.0,1066.0,0
2002-12-09,1055.0,1055.0,1015.0,1015.0,0
2002-12-10,1022.0,1043.0,1020.0,1033.0,0
2002-12-11,1024.0,1048.0,1019.0,1036.0,0
2002-12-12,1047.0,1052.0,1029.0,1040.0,0
2002-12-13,1028.0,1028.0,1006.0,1006.0,0
2002-12-16,1012.0,1043.0,1009.0,1042.0,0
2002-12-17,1039.0,1053.0,1033.0,1040.0,0
2002-12-18,1030.0,1030.0,1008.0,1014.0,0
2002-12-19,1013.0,1036.0,999.8,1006.0,0
2002-12-20,1010.0,1023.0,1010.0,1014.0,0
2002-12-23,1012.0,1035.0,1011.0,1032.0,0
2002-12-24,1027.0,1034.0,1023.0,1023.0,0
2002-12-25,0.0,0.0,0.0,1023.0,0
2002-12-26,1026.0,1041.0,1013.0,1016.0,0
2002-12-27,1012.0,1018.0,996.1,997.9,0
2002-12-30,999.4,1003.0,980.7,989.9,0
2002-12-31,987.8,994.2,977.6,984.4,0
2003-01-01,0.0,0.0,0.0,984.4,0
2003-01-02,995.5,1028.0,984.6,1028.0,0
2003-01-03,1024.0,1033.0,1018.0,1032.0,0
2003-01-06,1034.0,1068.0,1034.0,1061.0,0
2003-01-07,1063.0,1083.0,1057.0,1072.0,0
2003-01-08,1063.0,1066.0,1040.0,1043.0,0
2003-01-09,1057.0,1085.0,1056.0,1076.0,0
2003-01-10,1060.0,1096.0,1056.0,1087.0,0
2003-01-13,1101.0,1104.0,1076.0,1083.0,0
2003-01-14,1082.37,1097.71,1080.85,1094.87,0
2003-01-15,1097.0,1100.0,1070.0,1074.0,0
2003-01-16,1076.0,1084.0,1058.0,1061.0,0
2003-01-17,1041.0,1041.0,1018.0,1018.0,0
2003-01-20,0.0,0.0,0.0,1018.0,0
2003-01-21,1020.0,1027.0,1012.0,1014.0,0
2003-01-22,1006.0,1027.0,1004.0,1007.0,0
2003-01-23,1024.0,1039.0,1011.0,1033.0,0
2003-01-24,1028.0,1028.0,992.9,996.2,0
2003-01-27,985.1,1006.0,982.0,986.4,0
2003-01-28,996.9,1007.0,984.0,1002.0,0
2003-01-29,996.9,1007.0,984.0,1001.0,0
2003-01-30,1018.0,1022.0,985.2,985.5,0
2003-01-31,971.6,996.0,968.3,983.1,0
2003-02-03,987.4,997.6,981.4,987.1,0
2003-02-04,972.9,974.7,960.0,971.7,0
2003-02-05,980.8,999.2,967.6,969.0,0
2003-02-06,966.1,979.2,960.8,970.6,0
2003-02-07,980.5,983.4,951.7,957.1,0
2003-02-10,961.7,974.5,950.8,970.0,0
2003-02-11,975.5,989.3,962.4,971.6,0
2003-02-12,967.9,978.1,956.6,956.7,0
2003-02-13,959.6,959.7,938.5,951.9,0
2003-02-14,958.2,982.1,952.7,982.1,0
2003-02-17,0.0,0.0,0.0,982.1,0
2003-02-18,990.2,1015.0,989.8,1015.0,0
2003-02-19,1012.0,1015.0,994.3,1006.0,0
2003-02-20,1011.0,1015.0,999.6,1001.0,0
2003-02-21,1002.0,1019.0,986.7,1016.0,0
2003-02-24,1009.0,1013.0,994.2,994.7,0
2003-02-25,981.5,1002.0,969.6,999.3,0
2003-02-26,992.9,1002.0,973.9,974.5,0
2003-02-27,982.5,1001.0,976.6,994.8,0
2003-02-28,998.3,1013.0,994.8,1010.0,0
2003-03-03,1016.0,1023.0,988.4,991.1,0
2003-03-04,991.6,994.4,982.1,983.0,0
2003-03-05,981.7,995.2,978.4,990.2,0
2003-03-06,982.0,991.7,976.6,984.0,0
2003-03-07,967.9,992.1,964.3,986.8,0
2003-03-10,978.0,982.9,962.5,964.3,0
2003-03-11,966.7,973.9,956.9,958.8,0
2003-03-12,954.7,971.4,946.8,970.5,0
2003-03-13,990.4,1030.0,981.6,1030.0,0
2003-03-14,1034.0,1043.0,1020.0,1030.0,0
2003-03-17,1022.0,1077.0,1019.0,1077.0,0
2003-03-18,1075.0,1082.0,1063.0,1082.0,0
2003-03-19,1078.0,1083.0,1059.0,1075.0,0
2003-03-20,1064.0,1089.0,1053.0,1080.0,0
2003-03-21,1096.0,1100.0,1079.0,1093.0,0
2003-03-24,1065.0,1068.0,1046.0,1047.0,0
2003-03-25,1052.0,1075.0,1047.0,1067.0,0
2003-03-26,1066.0,1075.0,1060.0,1066.0,0
2003-03-27,1056.0,1071.0,1050.0,1062.0,0
2003-03-28,1052.0,1062.0,1044.0,1047.0,0
2003-03-31,1028.0,1033.0,1015.0,1019.0,0
2003-04-01,1025.02,1031.51,1015.46,1022.63,0
2003-04-02,1047.39,1066.9,1047.39,1063.46,0
2003-04-03,1070.51,1078.76,1058.01,1064.06,0
2003-04-04,1067.51,1067.51,1044.37,1050.71,0
2003-04-07,1089.93,1091.74,1053.22,1053.28,0
2003-04-08,1051.75,1056.03,1041.47,1046.3,0
2003-04-09,1048.92,1055.89,1023.48,1023.52,0
2003-04-10,1024.74,1035.61,1018.17,1033.14,0
2003-04-11,1046.45,1051.88,1020.56,1026.15,0
2003-04-14,1028.0,1050.51,1025.8,1048.31,0
2003-04-15,1044.33,1058.54,1039.99,1053.08,0
2003-04-16,1070.64,1078.23,1051.52,1054.89,0
2003-04-17,1051.36,1084.81,1051.36,1083.56,0
2003-04-18,0.0,0.0,0.0,1083.56,0
2003-04-21,1083.75,1089.71,1070.86,1081.04,0
2003-04-22,1073.88,1103.81,1072.13,1102.44,0
2003-04-23,1105.45,1115.67,1096.92,1112.93,0
2003-04-24,1100.84,1115.36,1097.19,1108.12,0
2003-04-25,1100.65,1101.76,1081.34,1083.19,0
2003-04-28,1086.58,1110.5,1084.77,1107.13,0
2003-04-29,1113.05,1126.58,1103.79,1116.79,0
2003-04-30,1111.54,1116.85,1104.39,1106.06,0
2003-05-01,1104.38,1119.67,1094.42,1113.21,0
2003-05-02,1109.92,1137.45,1109.66,1136.51,0
2003-05-05,1139.6,1152.96,1132.99,1136.26,0
2003-05-06,1134.56,1161.0,1134.47,1152.78,0
2003-05-07,1142.88,1152.68,1131.37,1135.85,0
2003-05-08,1120.53,1132.28,1116.67,1118.76,0
2003-05-09,1129.29,1143.97,1126.13,1143.55,0
2003-05-12,1141.08,1163.75,1133.89,1160.42,0
2003-05-13,1152.75,1165.53,1148.51,1155.97,0
2003-05-14,1161.47,1165.2,1140.77,1148.14,0
2003-05-15,1155.11,1164.5,1149.04,1162.93,0
2003-05-16,1158.51,1162.64,1146.29,1154.48,0
2003-05-19,1146.74,1152.59,1112.27,1112.49,0
2003-05-20,1118.3,1124.34,1103.2,1112.85,0
2003-05-21,1110.78,1115.56,1104.11,1113.68,0
2003-05-22,1116.21,1137.68,1112.59,1131.45,0
2003-05-23,1128.41,1135.49,1125.24,1130.05,0
2003-05-26,0.0,0.0,0.0,1130.05,0
2003-05-27,1123.66,1174.16,1123.25,1172.58,0
2003-05-28,1172.99,1181.93,1165.34,1173.31,0
2003-05-29,1175.4,1198.43,1172.52,1181.82,0
2003-05-30,1188.63,1201.25,1185.09,1197.89,0
2003-06-02,1210.77,1213.76,1180.32,1185.13,0
2003-06-03,1183.6,1198.95,1180.01,1198.57,0
2003-06-04,1199.74,1228.52,1195.96,1224.76,0
2003-06-05,1210.64,1231.79,1206.26,1231.72,0
2003-06-06,1254.64,1265.69,1210.33,1213.11,0
2003-06-09,1206.95,1214.22,1188.04,1195.55,0
2003-06-10,1201.26,1212.99,1194.2,1212.99,0
2003-06-11,1210.61,1230.5,1199.47,1228.24,0
2003-06-12,1233.48,1235.88,1218.02,1229.32,0
2003-06-13,1231.75,1235.42,1201.12,1203.91,0
2003-06-16,1233.57,1242.5,1228.2,1241.58,0
2003-06-17,1247.57,1247.57,1229.73,1239.63,0
2003-06-18,1233.83,1255.39,1225.7,1247.9,0
2003-06-19,1247.5,1255.3,1222.87,1225.89,0
2003-06-20,1235.2,1235.84,1217.19,1223.13,0
2003-06-23,1220.19,1221.65,1189.78,1200.17,0
2003-06-24,1196.62,1209.84,1188.2,1191.7,0
2003-06-25,1193.16,1212.79,1186.53,1188.41,0
2003-06-26,1194.87,1217.21,1191.19,1214.68,0
2003-06-27,1216.86,1229.11,1199.6,1205.25,0
2003-06-30,1212.51,1218.8,1199.83,1201.69,0
2003-07-01,1195.3,1219.23,1180.11,1217.37,0
2003-07-02,1223.19,1245.78,1223.06,1245.75,0
2003-07-03,1233.4,1250.62,1228.4,1231.34,0
2003-07-04,0.0,0.0,0.0,1231.34,0
2003-07-07,1250.03,1282.31,1250.03,1281.89,0
2003-07-08,1275.79,1298.93,1272.29,1298.37,0
2003-07-09,1294.58,1307.03,1285.42,1295.16,0
2003-07-10,1280.44,1286.02,1260.76,1268.65,0
2003-07-11,1273.94,1285.85,1271.76,1280.57,0
2003-07-14,1301.19,1316.42,1290.48,1295.74,0
2003-07-15,1309.69,1311.1,1285.56,1294.47,0
2003-07-16,1305.76,1306.52,1277.46,1291.99,0
2003-07-17,1274.73,1279.82,1249.59,1255.94,0
2003-07-18,1265.0,1267.69,1244.11,1259.91,0
2003-07-21,1256.12,1256.45,1232.16,1240.78,0
2003-07-22,1252.99,1265.4,1242.17,1257.63,0
2003-07-23,1262.59,1270.44,1246.89,1268.52,0
2003-07-24,1282.13,1287.45,1252.12,1253.76,0
2003-07-25,1252.62,1278.31,1237.75,1278.31,0
2003-07-28,1281.5,1285.86,1272.01,1280.53,0
2003-07-29,1284.24,1287.84,1257.13,1275.17,0
2003-07-30,1276.58,1277.19,1261.68,1263.78,0
2003-07-31,1278.29,1298.81,1269.89,1276.94,0
2003-08-01,1274.61,1276.99,1260.09,1264.34,0
2003-08-04,1263.62,1277.07,1240.67,1267.38,0
2003-08-05,1263.79,1263.83,1226.82,1229.72,0
2003-08-06,1221.99,1237.14,1211.27,1215.13,0
2003-08-07,1214.89,1225.29,1208.74,1217.17,0
2003-08-08,1223.66,1227.42,1204.29,1207.28,0
2003-08-11,1209.35,1230.26,1208.33,1223.14,0
2003-08-12,1227.5,1241.62,1220.12,1240.7,0
2003-08-13,1247.56,1249.14,1233.8,1240.37,0
2003-08-14,1241.17,1254.0,1235.05,1251.9,0
2003-08-15,1250.45,1257.46,1246.32,1253.63,0
2003-08-18,1258.18,1284.88,1256.9,1284.81,0
2003-08-19,1291.37,1301.31,1281.71,1299.69,0
2003-08-20,1289.43,1307.45,1288.75,1299.73,0
2003-08-21,1309.57,1319.88,1299.02,1314.65,0
2003-08-22,1338.19,1342.64,1304.51,1304.54,0
2003-08-25,1303.61,1307.85,1295.82,1306.64,0
2003-08-26,1298.23,1309.83,1280.59,1309.05,0
2003-08-27,1305.98,1320.02,1303.15,1318.93,0
2003-08-28,1323.21,1332.47,1308.98,1332.33,0
2003-08-29,1328.49,1344.74,1327.93,1341.2,0
2003-09-01,0.0,0.0,0.0,1341.2,0
2003-09-02,1347.64,1361.09,1333.29,1361.09,0
2003-09-03,1370.35,1375.3,1354.72,1360.19,0
2003-09-04,1360.22,1376.06,1356.23,1373.26,0
2003-09-05,1366.29,1380.24,1355.02,1361.9,0
2003-09-08,1366.55,1387.45,1365.09,1386.73,0
2003-09-09,1380.13,1382.11,1364.94,1370.56,0
2003-09-10,1357.8,1362.84,1332.28,1332.28,0
2003-09-11,1339.88,1358.02,1327.92,1350.8,0
2003-09-12,1340.78,1357.63,1330.31,1357.63,0
2003-09-15,1359.97,1363.48,1345.94,1347.77,0
2003-09-16,1348.75,1383.48,1348.75,1382.82,0
2003-09-17,1379.37,1388.18,1369.76,1376.8,0
2003-09-18,1374.56,1401.64,1368.61,1400.13,0
2003-09-19,1406.61,1406.61,1383.24,1392.26,0
2003-09-22,1371.18,1374.9,1358.6,1366.32,0
2003-09-23,1367.91,1388.67,1364.67,1388.15,0
2003-09-24,1388.54,1388.54,1339.61,1339.64,0
2003-09-25,1344.63,1357.99,1325.69,1325.75,0
2003-09-26,1323.87,1333.98,1309.2,1309.31,0
2003-09-29,1318.33,1335.56,1306.11,1335.51,0
2003-09-30,1323.95,1325.41,1302.26,1303.7,0
2003-10-01,1312.43,1336.13,1306.33,1335.34,0
2003-10-02,1332.16,1343.99,1325.93,1337.1,0
2003-10-03,1363.1,1385.79,1363.1,1375.32,0
2003-10-06,1378.2,1384.11,1370.45,1381.7,0
2003-10-07,1372.09,1392.65,1368.13,1392.56,0
2003-10-08,1398.46,1398.99,1376.4,1382.4,0
2003-10-09,1404.88,1418.09,1386.63,1396.95,0
2003-10-10,1399.18,1406.27,1393.97,1404.87,0
2003-10-13,1412.37,1422.28,1405.05,1414.72,0
2003-10-14,1411.53,1421.0,1406.39,1420.66,0
2003-10-15,1439.97,1439.97,1409.77,1417.59,0
2003-10-16,1411.23,1427.61,1411.08,1426.71,0
2003-10-17,1423.99,1426.38,1392.08,1394.02,0
2003-10-20,1395.41,1409.31,1388.54,1409.31,0
2003-10-21,1413.01,1429.2,1405.51,1422.13,0
2003-10-22,1403.76,1404.05,1385.15,1387.4,0
2003-10-23,1371.9,1387.01,1369.91,1378.11,0
2003-10-24,1360.55,1370.67,1346.01,1370.61,0
2003-10-27,1378.95,1384.91,1369.38,1377.41,0
2003-10-28,1385.57,1420.02,1382.88,1420.02,0
2003-10-29,1414.18,1423.69,1410.51,1419.92,0
2003-10-30,1437.65,1437.76,1413.57,1417.38,0
2003-10-31,1423.39,1443.18,1411.76,1416.39,0
2003-11-03,1423.13,1445.72,1422.32,1443.13,0
2003-11-04,1434.35,1442.27,1425.26,1429.38,0
2003-11-05,1428.04,1437.85,1414.37,1429.56,0
2003-11-06,1439.22,1443.06,1421.56,1440.08,0
2003-11-07,1450.47,1453.46,1436.13,1436.73,0
2003-11-10,1435.87,1437.06,1412.14,1414.62,0
2003-11-11,1412.5,1418.46,1401.45,1409.64,0
2003-11-12,1414.21,1443.52,1413.84,1443.52,0
2003-11-13,1434.75,1442.27,1429.22,1439.87,0
2003-11-14,1438.99,1448.06,1407.4,1407.51,0
2003-11-17,1399.38,1402.61,1377.9,1393.75,0
2003-11-18,1401.46,1405.94,1364.7,1364.7,0
2003-11-19,1368.47,1382.94,1363.09,1378.9,0
2003-11-20,1365.73,1394.38,1362.09,1363.49,0
2003-11-21,1370.63,1375.94,1357.25,1373.32,0
2003-11-24,1385.2,1419.31,1385.2,1419.31,0
2003-11-25,1418.26,1424.35,1411.36,1411.36,0
2003-11-26,1422.01,1426.28,1400.0,1420.11,0
2003-11-27,0.0,0.0,0.0,1420.11,0
2003-11-28,1417.41,1426.76,1416.21,1424.25,0
2003-12-01,1434.1,1447.08,1427.12,1447.08,0
2003-12-02,1441.71,1447.84,1431.32,1431.89,0
2003-12-03,1440.37,1452.03,1419.77,1419.77,0
2003-12-04,1424.65,1434.28,1411.13,1432.38,0
2003-12-05,1415.78,1429.19,1405.55,1406.91,0
2003-12-08,1406.02,1419.11,1399.41,1418.05,0
2003-12-09,1423.75,1425.01,1383.0,1383.66,0
2003-12-10,1387.25,1394.69,1372.87,1388.96,0
2003-12-11,1388.88,1422.49,1387.47,1416.96,0
2003-12-12,1419.7,1419.7,1404.4,1417.27,0
2003-12-15,1442.05,1442.65,1396.82,1396.82,0
2003-12-16,1397.41,1407.38,1384.52,1403.28,0
2003-12-17,1400.78,1406.23,1390.83,1400.0,0
2003-12-18,1404.08,1432.64,1404.08,1431.31,0
2003-12-19,1434.93,1434.93,1416.21,1426.17,0
2003-12-22,1422.79,1433.71,1419.82,1431.71,0
2003-12-23,1431.64,1448.19,1430.04,1448.17,0
2003-12-24,1442.58,1447.57,1439.71,1443.19,0
2003-12-25,0.0,0.0,0.0,1443.19,0
2003-12-26,1444.41,1451.21,1442.29,1443.86,0
2003-12-29,1447.62,1470.37,1447.62,1470.37,0
2003-12-30,1467.74,1470.38,1460.67,1470.01,0
2003-12-31,1471.56,1474.24,1459.06,1467.92,0
2004-01-01,0.0,0.0,0.0,1467.92,0
2004-01-02,1474.16,1479.59,1458.51,1463.57,0
2004-01-05,1474.55,1496.58,1474.19,1496.58,0
2004-01-06,1492.41,1504.47,1486.59,1501.26,0
2004-01-07,1498.38,1514.45,1491.2,1514.26,0
2004-01-08,1524.06,1530.65,1513.34,1530.65,0
2004-01-09,1516.59,1541.84,1512.86,1520.46,0
2004-01-12,1524.54,1540.1,1515.86,1539.77,0
2004-01-13,1540.35,1541.83,1513.21,1524.78,0
2004-01-14,1531.93,1536.84,1521.91,1534.08,0
2004-01-15,1524.73,1545.65,1515.06,1532.01,0
2004-01-16,1545.32,1553.64,1537.17,1553.62,0
2004-01-19,0.0,0.0,0.0,1553.62,0
2004-01-20,1558.89,1559.47,1541.34,1552.87,0
2004-01-21,1545.53,1554.89,1529.4,1546.6,0
2004-01-22,1550.98,1556.06,1530.42,1530.42,0
2004-01-23,1535.41,1546.69,1519.74,1531.21,0
2004-01-26,1526.57,1553.66,1522.95,1553.66,0
2004-01-27,1548.64,1552.54,1519.2,1519.23,0
2004-01-28,1527.35,1530.06,1488.61,1491.57,0
2004-01-29,1499.84,1500.8,1474.13,1496.4,0
2004-01-30,1494.88,1505.12,1487.78,1493.08,0
2004-02-02,1497.78,1507.59,1481.57,1487.84,0
2004-02-03,1485.93,1497.07,1482.7,1491.85,0
2004-02-04,1473.53,1482.35,1461.01,1462.61,0
2004-02-05,1468.96,1475.41,1461.12,1465.03,0
2004-02-06,1472.02,1498.95,1470.31,1498.95,0
2004-02-09,1502.32,1503.04,1490.7,1490.91,0
2004-02-10,1490.69,1503.83,1489.9,1500.29,0
2004-02-11,1498.08,1514.49,1491.21,1514.18,0
2004-02-12,1508.19,1516.21,1499.43,1501.34,0
2004-02-13,1504.7,1510.83,1478.54,1484.47,0
2004-02-16,0.0,0.0,0.0,1484.47,0
2004-02-17,1498.7,1512.17,1497.54,1506.57,0
2004-02-18,1509.55,1515.44,1501.7,1507.49,0
2004-02-19,1522.39,1524.09,1484.8,1484.8,0
2004-02-20,1490.81,1493.45,1470.92,1482.1,0
2004-02-23,1488.28,1489.4,1454.36,1463.75,0
2004-02-24,1458.38,1474.04,1452.49,1462.05,0
2004-02-25,1465.83,1474.21,1461.26,1470.22,0
2004-02-26,1465.4,1480.88,1461.36,1477.13,0
2004-02-27,1479.56,1485.4,1459.91,1470.38,0
2004-03-01,1476.04,1490.18,1467.57,1489.49,0
2004-03-02,1487.7,1494.67,1473.22,1473.22,0
2004-03-03,1469.77,1473.28,1456.87,1466.09,0
2004-03-04,1466.7,1481.36,1464.57,1481.36,0
2004-03-05,1464.89,1494.29,1463.32,1472.99,0
2004-03-08,1476.85,1481.19,1441.0,1441.12,0
2004-03-09,1441.28,1446.46,1429.36,1437.47,0
2004-03-10,1438.53,1447.71,1417.18,1417.5,0
2004-03-11,1409.14,1429.1,1402.2,1402.2,0
2004-03-12,1415.9,1431.4,1414.43,1431.4,0
2004-03-15,1423.15,1424.65,1399.87,1399.87,0
2004-03-16,1412.1,1417.56,1394.11,1407.07,0
2004-03-17,1418.57,1432.23,1418.3,1428.89,0
2004-03-18,1423.86,1425.76,1407.09,1417.77,0
2004-03-19,1416.23,1425.92,1398.58,1398.58,0
2004-03-22,1386.76,1388.68,1369.36,1381.39,0
2004-03-23,1391.64,1393.77,1368.67,1370.04,0
2004-03-24,1374.74,1391.87,1368.08,1381.86,0
2004-03-25,1394.2,1425.86,1393.96,1425.86,0
2004-03-26,1420.41,1431.23,1415.39,1415.39,0
2004-03-29,1429.54,1445.82,1429.48,1442.31,0
2004-03-30,1435.59,1445.3,1429.09,1445.25,0
2004-03-31,1445.17,1447.95,1432.87,1438.41,0
2004-04-01,1438.91,1457.59,1438.91,1453.22,0
2004-04-02,1482.33,1490.3,1469.57,1490.3,0
2004-04-05,1488.45,1508.37,1487.23,1508.37,0
2004-04-06,1492.93,1498.34,1485.7,1493.58,0
2004-04-07,1489.1,1492.19,1475.62,1481.96,0
2004-04-08,1502.77,1503.37,1478.44,1485.51,0
2004-04-09,0.0,0.0,0.0,1485.51,0
2004-04-12,1489.59,1497.5,1488.35,1495.93,0
2004-04-13,1501.98,1502.52,1469.88,1472.88,0
2004-04-14,1464.32,1485.28,1463.63,1475.66,0
2004-04-15,1479.56,1481.77,1449.4,1459.45,0
2004-04-16,1458.51,1460.39,1440.56,1449.06,0
2004-04-19,1448.89,1473.53,1448.03,1473.48,0
2004-04-20,1473.98,1479.68,1436.89,1436.9,0
2004-04-21,1446.02,1452.92,1434.16,1451.01,0
2004-04-22,1450.38,1488.74,1449.06,1485.5,0
2004-04-23,1492.24,1497.17,1484.36,1497.01,0
2004-04-26,1496.67,1499.45,1474.79,1480.53,0
2004-04-27,1485.67,1495.62,1476.42,1479.47,0
2004-04-28,1475.88,1476.03,1449.23,1453.03,0
2004-04-29,1451.4,1461.13,1420.66,1431.36,0
2004-04-30,1435.16,1439.69,1401.36,1401.36,0
2004-05-03,1409.06,1428.49,1404.06,1415.29,0
2004-05-04,1417.12,1438.49,1409.39,1422.11,0
2004-05-05,1424.71,1435.46,1416.73,1428.42,0
2004-05-06,1416.59,1425.5,1403.36,1415.6,0
2004-05-07,1411.05,1432.71,1406.19,1406.19,0
2004-05-10,1395.21,1403.59,1384.89,1397.1,0
2004-05-11,1406.36,1422.51,1406.36,1421.89,0
2004-05-12,1412.5,1417.03,1378.64,1414.83,0
2004-05-13,1408.58,1425.69,1405.6,1417.09,0
2004-05-14,1415.44,1419.57,1394.37,1399.85,0
2004-05-17,1379.99,1391.77,1372.46,1379.9,0
2004-05-18,1395.23,1404.27,1393.08,1397.47,0
2004-05-19,1414.38,1427.51,1396.34,1396.34,0
2004-05-20,1400.37,1408.2,1390.41,1396.87,0
2004-05-21,1409.61,1414.11,1397.7,1408.17,0
2004-05-24,1418.77,1425.49,1408.44,1413.97,0
2004-05-25,1412.59,1450.06,1406.2,1447.72,0
2004-05-26,1443.13,1455.0,1440.85,1453.87,0
2004-05-27,1460.06,1467.63,1450.67,1463.11,0
2004-05-28,1464.83,1469.23,1456.77,1466.22,0
2004-05-31,0.0,0.0,0.0,1466.22,0
2004-06-01,1457.71,1469.27,1453.39,1468.54,0
2004-06-02,1472.54,1474.1,1455.13,1464.22,0
2004-06-03,1459.19,1462.41,1445.21,1445.21,0
2004-06-04,1463.46,1472.64,1455.04,1455.04,0
2004-06-07,1465.56,1491.45,1464.01,1491.45,0
2004-06-08,1483.59,1496.0,1481.76,1495.97,0
2004-06-09,1487.37,1490.88,1469.04,1469.5,0
2004-06-10,1475.71,1481.27,1470.5,1481.27,0
2004-06-11,0.0,0.0,0.0,1481.27,0
2004-06-14,1470.62,1471.19,1451.78,1458.64,0
2004-06-15,1470.37,1487.83,1470.37,1479.2,0
2004-06-16,1478.72,1483.6,1474.17,1479.99,0
2004-06-17,1473.94,1473.95,1458.68,1464.03,0
2004-06-18,1457.88,1481.36,1455.67,1464.65,0
2004-06-21,1467.98,1472.65,1450.79,1453.23,0
2004-06-22,1455.92,1475.12,1448.82,1474.87,0
2004-06-23,1471.54,1495.05,1468.74,1493.52,0
2004-06-24,1490.58,1502.14,1485.88,1488.31,0
2004-06-25,1488.82,1503.91,1488.2,1498.38,0
2004-06-28,1507.32,1508.52,1485.25,1493.07,0
2004-06-29,1490.65,1507.05,1490.65,1505.65,0
2004-06-30,1507.6,1523.48,1502.61,1516.64,0
2004-07-01,1514.82,1514.82,1477.62,1489.57,0
2004-07-02,1488.34,1489.6,1473.73,1481.19,0
2004-07-05,0.0,0.0,0.0,1481.19,0
2004-07-06,1470.47,1471.21,1441.78,1445.71,0
2004-07-07,1445.1,1459.07,1445.02,1452.49,0
2004-07-08,1439.57,1452.7,1430.81,1431.13,0
2004-07-09,1442.43,1451.39,1434.0,1440.0,0
2004-07-12,1429.91,1435.3,1418.1,1432.11,0
2004-07-13,1436.08,1439.78,1426.11,1428.68,0
2004-07-14,1414.42,1433.61,1411.52,1416.05,0
2004-07-15,1422.26,1427.72,1412.59,1415.92,0
2004-07-16,1426.49,1426.49,1392.17,1392.17,0
2004-07-19,1398.92,1406.15,1386.78,1396.77,0
2004-07-20,1398.64,1421.07,1396.85,1421.07,0
2004-07-21,1433.27,1433.27,1386.57,1386.57,0
2004-07-22,1385.89,1411.43,1377.7,1408.51,0
2004-07-23,1394.56,1394.56,1370.7,1375.48,0
2004-07-26,1376.8,1383.67,1359.2,1368.4,0
2004-07-27,1374.69,1395.95,1371.26,1391.5,0
2004-07-28,1384.51,1392.48,1360.27,1383.75,0
2004-07-29,1395.34,1403.8,1388.06,1398.55,0
2004-07-30,1397.05,1412.0,1394.85,1400.39,0
2004-08-02,1390.21,1408.31,1387.04,1406.33,0
2004-08-03,1402.34,1404.9,1379.02,1379.14,0
2004-08-04,1372.46,1386.28,1368.44,1379.21,0
2004-08-05,1380.93,1383.38,1352.27,1353.44,0
2004-08-06,1341.08,1342.87,1314.97,1315.3,0
2004-08-09,1320.83,1325.45,1314.57,1318.83,0
2004-08-10,1325.96,1346.71,1324.38,1346.71,0
2004-08-11,1319.7,1328.83,1309.5,1324.65,0
2004-08-12,1313.81,1320.94,1302.74,1304.43,0
2004-08-13,1311.84,1316.3,1301.93,1307.82,0
2004-08-16,1309.5,1334.78,1309.5,1326.84,0
2004-08-17,1332.94,1344.54,1331.85,1335.72,0
2004-08-18,1328.99,1363.74,1327.85,1363.73,0
2004-08-19,1356.89,1361.23,1344.98,1353.24,0
2004-08-20,1352.28,1373.01,1348.27,1366.73,0
2004-08-23,1370.51,1377.67,1364.46,1370.9,0
2004-08-24,1376.99,1379.05,1360.82,1369.78,0
2004-08-25,1369.2,1391.22,1363.56,1389.17,0
2004-08-26,1383.8,1388.84,1379.69,1383.98,0
2004-08-27,1384.61,1393.23,1384.61,1388.56,0
2004-08-30,1383.12,1384.14,1367.73,1367.94,0
2004-08-31,1368.91,1372.27,1354.1,1368.68,0
2004-09-01,1363.27,1384.85,1360.58,1377.96,0
2004-09-02,1374.69,1402.07,1373.67,1398.34,0
2004-09-03,1384.41,1393.5,1370.01,1371.82,0
2004-09-06,0.0,0.0,0.0,1371.82,0
2004-09-07,1382.48,1390.6,1372.53,1381.84,0
2004-09-08,1378.4,1393.69,1374.79,1376.77,0
2004-09-09,1385.22,1396.55,1373.37,1391.53,0
2004-09-10,1391.2,1414.55,1386.41,1413.0,0
2004-09-13,1417.84,1435.95,1414.22,1427.34,0
2004-09-14,1425.29,1435.91,1422.83,1434.37,0
2004-09-15,1425.51,1425.51,1412.54,1415.3,0
2004-09-16,1417.37,1429.93,1413.22,1417.97,0
2004-09-17,1417.73,1427.59,1413.78,1426.3,0
2004-09-20,1417.39,1437.3,1415.31,1424.72,0
2004-09-21,1429.85,1440.81,1425.16,1435.91,0
2004-09-22,1424.72,1424.72,1403.16,1404.22,0
2004-09-23,1405.76,1413.68,1402.79,1405.77,0
2004-09-24,1407.71,1414.56,1397.5,1399.05,0
2004-09-27,1389.94,1396.42,1383.24,1385.55,0
2004-09-28,1390.11,1394.43,1376.99,1389.7,0
2004-09-29,1389.69,1411.82,1389.62,1410.86,0
2004-09-30,1409.23,1417.99,1403.89,1412.74,0
2004-10-01,1426.38,1452.94,1423.43,1452.94,0
2004-10-04,1463.22,1472.21,1458.08,1459.01,0
2004-10-05,1456.19,1467.23,1454.23,1461.76,0
2004-10-06,1460.19,1474.36,1452.61,1474.36,0
2004-10-07,1469.7,1474.7,1454.89,1455.77,0
2004-10-08,1449.49,1457.04,1428.11,1430.96,0
2004-10-11,1435.54,1441.1,1431.77,1437.73,0
2004-10-12,1424.22,1439.07,1416.29,1435.0,0
2004-10-13,1451.73,1453.72,1425.41,1434.46,0
2004-10-14,1434.92,1437.66,1421.59,1425.21,0
2004-10-15,1430.31,1441.82,1419.36,1430.98,0
2004-10-18,1428.08,1457.31,1424.82,1457.31,0
2004-10-19,1463.01,1470.14,1443.4,1443.8,0
2004-10-20,1441.21,1456.19,1433.88,1452.26,0
2004-10-21,1459.68,1478.46,1452.57,1474.79,0
2004-10-22,1472.92,1473.69,1438.13,1438.25,0
2004-10-25,1435.68,1439.48,1427.44,1432.57,0
2004-10-26,1432.25,1442.14,1423.98,1442.14,0
2004-10-27,1441.79,1483.13,1437.44,1480.03,0
2004-10-28,1473.41,1491.86,1471.03,1487.12,0
2004-10-29,1485.68,1496.98,1475.56,1486.72,0
2004-11-01,1486.25,1494.88,1479.86,1488.79,0
2004-11-02,1490.32,1509.56,1489.33,1494.83,0
2004-11-03,1519.97,1523.51,1494.85,1503.89,0
2004-11-04,1498.06,1519.21,1492.23,1516.2,0
2004-11-05,1526.71,1534.84,1512.74,1525.24,0
2004-11-08,1525.13,1532.46,1522.12,1527.13,0
2004-11-09,1527.25,1534.37,1521.15,1527.0,0
2004-11-10,1524.1,1530.01,1514.32,1517.06,0
2004-11-11,1524.62,1542.39,1522.48,1541.7,0
2004-11-12,1543.31,1558.41,1535.82,1558.41,0
2004-11-15,1554.31,1562.04,1550.03,1560.96,0
2004-11-16,1554.79,1554.79,1541.84,1548.53,0
2004-11-17,1561.8,1580.26,1561.8,1571.12,0
2004-11-18,1568.02,1581.79,1563.79,1580.81,0
2004-11-19,1578.86,1580.93,1551.77,1552.11,0
2004-11-22,1551.16,1568.86,1543.97,1568.28,0
2004-11-23,1566.71,1573.52,1552.85,1562.6,0
2004-11-24,1572.67,1583.07,1570.87,1582.55,0
2004-11-25,0.0,0.0,0.0,1582.55,0
2004-11-26,1581.65,1587.08,1578.26,1578.26,0
2004-11-29,1586.46,1593.16,1567.27,1580.44,0
2004-11-30,1579.51,1583.15,1571.11,1571.5,0
2004-12-01,1578.25,1607.16,1578.25,1607.15,0
2004-12-02,1602.11,1623.6,1599.63,1613.15,0
2004-12-03,1621.1,1631.9,1612.72,1614.4,0
2004-12-06,1612.33,1625.61,1605.71,1619.59,0
2004-12-07,1622.84,1628.25,1589.05,1589.33,0
2004-12-08,1593.87,1607.49,1588.73,1601.91,0
2004-12-09,1585.99,1615.6,1577.77,1609.79,0
2004-12-10,1601.46,1611.23,1600.72,1605.16,0
2004-12-13,1617.53,1621.37,1608.4,1621.16,0
2004-12-14,1618.2,1632.17,1618.2,1627.46,0
2004-12-15,1626.99,1635.7,1615.45,1623.63,0
2004-12-16,1621.56,1625.8,1602.21,1607.62,0
2004-12-17,1608.64,1614.89,1596.48,1596.61,0
2004-12-20,1603.84,1613.78,1587.21,1591.97,0
2004-12-21,1598.6,1611.34,1594.89,1609.26,0
2004-12-22,1605.72,1619.56,1602.99,1613.57,0
2004-12-23,1608.87,1619.18,1608.64,1613.77,0
2004-12-24,0.0,0.0,0.0,1613.77,0
2004-12-27,1621.33,1623.8,1600.25,1607.59,0
2004-12-28,1610.9,1624.19,1608.51,1624.19,0
2004-12-29,1619.36,1629.9,1619.36,1624.95,0
2004-12-30,1626.21,1628.74,1621.58,1623.76,0
2004-12-31,1624.37,1628.91,1620.31,1621.12,0
2005-01-03,1628.75,1635.45,1598.79,1603.51,0
2005-01-04,1611.22,1612.78,1565.02,1571.83,0
2005-01-05,1568.68,1580.88,1562.64,1563.76,0
2005-01-06,1567.66,1570.75,1556.84,1557.52,0
2005-01-07,1565.63,1577.76,1551.29,1564.81,0
2005-01-10,1561.23,1577.71,1558.54,1564.92,0
2005-01-11,1556.66,1562.24,1545.28,1553.4,0
2005-01-12,1561.84,1566.69,1543.04,1565.78,0
2005-01-13,1567.55,1568.54,1543.48,1545.18,0
2005-01-14,1552.11,1563.79,1550.05,1561.11,0
2005-01-17,0.0,0.0,0.0,1561.11,0
2005-01-18,1554.19,1574.39,1551.88,1573.49,0
2005-01-19,1572.81,1573.02,1545.63,1545.65,0
2005-01-20,1526.8,1534.53,1514.56,1514.56,0
2005-01-21,1519.3,1524.03,1502.48,1503.64,0
2005-01-24,1507.79,1509.83,1480.66,1480.66,0
2005-01-25,1492.65,1505.05,1488.6,1490.57,0
2005-01-26,1502.05,1513.44,1495.31,1509.01,0
2005-01-27,1505.25,1512.74,1497.36,1507.55,0
2005-01-28,1510.88,1512.82,1486.76,1499.46,0
2005-01-31,1515.16,1523.27,1513.06,1519.63,0
2005-02-01,1521.0,1527.91,1517.3,1523.66,0
2005-02-02,1527.29,1531.22,1515.45,1525.1,0
2005-02-03,1516.22,1518.13,1501.96,1508.24,0
2005-02-04,1507.74,1534.97,1507.69,1534.49,0
2005-02-07,1534.48,1538.38,1522.72,1529.05,0
2005-02-08,1529.55,1542.41,1527.04,1532.69,0
2005-02-09,1534.41,1534.48,1504.6,1506.81,0
2005-02-10,1512.71,1514.22,1497.35,1506.83,0
2005-02-11,1505.09,1535.54,1498.68,1530.51,0
2005-02-14,1534.01,1539.21,1532.54,1538.21,0
2005-02-15,1538.38,1561.17,1535.34,1547.3,0
2005-02-16,1541.26,1547.69,1535.37,1542.41,0
2005-02-17,1543.03,1546.69,1519.22,1519.29,0
2005-02-18,1519.21,1524.04,1512.73,1515.4,0
2005-02-21,0.0,0.0,0.0,1515.4,0
2005-02-22,1502.94,1523.51,1493.58,1494.07,0
2005-02-23,1502.83,1503.89,1489.99,1497.09,0
2005-02-24,1493.59,1517.88,1491.74,1517.71,0
2005-02-25,1515.75,1528.0,1513.47,1526.9,0
2005-02-28,1517.06,1524.7,1498.17,1511.02,0
2005-03-01,1516.63,1529.37,1515.2,1527.25,0
2005-03-02,1517.68,1541.14,1514.98,1525.28,0
2005-03-03,1530.13,1530.68,1502.32,1511.89,0
2005-03-04,1525.22,1530.59,1517.29,1520.58,0
2005-03-07,1524.04,1552.53,1523.73,1545.2,0
2005-03-08,1540.8,1549.56,1527.5,1528.65,0
2005-03-09,1526.9,1537.97,1520.45,1521.98,0
2005-03-10,1525.64,1527.98,1504.54,1524.38,0
2005-03-11,1528.65,1533.85,1501.99,1505.64,0
2005-03-14,1509.19,1515.16,1502.6,1515.09,0
2005-03-15,1520.26,1520.43,1500.88,1502.06,0
2005-03-16,1497.4,1508.16,1482.62,1486.23,0
2005-03-17,1487.72,1496.8,1483.1,1487.63,0
2005-03-18,1488.55,1490.57,1475.26,1484.4,0
2005-03-21,1483.16,1490.57,1470.94,1484.45,0
2005-03-22,1484.13,1490.44,1464.99,1465.09,0
2005-03-23,1463.43,1480.13,1463.43,1471.77,0
2005-03-24,1477.46,1485.96,1469.94,1469.94,0
2005-03-25,0.0,0.0,0.0,1469.94,0
2005-03-28,1476.4,1484.85,1472.71,1472.71,0
2005-03-29,1471.25,1483.43,1458.26,1464.34,0
2005-03-30,1470.13,1491.74,1469.97,1491.74,0
2005-03-31,1489.44,1490.8,1478.66,1482.53,0
2005-04-01,1491.83,1495.58,1466.49,1469.35,0
2005-04-04,1469.42,1482.06,1461.27,1476.72,0
2005-04-05,1480.99,1487.26,1477.55,1483.75,0
2005-04-06,1487.15,1497.39,1477.97,1480.67,0
2005-04-07,1481.13,1499.71,1481.13,1499.71,0
2005-04-08,1499.93,1503.21,1485.43,1485.6,0
2005-04-11,1490.43,1492.32,1477.13,1478.55,0
2005-04-12,1477.01,1490.1,1460.42,1489.16,0
2005-04-13,1484.39,1484.46,1459.97,1461.68,0
2005-04-14,1461.83,1462.81,1440.35,1441.13,0
2005-04-15,1425.73,1434.47,1407.82,1408.59,0
2005-04-18,1406.3,1418.76,1405.09,1409.98,0
2005-04-19,1419.53,1424.03,1410.54,1420.8,0
2005-04-20,1430.25,1432.11,1404.86,1406.85,0
2005-04-21,1424.17,1448.15,1419.25,1446.74,0
2005-04-22,1437.97,1438.72,1412.63,1421.21,0
2005-04-25,1430.99,1439.63,1426.73,1437.31,0
2005-04-26,1431.75,1446.82,1420.43,1420.43,0
2005-04-27,1413.22,1429.11,1409.49,1423.76,0
2005-04-28,1418.12,1425.69,1408.84,1409.29,0
2005-04-29,1420.64,1422.42,1394.36,1420.79,0
2005-05-02,1421.9,1430.05,1415.6,1423.71,0
2005-05-03,1421.28,1436.6,1421.28,1427.61,0
2005-05-04,1431.06,1453.2,1429.62,1452.2,0
2005-05-05,1450.73,1457.32,1442.23,1450.16,0
2005-05-06,1460.26,1460.76,1449.7,1456.0,0
2005-05-09,1455.68,1463.38,1446.77,1463.38,0
2005-05-10,1453.25,1458.4,1445.11,1450.36,0
2005-05-11,1452.31,1461.02,1432.83,1459.55,0
2005-05-12,1459.07,1468.17,1446.97,1454.79,0
2005-05-13,1459.23,1478.89,1455.88,1470.63,0
2005-05-16,1470.43,1481.29,1465.85,1480.68,0
2005-05-17,1474.05,1490.14,1469.44,1490.14,0
2005-05-18,1493.03,1514.76,1489.47,1509.26,0
2005-05-19,1510.62,1521.5,1508.71,1521.43,0
2005-05-20,1519.26,1528.06,1514.54,1528.06,0
2005-05-23,0.0,0.0,0.0,1528.06,0
2005-05-24,1531.25,1540.68,1529.4,1540.47,0
2005-05-25,1535.9,1535.9,1524.41,1532.71,0
2005-05-26,1540.05,1551.12,1539.74,1548.8,0
2005-05-27,1546.74,1551.03,1541.76,1549.8,0
2005-05-30,0.0,0.0,0.0,1549.8,0
2005-05-31,1549.48,1550.18,1538.54,1542.63,0
2005-06-01,1541.92,1567.04,1541.92,1559.5,0
2005-06-02,1553.43,1568.96,1553.05,1568.96,0
2005-06-03,1565.48,1566.14,1542.05,1544.48,0
2005-06-06,1544.96,1548.55,1539.57,1545.27,0
2005-06-07,1546.71,1559.53,1531.07,1531.12,0
2005-06-08,1536.92,1538.24,1524.13,1527.68,0
2005-06-09,1526.15,1542.75,1520.61,1539.46,0
2005-06-10,1537.57,1537.57,1515.96,1521.02,0
2005-06-13,1519.61,1538.66,1519.61,1529.13,0
2005-06-14,1529.02,1534.15,1520.88,1524.42,0
2005-06-15,1533.9,1535.43,1510.82,1529.49,0
2005-06-16,1531.02,1540.52,1527.71,1537.42,0
2005-06-17,1550.63,1550.63,1532.56,1538.13,0
2005-06-20,1529.65,1545.52,1526.06,1537.31,0
2005-06-21,1535.48,1542.73,1530.91,1536.48,0
2005-06-22,1542.13,1545.54,1527.93,1534.36,0
2005-06-23,1537.64,1549.0,1515.79,1515.95,0
2005-06-24,1516.84,1518.01,1500.18,1500.18,0
2005-06-27,1497.29,1503.79,1490.02,1493.75,0
2005-06-28,1500.65,1512.64,1498.48,1508.61,0
2005-06-29,1511.95,1512.77,1501.72,1504.11,0
2005-06-30,1507.02,1510.21,1492.94,1493.52,0
2005-07-01,1497.02,1501.95,1489.74,1490.53,0
2005-07-04,0.0,0.0,0.0,1490.53,0
2005-07-05,1485.96,1509.19,1485.96,1506.35,0
2005-07-06,1503.07,1512.91,1497.46,1498.05,0
2005-07-07,1484.92,1505.3,1484.18,1503.78,0
2005-07-08,1505.53,1534.29,1502.2,1533.27,0
2005-07-11,1536.45,1547.98,1535.07,1547.66,0
2005-07-12,1546.52,1560.15,1543.14,1555.59,0
2005-07-13,1555.24,1559.37,1549.81,1557.62,0
2005-07-14,1570.31,1577.48,1563.93,1573.44,0
2005-07-15,1577.27,1582.4,1568.82,1577.82,0
2005-07-18,1573.62,1578.12,1570.02,1570.09,0
2005-07-19,1580.25,1590.76,1577.0,1590.49,0
2005-07-20,1580.06,1605.45,1578.87,1602.75,0
2005-07-21,1606.84,1610.84,1591.72,1601.89,0
2005-07-22,1601.68,1606.42,1592.03,1600.76,0
2005-07-25,1600.62,1607.97,1591.4,1593.57,0
2005-07-26,1596.81,1603.89,1591.58,1598.93,0
2005-07-27,1601.39,1613.39,1592.76,1611.95,0
2005-07-28,1613.29,1619.78,1609.62,1618.64,0
2005-07-29,1616.42,1619.95,1605.14,1605.14,0
2005-08-01,1609.74,1616.4,1604.58,1610.11,0
2005-08-02,1611.86,1628.57,1611.86,1627.01,0
2005-08-03,1619.98,1628.53,1618.4,1627.19,0
2005-08-04,1619.18,1621.0,1606.6,1608.74,0
2005-08-05,1606.63,1614.22,1600.25,1601.59,0
2005-08-08,1604.23,1607.01,1588.74,1589.97,0
2005-08-09,1596.15,1606.51,1595.71,1601.14,0
2005-08-10,1604.8,1610.21,1582.31,1585.71,0
2005-08-11,1587.77,1603.66,1586.67,1600.65,0
2005-08-12,1587.69,1594.96,1581.41,1591.75,0
2005-08-15,1587.59,1606.96,1585.66,1600.71,0
2005-08-16,1595.86,1596.54,1572.44,1574.01,0
2005-08-17,1577.57,1588.8,1573.87,1582.29,0
2005-08-18,1578.2,1585.28,1573.4,1575.76,0
2005-08-19,1576.57,1581.95,1573.7,1573.72,0
2005-08-22,1577.15,1588.92,1565.81,1575.59,0
2005-08-23,1575.47,1578.46,1566.72,1571.3,0
2005-08-24,1568.02,1588.9,1561.15,1561.71,0
2005-08-25,1564.42,1569.51,1562.03,1565.88,0
2005-08-26,1563.85,1565.55,1552.99,1558.84,0
2005-08-29,1551.36,1575.45,1551.31,1571.52,0
2005-08-30,1565.17,1566.47,1554.49,1565.73,0
2005-08-31,1566.86,1582.09,1561.42,1581.71,0
2005-09-01,1581.23,1587.82,1573.54,1577.25,0
2005-09-02,1581.52,1583.0,1571.82,1573.12,0
2005-09-05,0.0,0.0,0.0,1573.12,0
2005-09-06,1580.21,1597.71,1578.99,1597.27,0
2005-09-07,1593.44,1600.79,1590.9,1599.86,0
2005-09-08,1594.82,1604.91,1593.3,1597.68,0
2005-09-09,1599.98,1610.12,1595.31,1607.83,0
2005-09-12,1607.6,1616.82,1605.99,1612.2,0
2005-09-13,1609.58,1619.12,1604.13,1607.38,0
2005-09-14,1609.22,1609.37,1589.41,1589.63,0
2005-09-15,1594.51,1596.38,1585.07,1588.55,0
2005-09-16,1592.1,1600.44,1587.18,1599.44,0
2005-09-19,1595.08,1597.97,1579.51,1586.05,0
2005-09-20,1589.33,1604.02,1575.58,1578.2,0
2005-09-21,1577.1,1577.67,1561.47,1561.84,0
2005-09-22,1559.94,1570.94,1551.81,1567.36,0
2005-09-23,1563.97,1577.05,1559.57,1571.75,0
2005-09-26,1581.16,1584.58,1564.52,1572.86,0
2005-09-27,1575.84,1578.18,1563.21,1568.84,0
2005-09-28,1575.16,1580.67,1565.02,1568.81,0
2005-09-29,1567.44,1591.15,1560.87,1589.93,0
2005-09-30,1589.24,1601.69,1588.22,1601.66,0
2005-10-03,1603.47,1612.53,1603.39,1605.59,0
2005-10-04,1606.15,1617.77,1594.56,1595.54,0
2005-10-05,1595.39,1595.83,1571.46,1571.52,0
2005-10-06,1573.15,1576.36,1540.34,1552.94,0
2005-10-07,1558.93,1563.27,1549.94,1555.92,0
2005-10-10,1554.74,1560.65,1545.9,1546.99,0
2005-10-11,1551.01,1551.54,1534.61,1539.31,0
2005-10-12,1532.23,1543.5,1519.3,1521.19,0
2005-10-13,1519.36,1538.15,1515.42,1533.8,0
2005-10-14,1537.43,1545.13,1529.42,1544.29,0
2005-10-17,1544.58,1549.95,1536.01,1549.88,0
2005-10-18,1548.29,1549.41,1538.39,1538.43,0
2005-10-19,1532.47,1569.61,1526.82,1569.61,0
2005-10-20,1568.53,1576.46,1547.07,1555.59,0
2005-10-21,1571.17,1572.71,1558.18,1565.12,0
2005-10-24,1570.33,1590.73,1561.45,1590.65,0
2005-10-25,1584.95,1590.05,1573.66,1585.82,0
2005-10-26,1580.0,1593.47,1573.14,1575.14,0
2005-10-27,1571.64,1573.8,1543.38,1543.38,0
2005-10-28,1548.83,1557.57,1538.78,1557.11,0
2005-10-31,1559.84,1584.09,1559.84,1579.18,0
2005-11-01,1572.97,1582.67,1571.19,1576.52,0
2005-11-02,1570.83,1600.75,1570.75,1597.29,0
2005-11-03,1611.52,1626.48,1610.9,1619.67,0
2005-11-04,1622.56,1631.79,1616.84,1628.03,0
2005-11-07,1630.76,1634.53,1621.5,1629.27,0
2005-11-08,1626.24,1636.84,1623.16,1628.4,0
2005-11-09,1627.62,1636.36,1624.55,1630.21,0
2005-11-10,1629.56,1651.05,1620.74,1650.93,0
2005-11-11,1653.41,1659.72,1651.09,1653.36,0
2005-11-14,1653.65,1657.53,1648.26,1651.9,0
2005-11-15,1651.97,1658.65,1638.97,1644.31,0
2005-11-16,1648.92,1653.74,1642.36,1651.45,0
2005-11-17,1659.16,1676.39,1657.27,1676.39,0
2005-11-18,1685.05,1689.59,1674.75,1679.85,0
2005-11-21,1678.7,1686.79,1673.05,1686.23,0
2005-11-22,1681.37,1698.32,1679.1,1694.14,0
2005-11-23,1691.96,1704.42,1691.08,1696.77,0
2005-11-24,0.0,0.0,0.0,1696.77,0
2005-11-25,1699.13,1701.06,1693.33,1701.05,0
2005-11-28,1702.4,1703.08,1683.83,1684.39,0
2005-11-29,1693.11,1697.58,1676.76,1676.84,0
2005-11-30,1675.92,1683.62,1671.34,1672.56,0
2005-12-01,1683.39,1705.19,1683.39,1704.28,0
2005-12-02,1702.36,1709.1,1698.9,1709.1,0
2005-12-05,1704.12,1704.94,1689.6,1694.77,0
2005-12-06,1706.62,1716.65,1700.16,1701.35,0
2005-12-07,1703.31,1706.12,1688.9,1697.04,0
2005-12-08,1701.01,1702.84,1674.74,1685.59,0
2005-12-09,1687.44,1694.13,1679.22,1692.62,0
2005-12-12,1698.54,1700.93,1691.57,1698.35,0
2005-12-13,1696.28,1711.83,1693.9,1705.77,0
2005-12-14,1701.49,1707.74,1692.44,1698.98,0
2005-12-15,1703.39,1705.93,1688.07,1701.7,0
2005-12-16,1700.92,1704.38,1688.26,1688.68,0
2005-12-19,1692.21,1694.65,1663.56,1664.36,0
2005-12-20,1665.6,1672.47,1657.71,1665.07,0
2005-12-21,1669.34,1682.84,1665.34,1670.61,0
2005-12-22,1672.59,1685.49,1671.78,1683.35,0
2005-12-23,1687.58,1690.41,1679.28,1682.92,0
2005-12-26,0.0,0.0,0.0,1682.92,0
2005-12-27,1686.92,1693.58,1666.46,1668.37,0
2005-12-28,1671.27,1674.07,1662.09,1667.1,0
2005-12-29,1668.78,1671.32,1653.53,1655.36,0
2005-12-30,1648.1,1649.9,1641.86,1645.2,0
2006-01-02,0.0,0.0,0.0,1645.2,0
2006-01-03,1654.39,1686.59,1633.62,1679.93,0
2006-01-04,1684.5,1696.63,1681.97,1695.83,0
2006-01-05,1697.8,1707.71,1697.33,1705.29,0
2006-01-06,1718.17,1735.5,1710.86,1734.99,0
2006-01-09,1734.5,1745.12,1729.6,1741.9,0
2006-01-10,1732.25,1744.47,1730.25,1744.02,0
2006-01-11,1748.88,1761.46,1743.85,1758.24,0
2006-01-12,1754.91,1760.12,1742.85,1747.35,0
2006-01-13,1748.37,1750.27,1738.01,1746.78,0
2006-01-16,0.0,0.0,0.0,1746.78,0
2006-01-17,1733.91,1739.25,1728.62,1736.39,0
2006-01-18,1708.13,1726.28,1707.75,1716.62,0
2006-01-19,1725.34,1740.59,1720.56,1729.92,0
2006-01-20,1725.75,1727.02,1674.64,1676.38,0
2006-01-23,1681.46,1685.67,1670.47,1676.3,0
2006-01-24,1682.8,1695.41,1680.61,1686.22,0
2006-01-25,1694.54,1694.54,1670.33,1677.0,0
2006-01-26,1687.5,1694.63,1677.25,1690.49,0
2006-01-27,1699.17,1722.93,1697.88,1711.17,0
2006-01-30,1713.04,1720.88,1711.42,1713.38,0
2006-01-31,1714.39,1717.95,1700.34,1710.58,0
2006-02-01,1696.47,1714.28,1695.83,1712.88,0
2006-02-02,1709.93,1711.15,1684.67,1685.7,0
2006-02-03,1673.55,1676.18,1658.38,1664.42,0
2006-02-06,1665.02,1667.48,1650.99,1657.61,0
2006-02-07,1656.05,1663.99,1644.84,1651.9,0
2006-02-08,1666.38,1672.44,1654.03,1670.44,0
2006-02-09,1677.04,1681.92,1652.09,1654.09,0
2006-02-10,1654.61,1668.72,1637.26,1663.67,0
2006-02-13,1653.32,1655.81,1638.53,1645.8,0
2006-02-14,1648.96,1666.91,1643.17,1661.86,0
2006-02-15,1659.08,1676.14,1655.22,1673.23,0
2006-02-16,1678.74,1688.52,1672.93,1688.52,0
2006-02-17,1683.6,1684.21,1674.89,1675.19,0
2006-02-20,0.0,0.0,0.0,1675.19,0
2006-02-21,1676.44,1676.93,1650.94,1655.69,0
2006-02-22,1658.48,1684.15,1653.68,1677.48,0
2006-02-23,0.0,0.0,0.0,1677.48,0
2006-02-24,0.0,0.0,0.0,1677.48,0
2006-02-27,1681.46,1701.1,1680.43,1695.67,0
2006-02-28,1689.99,1695.35,1665.63,1670.15,0
2006-03-01,1676.8,1697.25,1672.6,1694.56,0
2006-03-02,1687.52,1699.72,1683.38,1693.78,0
2006-03-03,1684.82,1706.41,1682.71,1684.19,0
2006-03-06,1689.21,1691.11,1665.37,1669.93,0
2006-03-07,1666.61,1668.82,1652.59,1661.04,0
2006-03-08,1656.39,1668.06,1646.03,1660.35,0
2006-03-09,1666.56,1671.84,1644.86,1645.1,0
2006-03-10,1645.73,1657.31,1634.25,1648.39,0
2006-03-13,1656.19,1663.73,1650.94,1653.79,0
2006-03-14,1650.09,1682.93,1650.93,1681.06,0
2006-03-15,1687.23,1694.9,1680.06,1694.76,0
2006-03-16,1701.0,1703.11,1679.05,1679.12,0
2006-03-17,1681.22,1690.96,1676.63,1685.7,0
2006-03-20,1690.92,1695.04,1684.16,1688.98,0
2006-03-21,1688.38,1707.69,1671.2,1672.4,0
2006-03-22,1664.17,1678.73,1662.56,1676.31,0
2006-03-23,1672.92,1676.28,1660.82,1670.57,0
2006-03-24,1676.96,1687.56,1669.17,1679.77,0
2006-03-27,1679.38,1687.54,1678.05,1680.7,0
2006-03-28,1681.83,1694.6,1667.95,1673.0,0
2006-03-29,1676.32,1711.26,1674.88,1703.87,0
2006-03-30,1705.99,1720.2,1700.15,1708.68,0
2006-03-31,1712.64,1715.62,1701.86,1703.77,0
2006-04-03,1715.61,1723.06,1704.92,1706.75,0
2006-04-04,1707.22,1720.43,1705.27,1716.5,0
2006-04-05,1723.24,1735.13,1717.28,1732.76,0
2006-04-06,1734.21,1745.68,1727.14,1739.19,0
2006-04-07,1742.91,1750.23,1720.62,1723.0,0
2006-04-10,1723.81,1727.82,1712.47,1718.85,0
2006-04-11,1723.13,1725.66,1696.67,1704.37,0
2006-04-12,1705.38,1710.92,1701.29,1704.77,0
2006-04-13,1703.92,1721.05,1700.55,1712.02,0
2006-04-14,0.0,0.0,0.0,1712.02,0
2006-04-17,1709.9,1716.72,1684.35,1694.31,0
2006-04-18,1699.65,1730.33,1699.0,1726.49,0
2006-04-19,1730.41,1734.1,1720.64,1734.1,0
2006-04-20,1735.07,1741.35,1724.62,1728.95,0
2006-04-21,1743.07,1737.2,1701.57,1708.88,0
2006-04-24,1706.53,1711.04,1697.0,1706.4,0
2006-04-25,1710.42,1711.35,1694.52,1701.48,0
2006-04-26,1706.15,1710.0,1696.5,1702.2,0
2006-04-27,1694.35,1727.79,1688.25,1717.08,0
2006-04-28,1706.77,1717.49,1699.51,1700.73,0
2006-05-01,1705.95,1709.44,1680.52,1685.15,0
2006-05-02,1694.74,1697.18,1686.65,1689.91,0
2006-05-03,1693.44,1693.52,1679.26,1686.36,0
2006-05-04,1687.34,1707.36,1688.41,1701.01,0
2006-05-05,1713.17,1716.19,1706.33,1713.84,0
2006-05-08,1712.6,1721.13,1712.18,1715.23,0
2006-05-09,1712.06,1715.73,1708.03,1711.17,0
2006-05-10,1705.59,1707.38,1690.9,1694.82,0
2006-05-11,1693.17,1694.47,1653.79,1657.48,0
2006-05-12,1650.24,1652.26,1634.65,1635.81,0
2006-05-15,1629.34,1640.1,1619.26,1634.78,0
2006-05-16,1637.09,1637.7,1617.97,1623.69,0
2006-05-17,1610.64,1618.85,1595.62,1598.91,0
2006-05-18,1608.17,1612.53,1587.04,1587.11,0
2006-05-19,1583.45,1604.48,1575.81,1600.86,0
2006-05-22,1589.48,1595.06,1571.06,1584.57,0
2006-05-23,1597.1,1601.75,1569.01,1569.01,0
2006-05-24,1566.39,1586.62,1554.76,1580.18,0
2006-05-25,1592.84,1600.22,1579.24,1599.68,0
2006-05-26,1607.83,1606.46,1595.29,1606.37,0
2006-05-29,0.0,0.0,0.0,1606.37,0
2006-05-30,0.0,0.0,0.0,1606.37,0
2006-05-31,1575.69,1587.78,1568.22,1579.58,0
2006-06-01,1581.53,1616.57,1579.58,1616.57,0
2006-06-02,1627.49,1626.29,1599.17,1612.9,0
2006-06-05,1604.67,1612.9,1577.49,1577.5,0
2006-06-06,1580.4,1583.9,1560.23,1575.39,0
2006-06-07,1578.75,1592.37,1563.95,1565.22,0
2006-06-08,1555.62,1566.59,1525.78,1561.55,0
2006-06-09,1566.68,1575.12,1550.14,1557.45,0
2006-06-12,1554.22,1555.09,1520.29,1520.31,0
2006-06-13,1521.86,1536.5,1511.53,1516.85,0
2006-06-14,1519.99,1531.59,1512.98,1530.26,0
2006-06-15,1538.86,1576.79,1530.26,1573.08,0
2006-06-16,0.0,0.0,0.0,1573.08,0
2006-06-19,1568.17,1568.89,1543.85,1548.94,0
2006-06-20,1550.4,1565.17,1544.3,1548.32,0
2006-06-21,1552.67,1585.88,1548.32,1573.56,0
2006-06-22,1570.2,1573.67,1546.12,1554.49,0
2006-06-23,1550.75,1566.9,1544.11,1551.05,0
2006-06-26,1553.22,1561.47,1549.13,1556.17,0
2006-06-27,1556.2,1559.19,1525.89,1527.0,0
2006-06-28,1531.13,1538.65,1520.93,1538.25,0
2006-06-29,1547.03,1585.56,1538.25,1585.56,0
2006-06-30,1590.03,1590.83,1574.38,1575.23,0
2006-07-03,1580.56,1586.44,1575.23,1586.25,0
2006-07-04,0.0,0.0,0.0,1586.25,0
2006-07-05,1573.52,1586.25,1550.58,1553.95,0
2006-07-06,1556.59,1564.96,1547.28,1551.55,0
2006-07-07,1544.7,1553.09,1529.4,1533.71,0
2006-07-10,1538.8,1543.12,1513.47,1520.9,0
2006-07-11,1515.51,1534.97,1508.91,1533.06,0
2006-07-12,1528.16,1533.06,1499.77,1501.46,0
2006-07-13,1489.66,1506.53,1478.13,1478.16,0
2006-07-14,1478.17,1480.31,1456.38,1462.17,0
2006-07-17,1461.64,1475.21,1459.9,1468.5,0
2006-07-18,1470.97,1477.8,1446.77,1472.34,0
2006-07-19,1466.72,1498.32,1467.3,1490.6,0
2006-07-20,1496.99,1497.14,1466.27,1466.89,0
2006-07-21,1456.55,1463.44,1450.24,1451.88,0
2006-07-24,1458.74,1482.34,1457.11,1482.34,0
2006-07-25,1481.23,1494.14,1475.12,1489.52,0
2006-07-26,1483.76,1499.43,1474.67,1487.88,0
2006-07-27,1497.94,1506.75,1475.91,1478.53,0
2006-07-28,1488.75,1511.0,1485.96,1510.3,0
2006-07-31,1506.54,1517.86,1501.78,1509.43,0
2006-08-01,1497.62,1498.17,1476.06,1484.94,0
2006-08-02,1492.67,1510.51,1490.41,1500.48,0
2006-08-03,1487.08,1518.41,1484.6,1510.6,0
2006-08-04,1522.42,1530.04,1490.16,1503.84,0
2006-08-07,1500.22,1501.43,1487.19,1494.13,0
2006-08-08,1499.96,1500.76,1476.48,1484.8,0
2006-08-09,1502.42,1517.9,1482.49,1485.64,0
2006-08-10,1481.29,1499.93,1478.2,1496.28,0
2006-08-11,1490.21,1491.97,1479.69,1486.74,0
2006-08-14,1500.79,1515.68,1493.74,1494.33,0
2006-08-15,1515.62,1534.78,1508.94,1534.43,0
2006-08-16,1546.87,1570.06,1539.59,1570.06,0
2006-08-17,1564.92,1584.72,1562.62,1573.59,0
2006-08-18,1574.7,1578.35,1557.89,1576.46,0
2006-08-21,1565.55,1567.5,1556.28,1561.12,0
2006-08-22,1558.33,1577.54,1555.98,1563.43,0
2006-08-23,1566.02,1571.48,1543.86,1550.41,0
2006-08-24,1558.15,1558.94,1542.57,1555.19,0
2006-08-25,1547.88,1570.34,1548.01,1557.7,0
2006-08-28,1557.13,1574.45,1556.52,1570.29,0
2006-08-29,1570.22,1575.45,1552.4,1573.65,0
2006-08-30,1575.81,1583.77,1570.15,1581.95,0
2006-08-31,1585.27,1586.6,1576.33,1579.73,0
2006-09-01,1589.58,1593.66,1581.91,1589.47,0
2006-09-04,0.0,0.0,0.0,1589.47,0
2006-09-05,1589.5,1605.02,1580.21,1603.69,0
2006-09-06,1592.13,1592.89,1570.42,1572.2,0
2006-09-07,1567.96,1581.44,1560.05,1564.84,0
2006-09-08,1569.96,1578.12,1564.55,1574.71,0
2006-09-11,1564.07,1591.12,1558.17,1583.78,0
2006-09-12,1585.58,1617.55,1584.85,1615.75,0
2006-09-13,1614.85,1625.55,1611.98,1623.99,0
2006-09-14,1619.36,1629.27,1617.97,1625.98,0
2006-09-15,1641.08,1645.6,1627.54,1632.44,0
2006-09-18,1631.17,1643.53,1625.8,1632.17,0
2006-09-19,1635.27,1638.08,1608.51,1621.07,0
2006-09-20,1635.86,1648.9,1635.28,1645.35,0
2006-09-21,1648.99,1654.4,1631.29,1634.87,0
2006-09-22,1633.34,1633.15,1615.98,1622.37,0
2006-09-25,1631.83,1653.86,1615.14,1650.37,0
2006-09-26,1649.35,1659.6,1644.29,1659.2,0
2006-09-27,1654.15,1665.61,1648.14,1655.67,0
2006-09-28,1658.35,1663.28,1645.2,1661.59,0
2006-09-29,1666.15,1666.03,1653.74,1654.13,0
2006-10-02,1650.55,1655.67,1631.36,1632.81,0
2006-10-03,1628.98,1646.74,1623.07,1640.29,0
2006-10-04,1636.83,1681.14,1634.23,1681.14,0
2006-10-05,1679.59,1690.41,1676.08,1689.43,0
2006-10-06,1682.34,1690.8,1678.55,1684.88,0
2006-10-09,1683.09,1698.38,1681.64,1691.08,0
2006-10-10,1692.41,1698.26,1681.44,1693.29,0
2006-10-11,1686.73,1701.58,1675.98,1691.28,0
2006-10-12,1698.61,1718.72,1697.47,1718.54,0
2006-10-13,1715.99,1729.26,1714.58,1727.21,0
2006-10-16,1726.04,1733.73,1725.7,1727.61,0
2006-10-17,1715.05,1718.1,1699.88,1709.61,0
2006-10-18,1717.24,1721.43,1695.37,1700.75,0
2006-10-19,1698.53,1713.43,1693.19,1706.37,0
2006-10-20,1712.53,1713.45,1695.21,1709.58,0
2006-10-23,1704.4,1732.52,1702.58,1725.93,0
2006-10-24,1722.31,1726.78,1706.22,1713.88,0
2006-10-25,1716.56,1729.9,1711.68,1726.76,0
2006-10-26,1730.28,1745.79,1718.53,1744.07,0
2006-10-27,1738.44,1741.61,1712.76,1717.61,0
2006-10-30,1713.97,1735.02,1711.85,1727.8,0
2006-10-31,1734.49,1739.33,1722.15,1732.54,0
2006-11-01,1739.37,1739.79,1702.18,1707.65,0
2006-11-02,1701.55,1714.37,1698.6,1710.17,0
2006-11-03,1712.31,1716.65,1693.19,1703.98,0
2006-11-06,1711.69,1736.54,1712.03,1732.26,0
2006-11-07,1731.77,1752.95,1728.27,1741.53,0
2006-11-08,1731.48,1757.18,1728.35,1749.75,0
2006-11-09,1761.54,1762.95,1736.66,1740.14,0
2006-11-10,1742.81,1751.11,1736.39,1751.11,0
2006-11-13,1751.1,1770.54,1749.52,1768.0,0
2006-11-14,1768.3,1787.88,1759.24,1787.23,0
2006-11-15,1787.19,1804.88,1786.71,1793.82,0
2006-11-16,1798.61,1806.0,1790.96,1801.97,0
2006-11-17,1789.5,1800.9,1788.05,1800.67,0
2006-11-20,1794.7,1808.71,1790.47,1803.81,0
2006-11-21,1807.15,1809.8,1800.3,1808.88,0
2006-11-22,1815.68,1820.2,1800.72,1819.76,0
2006-11-23,0.0,0.0,0.0,1819.76,0
2006-11-24,1804.63,1824.21,1805.39,1815.53,0
2006-11-27,1809.96,1813.92,1775.17,1775.17,0
2006-11-28,1768.74,1782.65,1763.34,1780.34,0
2006-11-29,1789.23,1796.5,1776.1,1792.77,0
2006-11-30,1791.04,1800.47,1781.49,1791.25,0
2006-12-01,1790.75,1793.31,1760.01,1775.12,0
2006-12-04,1784.04,1808.12,1782.13,1799.93,0
2006-12-05,1806.69,1810.82,1797.37,1804.85,0
2006-12-06,1800.42,1804.88,1792.29,1799.13,0
2006-12-07,1803.18,1808.2,1777.2,1777.46,0
2006-12-08,1773.29,1799.22,1767.83,1786.21,0
2006-12-11,1783.14,1803.38,1779.65,1791.74,0
2006-12-12,1791.72,1794.05,1771.3,1781.97,0
2006-12-13,1795.47,1793.86,1774.05,1783.44,0
2006-12-14,1786.89,1811.08,1786.52,1803.41,0
2006-12-15,1810.66,1821.18,1805.45,1808.56,0
2006-12-18,1811.96,1820.94,1783.24,1790.99,0
2006-12-19,1776.52,1792.78,1766.35,1785.12,0
2006-12-20,1785.4,1795.41,1777.92,1777.92,0
2006-12-21,1780.3,1781.51,1759.08,1766.28,0
2006-12-22,1764.28,1765.98,1748.61,1748.61,0
2006-12-25,0.0,0.0,0.0,1748.61,0
2006-12-26,1745.77,1754.7,1746.07,1753.55,0
2006-12-27,1759.28,1766.15,1754.87,1763.41,0
2006-12-28,1757.75,1765.06,1752.64,1758.94,0
2006-12-29,1758.46,1774.64,1755.04,1756.9,0
2007-01-01,0.0,0.0,0.0,1756.9,0
2007-01-02,0.0,0.0,0.0,1756.9,0
2007-01-03,1766.76,1793.05,1731.71,1759.37,0
2007-01-04,1763.13,1799.07,1757.0,1792.91,0
2007-01-05,1787.43,1787.79,1770.29,1785.3,0
2007-01-08,1786.16,1795.45,1776.99,1787.14,0
2007-01-09,1791.18,1802.44,1776.73,1795.63,0
2007-01-10,1790.12,1817.22,1784.28,1816.15,0
2007-01-11,1822.28,1840.88,1818.09,1834.86,0
2007-01-12,1830.71,1845.68,1830.34,1844.81,0
2007-01-15,0.0,0.0,0.0,1844.81,0
2007-01-16,1843.89,1847.54,1836.83,1842.44,0
2007-01-17,1836.99,1843.07,1824.74,1827.68,0
2007-01-18,1823.04,1824.34,1789.39,1793.68,0
2007-01-19,1785.29,1802.22,1787.52,1796.81,0
2007-01-22,1799.84,1800.53,1771.24,1779.02,0
2007-01-23,1775.73,1790.07,1771.44,1773.4,0
2007-01-24,1784.05,1803.46,1781.82,1802.63,0
2007-01-25,1807.23,1810.24,1774.58,1777.75,0
2007-01-26,1782.59,1784.82,1763.3,1772.97,0
2007-01-29,1769.84,1786.97,1767.09,1775.08,0
2007-01-30,1780.15,1782.21,1772.03,1777.76,0
2007-01-31,1774.45,1798.49,1764.63,1792.28,0
2007-02-01,1801.95,1806.81,1785.54,1791.45,0
2007-02-02,1794.87,1800.39,1788.97,1798.13,0
2007-02-05,1796.47,1804.4,1789.72,1795.39,0
2007-02-06,1799.67,1800.05,1776.51,1793.06,0
2007-02-07,1802.61,1816.77,1796.18,1810.95,0
2007-02-08,1806.56,1814.48,1800.63,1810.54,0
2007-02-09,1815.47,1819.3,1780.44,1785.53,0
2007-02-12,1786.33,1787.11,1774.25,1778.42,0
2007-02-13,1781.3,1789.98,1778.66,1783.82,0
2007-02-14,1791.95,1818.55,1792.29,1814.98,0
2007-02-15,1815.44,1824.09,1813.07,1823.41,0
2007-02-16,1815.82,1823.37,1813.9,1821.49,0
2007-02-19,0.0,0.0,0.0,1821.49,0
2007-02-20,1817.1,1835.31,1808.11,1833.71,0
2007-02-21,1826.36,1839.13,1824.53,1839.13,0
2007-02-22,1846.2,1851.47,1832.6,1846.34,0
2007-02-23,1844.24,1846.77,1832.4,1839.77,0
2007-02-26,1847.92,1849.09,1819.76,1830.59,0
2007-02-27,1801.29,1808.08,1750.7,1756.27,0
2007-02-28,1757.21,1778.17,1746.29,1761.6,0
2007-03-01,1728.37,1768.96,1717.95,1753.45,0
2007-03-02,1743.78,1752.86,1726.03,1726.03,0
2007-03-05,1713.34,1739.05,1710.97,1712.94,0
2007-03-06,1732.03,1747.21,1727.12,1743.1,0
2007-03-07,1740.43,1746.86,1733.82,1736.1,0
2007-03-08,1753.72,1757.52,1741.47,1746.43,0
2007-03-09,1761.3,1760.96,1734.35,1744.74,0
2007-03-12,1741.31,1758.49,1742.05,1756.42,0
2007-03-13,1746.65,1756.22,1722.48,1722.48,0
2007-03-14,1725.41,1743.15,1711.28,1743.15,0
2007-03-15,1742.67,1749.58,1737.04,1744.87,0
2007-03-16,1747.24,1750.39,1733.58,1742.23,0
2007-03-19,1752.46,1764.37,1747.05,1758.23,0
2007-03-20,1758.82,1772.74,1757.94,1767.25,0
2007-03-21,1774.63,1806.35,1763.54,1806.35,0
2007-03-22,1804.47,1807.43,1793.38,1799.75,0
2007-03-23,1798.2,1804.63,1792.74,1794.04,0
2007-03-26,1795.7,1802.95,1774.96,1802.95,0
2007-03-27,1796.71,1798.89,1787.98,1789.93,0
2007-03-28,1781.77,1789.65,1770.54,1770.54,0
2007-03-29,1783.06,1783.48,1753.43,1771.72,0
2007-03-30,1772.71,1783.33,1758.1,1772.36,0
2007-04-02,1775.69,1779.3,1761.65,1773.33,0
2007-04-03,1782.85,1801.9,1781.89,1796.31,0
2007-04-04,1799.8,1804.54,1795.0,1801.74,0
2007-04-05,1798.68,1812.94,1798.53,1812.94,0
2007-04-06,0.0,0.0,0.0,1812.94,0
2007-04-09,1816.99,1819.04,1805.09,1808.19,0
2007-04-10,1806.66,1816.93,1806.91,1816.93,0
2007-04-11,1813.73,1815.73,1793.25,1798.09,0
2007-04-12,1793.55,1814.68,1788.4,1813.49,0
2007-04-13,1811.52,1818.42,1801.89,1816.85,0
2007-04-16,1823.32,1835.68,1823.69,1833.96,0
2007-04-17,1834.39,1838.1,1829.11,1834.91,0
2007-04-18,1829.13,1839.31,1823.29,1832.39,0
2007-04-19,1824.19,1840.28,1819.31,1832.47,0
2007-04-20,1857.14,1856.43,1838.77,1845.89,0
2007-04-23,1847.4,1854.75,1844.8,1850.18,0
2007-04-24,1856.41,1863.76,1844.05,1858.87,0
2007-04-25,1866.79,1883.58,1859.06,1881.33,0
2007-04-26,1889.63,1896.77,1884.26,1889.57,0
2007-04-27,1885.38,1894.97,1883.36,1891.06,0
2007-04-30,1891.49,1891.81,1867.75,1867.75,0
2007-05-01,1869.86,1876.19,1857.33,1873.43,0
2007-05-02,1875.3,1894.3,1874.39,1889.73,0
2007-05-03,1893.16,1899.49,1888.74,1895.64,0
2007-05-04,1903.42,1905.85,1888.4,1895.7,0
2007-05-07,1896.67,1901.42,1893.97,1895.96,0
2007-05-08,0.0,0.0,0.0,1895.96,0
2007-05-09,1889.99,1909.3,1890.16,1905.65,0
2007-05-10,1897.14,1902.19,1874.24,1875.2,0
2007-05-11,1878.65,1899.44,1878.38,1898.84,0
2007-05-14,1901.66,1906.38,1878.63,1888.08,0
2007-05-15,1887.63,1898.02,1870.24,1871.79,0
2007-05-16,1880.51,1891.57,1866.98,1891.57,0
2007-05-17,1888.15,1892.71,1882.04,1884.68,0
2007-05-18,1892.0,1898.34,1885.93,1896.93,0
2007-05-21,1898.16,1919.6,1897.86,1911.16,0
2007-05-22,1912.63,1921.81,1905.77,1916.45,0
2007-05-23,1920.52,1925.43,1903.87,1904.41,0
2007-05-24,1904.3,1911.48,1869.51,1874.6,0
2007-05-25,1881.79,1892.71,1877.73,1889.25,0
2007-05-28,0.0,0.0,0.0,1889.25,0
2007-05-29,1889.66,1904.31,1887.26,1899.79,0
2007-05-30,1889.77,1918.08,1884.45,1918.08,0
2007-05-31,1922.94,1931.1,1919.27,1928.19,0
2007-06-01,1934.61,1940.81,1925.65,1928.26,0
2007-06-04,1920.55,1935.85,1920.21,1933.73,0
2007-06-05,1927.99,1932.94,1916.38,1932.35,0
2007-06-06,1925.26,1924.51,1908.8,1914.85,0
2007-06-07,1906.96,1918.82,1882.17,1882.17,0
2007-06-08,1883.99,1906.79,1876.52,1906.26,0
2007-06-11,1905.86,1917.43,1900.73,1901.96,0
2007-06-12,1892.6,1911.14,1887.77,1890.67,0
2007-06-13,1897.76,1913.87,1892.55,1913.87,0
2007-06-14,1914.63,1929.59,1913.53,1924.54,0
2007-06-15,1946.93,1946.7,1937.99,1942.41,0
2007-06-18,1946.61,1947.79,1939.27,1944.37,0
2007-06-19,1938.68,1946.88,1932.75,1941.75,0
2007-06-20,1946.19,1948.58,1922.07,1922.12,0
2007-06-21,1921.38,1943.42,1915.77,1941.32,0
2007-06-22,1936.29,1940.28,1917.52,1921.94,0
2007-06-25,1922.88,1934.84,1905.02,1912.9,0
2007-06-26,1925.05,1924.42,1901.18,1908.64,0
2007-06-27,1901.34,1934.03,1899.92,1933.06,0
2007-06-28,1933.01,1945.12,1930.53,1931.67,0
2007-06-29,1944.21,1947.0,1920.83,1934.1,0
2007-07-02,1941.77,1954.24,1939.74,1954.12,0
2007-07-03,1957.17,1965.2,1953.93,1965.2,0
2007-07-04,0.0,0.0,0.0,1965.2,0
2007-07-05,1967.72,1983.1,1964.49,1981.06,0
2007-07-06,1980.34,1989.43,1973.4,1988.31,0
2007-07-09,1990.43,1992.55,1982.37,1989.2,0
2007-07-10,1978.98,1989.35,1970.36,1971.89,0
2007-07-11,1968.78,1984.67,1965.61,1984.08,0
2007-07-12,1992.71,2021.03,1990.89,2021.03,0
2007-07-13,2018.64,2032.28,2017.28,2032.16,0
2007-07-16,2029.63,2037.5,2024.3,2028.02,0
2007-07-17,2031.59,2045.97,2030.57,2041.78,0
2007-07-18,2028.88,2038.64,2019.17,2037.98,0
2007-07-19,2051.88,2060.29,2046.96,2052.99,0
2007-07-20,2052.66,2048.24,2024.25,2035.88,0
2007-07-23,2042.3,2045.81,2031.37,2036.33,0
2007-07-24,2019.24,2037.72,1995.62,2000.55,0
2007-07-25,2018.06,2020.68,1996.05,2011.14,0
2007-07-26,1998.15,2012.49,1955.62,1986.6,0
2007-07-27,1988.56,1997.79,1956.16,1956.19,0
2007-07-30,1958.56,1981.86,1951.36,1973.93,0
2007-07-31,1991.51,1992.53,1931.99,1932.06,0
2007-08-01,1931.05,1946.76,1912.1,1945.08,0
2007-08-02,1954.55,1969.66,1944.37,1966.6,0
2007-08-03,1962.0,1964.5,1918.56,1918.56,0
2007-08-06,1931.13,1954.37,1912.69,1954.37,0
2007-08-07,1943.0,1976.7,1932.05,1961.64,0
2007-08-08,1975.17,1995.0,1968.34,1987.34,0
2007-08-09,1957.63,1990.96,1936.76,1936.76,0
2007-08-10,1915.0,1944.54,1896.69,1925.14,0
2007-08-13,1943.62,1946.75,1931.33,1934.41,0
2007-08-14,1938.23,1940.89,1901.32,1901.32,0
2007-08-15,1893.21,1913.79,1864.2,1864.92,0
2007-08-16,1846.88,1865.47,1805.66,1846.09,0
2007-08-17,1876.33,1893.77,1853.87,1888.78,0
2007-08-20,1892.55,1899.05,1874.27,1893.05,0
2007-08-21,1885.44,1915.1,1886.45,1910.99,0
2007-08-22,1929.57,1938.79,1922.19,1936.77,0
2007-08-23,1944.07,1945.11,1920.62,1931.88,0
2007-08-24,1927.12,1961.38,1924.11,1961.38,0
2007-08-27,1955.66,1958.96,1945.51,1947.49,0
2007-08-28,1933.61,1939.1,1899.24,1899.24,0
2007-08-29,1915.69,1955.46,1913.49,1954.85,0
2007-08-30,1942.38,1980.95,1940.92,1963.75,0
2007-08-31,1988.23,1993.73,1975.83,1988.73,0
2007-09-03,0.0,0.0,0.0,1988.73,0
2007-09-04,1990.34,2032.1,1989.28,2020.51,0
2007-09-05,2012.37,2017.32,1987.3,1994.38,0
2007-09-06,2002.15,2006.05,1984.44,1998.67,0
2007-09-07,1972.24,1975.31,1949.87,1958.35,0
2007-09-10,1975.72,1980.97,1943.27,1960.2,0
2007-09-11,1973.31,1991.02,1969.52,1988.98,0
2007-09-12,1985.46,2006.37,1983.44,1988.96,0
2007-09-13,2005.98,2005.96,1989.91,1998.63,0
2007-09-14,1987.81,2004.03,1981.91,2000.82,0
2007-09-17,1992.22,1995.47,1975.29,1983.08,0
2007-09-18,1993.0,2035.37,1985.7,2035.37,0
2007-09-19,2045.97,2056.27,2032.08,2041.36,0
2007-09-20,2034.29,2043.21,2029.53,2032.61,0
2007-09-21,2043.56,2054.09,2041.48,2049.48,0
2007-09-24,2054.65,2072.7,2047.51,2057.25,0
2007-09-25,2045.72,2076.83,2048.34,2076.83,0
2007-09-26,2088.32,2094.97,2079.92,2088.38,0
2007-09-27,2100.54,2099.61,2089.58,2096.39,0
2007-09-28,2094.79,2101.96,2082.04,2091.11,0
2007-10-01,2093.55,2120.79,2092.6,2116.97,0
2007-10-02,2116.58,2117.34,2104.15,2115.89,0
2007-10-03,2108.06,2117.38,2095.3,2103.01,0
2007-10-04,2105.81,2107.72,2088.79,2105.56,0
2007-10-05,2121.73,2151.72,2118.13,2149.67,0
2007-10-08,2148.59,2163.26,2144.22,2163.26,0
2007-10-09,2168.01,2173.95,2157.95,2171.21,0
2007-10-10,2171.72,2178.95,2164.91,2176.98,0
2007-10-11,2188.46,2194.14,2127.07,2140.92,0
2007-10-12,2152.72,2177.99,2148.38,2177.99,0
2007-10-15,2180.52,2184.86,2143.9,2158.92,0
2007-10-16,2148.29,2166.65,2143.56,2151.14,0
2007-10-17,2183.07,2182.85,2143.54,2179.14,0
2007-10-18,2169.92,2191.66,2161.68,2187.52,0
2007-10-19,2189.16,2188.75,2131.08,2131.08,0
2007-10-22,2119.35,2160.02,2116.64,2157.45,0
2007-10-23,2184.47,2205.18,2170.47,2205.18,0
2007-10-24,2186.04,2194.35,2140.87,2188.59,0
2007-10-25,2187.08,2195.4,2146.23,2161.52,0
2007-10-26,2201.42,2203.88,2174.82,2194.59,0
2007-10-29,2201.5,2209.39,2191.21,2203.42,0
2007-10-30,2196.98,2218.88,2192.69,2207.61,0
2007-10-31,2212.37,2239.23,2199.02,2238.98,0
2007-11-01,2221.17,2226.88,2196.35,2197.07,0
2007-11-02,2213.2,2218.66,2181.5,2213.86,0
2007-11-05,2191.14,2212.06,2179.9,2200.48,0
2007-11-06,2210.37,2224.43,2188.1,2223.97,0
2007-11-07,2206.09,2219.82,2168.55,2169.43,0
2007-11-08,2163.57,2167.81,2066.55,2106.16,0
2007-11-09,2058.68,2078.06,2033.88,2034.3,0
2007-11-12,2027.2,2043.05,1980.18,1982.16,0
2007-11-13,2009.7,2066.08,2009.74,2066.08,0
2007-11-14,2092.59,2091.06,2030.62,2038.05,0
2007-11-15,2031.32,2054.06,2007.78,2024.03,0
2007-11-16,2039.82,2052.2,2006.85,2048.62,0
2007-11-19,2040.34,2050.03,2009.71,2021.14,0
2007-11-20,2032.5,2064.08,1990.12,2029.94,0
2007-11-21,2003.92,2039.39,1986.45,2006.38,0
2007-11-22,0.0,0.0,0.0,2006.38,0
2007-11-23,2020.39,2031.87,2008.13,2028.9,0
2007-11-26,2031.89,2047.92,1988.3,1989.36,0
2007-11-27,2008.6,2034.65,1997.53,2033.76,0
2007-11-28,2060.02,2100.97,2055.77,2095.39,0
2007-11-29,2082.95,2108.25,2082.19,2102.42,0
2007-11-30,2124.51,2122.64,2071.78,2089.1,0
2007-12-03,2083.45,2094.36,2066.23,2067.45,0
2007-12-04,2049.74,2070.39,2048.65,2059.06,0
2007-12-05,2083.46,2103.83,2079.67,2099.31,0
2007-12-06,2100.27,2128.32,2098.3,2127.65,0
2007-12-07,2128.01,2135.24,2116.63,2130.0,0
2007-12-10,2132.37,2141.36,2126.97,2134.88,0
2007-12-11,2138.23,2147.68,2081.55,2083.72,0
2007-12-12,2124.76,2130.57,2070.52,2101.36,0
2007-12-13,2084.22,2097.95,2072.75,2094.68,0
2007-12-14,2076.11,2096.96,2069.94,2072.11,0
2007-12-17,2063.56,2068.92,2020.26,2020.8,0
2007-12-18,2037.91,2042.29,1999.59,2029.49,0
2007-12-19,2029.46,2038.99,2016.69,2031.0,0
2007-12-20,2056.19,2070.51,2040.38,2069.68,0
2007-12-21,2098.93,2111.77,2094.65,2111.77,0
2007-12-24,2113.7,2131.73,2113.12,2128.62,0
2007-12-25,0.0,0.0,0.0,2128.62,0
2007-12-26,2119.11,2141.08,2116.21,2136.94,0
2007-12-27,2130.38,2135.55,2104.02,2106.09,0
2007-12-28,2115.43,2121.28,2092.03,2107.05,0
2007-12-31,2095.33,2102.39,2083.58,2084.93,0
2008-01-01,0.0,0.0,0.0,2084.93,0
2008-01-02,2086.36,2094.22,2040.43,2049.71,0
2008-01-03,2051.46,2064.73,2040.01,2051.76,0
2008-01-04,2026.48,2025.36,1963.02,1963.52,0
2008-01-07,1971.52,1975.87,1929.27,1957.44,0
2008-01-08,1966.96,1983.14,1910.33,1910.33,0
2008-01-09,1912.12,1949.2,1889.92,1949.2,0
2008-01-10,1931.82,1968.09,1924.39,1953.64,0
2008-01-11,1934.29,1941.53,1900.23,1912.81,0
2008-01-14,1937.85,1952.55,1924.86,1949.15,0
2008-01-15,1925.26,1931.71,1885.45,1894.09,0
2008-01-16,1874.55,1907.3,1848.58,1872.29,0
2008-01-17,1885.6,1894.19,1838.99,1842.1,0
2008-01-18,1838.72,1876.04,1829.62,1844.09,0
2008-01-21,0.0,0.0,0.0,1844.09,0
2008-01-22,1736.83,1820.51,1740.53,1795.61,0
2008-01-23,1725.49,1794.46,1693.06,1789.53,0
2008-01-24,1806.61,1826.92,1793.11,1826.92,0
2008-01-25,1864.01,1864.0,1788.07,1789.17,0
2008-01-28,1788.12,1807.12,1773.7,1805.08,0
2008-01-29,1814.56,1816.43,1792.64,1807.67,0
2008-01-30,1803.24,1843.2,1798.31,1808.51,0
2008-01-31,1782.83,1853.81,1782.02,1841.42,0
2008-02-01,1850.44,1864.97,1826.43,1855.27,0
2008-02-04,1856.15,1854.62,1828.11,1828.8,0
2008-02-05,1798.1,1813.55,1773.49,1773.49,0
2008-02-06,1790.08,1795.82,1739.55,1740.95,0
2008-02-07,1723.31,1779.27,1714.86,1753.3,0
2008-02-08,1753.4,1779.48,1746.34,1773.74,0
2008-02-11,1781.29,1797.39,1770.91,1793.09,0
2008-02-12,1803.74,1812.43,1769.62,1780.54,0
2008-02-13,1802.48,1824.22,1795.67,1823.0,0
2008-02-14,1825.05,1823.1,1784.78,1787.59,0
2008-02-15,1777.27,1787.33,1767.34,1780.38,0
2008-02-18,0.0,0.0,0.0,1780.38,0
2008-02-19,1803.02,1807.45,1759.24,1764.81,0
2008-02-20,1757.45,1791.35,1756.64,1787.45,0
2008-02-21,1805.84,1806.44,1762.24,1766.3,0
2008-02-22,1773.27,1774.97,1739.15,1773.44,0
2008-02-25,1770.67,1790.77,1761.93,1785.46,0
2008-02-26,1770.03,1807.41,1763.41,1791.31,0
2008-02-27,1778.26,1806.42,1775.45,1799.94,0
2008-02-28,1792.64,1808.65,1786.2,1794.46,0
2008-02-29,1775.63,1778.07,1740.9,1745.27,0
2008-03-03,1740.84,1746.56,1716.52,1733.27,0
2008-03-04,1724.09,1748.07,1707.42,1743.7,0
2008-03-05,1746.66,1768.13,1737.26,1753.57,0
2008-03-06,1753.25,1757.56,1710.96,1712.5,0
2008-03-07,1700.25,1731.39,1682.03,1707.5,0
2008-03-10,1706.3,1711.03,1672.76,1673.03,0
2008-03-11,1703.52,1740.95,1686.47,1740.95,0
2008-03-12,1745.75,1764.72,1731.08,1735.18,0
2008-03-13,1712.4,1760.23,1699.17,1750.4,0
2008-03-14,1759.48,1762.37,1696.22,1713.83,0
2008-03-17,1674.23,1706.02,1668.57,1687.19,0
2008-03-18,1716.85,1761.05,1712.21,1761.05,0
2008-03-19,1763.82,1772.09,1715.59,1715.59,0
2008-03-20,1722.98,1752.28,1712.33,1751.99,0
2008-03-21,0.0,0.0,0.0,1751.99,0
2008-03-24,1759.12,1819.26,1760.14,1814.4,0
2008-03-25,1818.98,1831.98,1800.71,1824.54,0
2008-03-26,1814.22,1822.57,1800.83,1817.28,0
2008-03-27,1811.32,1809.24,1777.75,1777.89,0
2008-03-28,1790.9,1802.18,1762.2,1767.57,0
2008-03-31,1773.03,1789.52,1767.86,1781.93,0
2008-04-01,1809.66,1855.48,1805.79,1855.48,0
2008-04-02,1858.12,1870.55,1836.63,1848.8,0
2008-04-03,1840.55,1866.57,1835.96,1855.19,0
2008-04-04,1863.12,1884.13,1846.56,1865.87,0
2008-04-07,1879.47,1885.93,1856.57,1860.83,0
2008-04-08,1845.25,1858.74,1837.47,1846.14,0
2008-04-09,1846.04,1849.2,1815.05,1826.19,0
2008-04-10,1826.09,1863.2,1827.0,1852.97,0
2008-04-11,1831.13,1833.14,1794.82,1798.72,0
2008-04-14,1794.25,1807.76,1788.01,1790.93,0
2008-04-15,1801.52,1802.73,1776.6,1794.73,0
2008-04-16,1817.02,1849.45,1815.8,1846.89,0
2008-04-17,1847.11,1848.28,1829.94,1840.88,0
2008-04-18,1891.75,1908.0,1879.94,1900.28,0
2008-04-21,1894.9,1914.21,1890.8,1913.12,0
2008-04-22,1901.95,1901.74,1867.72,1881.65,0
2008-04-23,1898.72,1913.62,1888.71,1906.66,0
2008-04-24,1910.25,1942.98,1886.94,1924.58,0
2008-04-25,1922.4,1925.04,1894.11,1918.58,0
2008-04-28,1920.02,1936.1,1917.03,1923.26,0
2008-04-29,1915.02,1941.91,1914.25,1933.6,0
2008-04-30,1939.89,1953.59,1912.81,1917.7,0
2008-05-01,1922.12,1980.44,1921.05,1980.44,0
2008-05-02,1993.2,1996.52,1965.84,1981.87,0
2008-05-05,1979.58,1992.69,1967.82,1975.82,0
2008-05-06,1966.25,1996.8,1957.63,1990.61,0
2008-05-07,1988.44,2000.72,1946.28,1951.42,0
2008-05-08,1962.55,1979.12,1954.36,1966.86,0
2008-05-09,1948.13,1969.36,1947.6,1960.29,0
2008-05-12,1966.12,1998.86,1959.48,1997.02,0
2008-05-13,1999.46,2004.53,1981.99,2000.61,0
2008-05-14,2011.58,2028.67,1993.91,1997.3,0
2008-05-15,1996.61,2032.36,1991.2,2031.34,0
2008-05-16,2040.22,2035.81,2009.89,2031.27,0
2008-05-19,2032.29,2050.79,2005.34,2016.6,0
2008-05-20,2002.53,2010.18,1987.5,2000.67,0
2008-05-21,2002.89,2015.23,1952.77,1956.8,0
2008-05-22,1960.9,1978.05,1955.64,1964.92,0
2008-05-23,1962.02,1964.68,1943.85,1958.96,0
2008-05-26,0.0,0.0,0.0,1958.96,0
2008-05-27,1962.67,1995.45,1963.05,1995.44,0
2008-05-28,2004.1,2004.66,1981.25,2000.07,0
2008-05-29,2002.56,2030.24,2001.78,2019.02,0
2008-05-30,2026.92,2040.97,2022.16,2032.57,0
2008-06-02,2028.33,2028.04,1989.33,2006.84,0
2008-06-03,2016.72,2027.2,1977.87,1996.79,0
2008-06-04,1988.94,2035.09,1989.22,2021.45,0
2008-06-05,2027.41,2055.82,2020.59,2055.11,0
2008-06-06,2037.16,2039.5,1990.39,1990.39,0
2008-06-09,1995.69,1997.94,1948.27,1979.71,0
2008-06-10,1957.78,1988.0,1957.05,1972.54,0
2008-06-11,1967.8,1970.31,1924.33,1924.33,0
2008-06-12,1940.69,1954.23,1909.89,1924.26,0
2008-06-13,1938.89,1968.12,1928.71,1966.01,0
2008-06-16,1952.88,1991.72,1953.26,1984.76,0
2008-06-17,1990.33,1993.12,1969.73,1972.82,0
2008-06-18,1962.01,1968.09,1943.92,1951.1,0
2008-06-19,1944.14,1991.25,1935.85,1982.69,0
2008-06-20,1965.7,1963.48,1920.32,1928.39,0
2008-06-23,1936.05,1940.68,1910.88,1913.31,0
2008-06-24,1904.9,1926.1,1888.01,1903.74,0
2008-06-25,1913.79,1951.49,1910.21,1933.86,0
2008-06-26,1896.78,1898.78,1855.39,1855.39,0
2008-06-27,1849.21,1865.6,1829.3,1855.72,0
2008-06-30,1851.77,1863.32,1837.09,1837.09,0
2008-07-01,1818.52,1864.07,1817.08,1862.71,0
2008-07-02,1872.51,1874.83,1815.84,1816.15,0
2008-07-03,1823.79,1832.21,1801.66,1816.35,0
2008-07-04,0.0,0.0,0.0,1816.35,0
2008-07-07,1828.71,1848.29,1799.49,1826.93,0
2008-07-08,1826.4,1871.28,1821.96,1871.28,0
2008-07-09,1865.48,1871.27,1818.92,1819.18,0
2008-07-10,1823.63,1846.53,1805.28,1839.57,0
2008-07-11,1816.45,1839.77,1784.39,1810.88,0
2008-07-14,1836.3,1837.04,1792.54,1798.03,0
2008-07-15,1784.59,1826.11,1761.08,1798.35,0
2008-07-16,1799.27,1844.54,1786.06,1843.87,0
2008-07-17,1851.88,1862.99,1829.7,1853.47,0
2008-07-18,1825.06,1834.72,1816.76,1823.23,0
2008-07-21,1831.25,1837.53,1809.8,1819.76,0
2008-07-22,1789.54,1821.83,1784.26,1821.62,0
2008-07-23,1825.71,1865.19,1819.08,1845.56,0
2008-07-24,1851.01,1854.97,1816.84,1816.98,0
2008-07-25,1832.4,1849.19,1820.9,1846.55,0
2008-07-28,1841.57,1850.46,1798.31,1802.99,0
2008-07-29,1812.15,1851.31,1812.97,1845.55,0
2008-07-30,1849.45,1862.97,1825.64,1852.8,0
2008-07-31,1836.49,1874.54,1832.7,1849.15,0
2008-08-01,1851.12,1849.21,1806.4,1826.56,0
2008-08-04,1823.51,1825.68,1802.09,1804.84,0
2008-08-05,1827.13,1869.76,1823.97,1869.76,0
2008-08-06,1867.21,1902.87,1853.41,1895.21,0
2008-08-07,1881.17,1904.13,1873.01,1880.09,0
2008-08-08,1878.63,1928.52,1877.13,1926.23,0
2008-08-11,1922.12,1962.54,1917.85,1941.23,0
2008-08-12,1937.87,1957.4,1932.47,1941.07,0
2008-08-13,1936.18,1955.54,1920.77,1942.02,0
2008-08-14,1930.4,1969.37,1930.38,1964.38,0
2008-08-15,1970.66,1973.56,1950.11,1957.56,0
2008-08-18,1959.05,1963.51,1920.99,1932.7,0
2008-08-19,1918.75,1933.13,1900.41,1908.68,0
2008-08-20,1918.57,1932.42,1900.02,1913.02,0
2008-08-21,1900.42,1913.39,1886.24,1906.74,0
2008-08-22,1919.62,1937.76,1915.36,1931.47,0
2008-08-25,1916.99,1918.8,1885.69,1889.72,0
2008-08-26,1889.55,1901.09,1874.81,1886.32,0
2008-08-27,1886.76,1913.53,1881.54,1900.3,0
2008-08-28,1907.17,1921.19,1904.2,1915.12,0
2008-08-29,1897.56,1899.56,1866.81,1872.54,0
2008-09-01,0.0,0.0,0.0,1872.54,0
2008-09-02,1904.75,1912.72,1843.07,1850.14,0
2008-09-03,1849.27,1854.42,1820.48,1833.09,0
2008-09-04,1819.43,1824.61,1774.78,1774.78,0
2008-09-05,1757.74,1778.88,1740.44,1768.23,0
2008-09-08,1801.08,1796.82,1734.93,1762.95,0
2008-09-09,1763.14,1779.32,1721.55,1721.55,0
2008-09-10,1743.25,1754.21,1725.76,1738.07,0
2008-09-11,1713.9,1774.41,1713.86,1773.65,0
2008-09-12,1758.55,1775.47,1743.71,1767.13,0
2008-09-15,1713.28,1757.57,1705.46,1705.46,0
2008-09-16,1676.15,1739.16,1683.34,1724.08,0
2008-09-17,1697.99,1708.2,1632.45,1632.45,0
2008-09-18,1667.09,1704.22,1606.3,1697.42,0
2008-09-19,1768.09,1773.83,1718.23,1745.06,0
2008-09-22,1737.67,1743.34,1665.41,1665.94,0
2008-09-23,1675.62,1696.62,1645.58,1648.4,0
2008-09-24,1653.69,1677.86,1648.65,1661.33,0
2008-09-25,1675.46,1708.44,1668.71,1687.55,0
2008-09-26,1635.06,1677.65,1635.54,1672.04,0
2008-09-29,1631.52,1643.22,1496.15,1496.15,0
2008-09-30,1543.11,1597.73,1529.97,1594.63,0
2008-10-01,1581.71,1584.26,1547.99,1563.8,0
2008-10-02,1554.86,1554.23,1490.72,1491.11,0
2008-10-03,1512.69,1551.58,1469.0,1470.84,0
2008-10-06,1426.54,1440.19,1339.17,1411.28,0
2008-10-07,1426.03,1433.12,1329.98,1329.98,0
2008-10-08,1295.47,1386.34,1295.98,1330.61,0
2008-10-09,1353.59,1369.77,1261.54,1275.1,0
2008-10-10,1225.99,1317.48,1196.11,1269.8,0
2008-10-13,1337.31,1429.54,1318.86,1429.54,0
2008-10-14,1469.98,1470.99,1350.64,1364.59,0
2008-10-15,1347.65,1356.15,1244.23,1244.23,0
2008-10-16,1251.37,1312.97,1192.25,1312.97,0
2008-10-17,1285.36,1367.89,1278.95,1311.72,0
2008-10-20,1330.85,1352.76,1289.97,1352.76,0
2008-10-21,1329.62,1351.61,1281.73,1283.43,0
2008-10-22,1274.79,1284.85,1209.84,1237.09,0
2008-10-23,1239.07,1264.04,1177.17,1239.16,0
2008-10-24,1146.95,1229.0,1149.12,1202.27,0
2008-10-27,1182.33,1227.46,1167.7,1169.78,0
2008-10-28,1205.35,1297.57,1174.59,1297.57,0
2008-10-29,1294.48,1343.84,1272.19,1302.12,0
2008-10-30,1332.43,1344.21,1301.0,1333.94,0
2008-10-31,1321.06,1358.75,1306.02,1334.78,0
2008-11-03,1333.76,1346.85,1322.43,1334.75,0
2008-11-04,1363.73,1382.65,1342.3,1378.4,0
2008-11-05,1362.82,1365.28,1298.57,1299.98,0
2008-11-06,1278.8,1294.73,1235.85,1241.97,0
2008-11-07,1256.99,1279.42,1244.19,1271.62,0
2008-11-10,1299.21,1298.09,1237.12,1251.0,0
2008-11-11,1235.43,1249.35,1208.99,1225.59,0
2008-11-12,1202.52,1210.98,1164.93,1165.38,0
2008-11-13,1162.5,1240.93,1109.89,1240.93,0
2008-11-14,1205.92,1235.9,1176.28,1179.63,0
2008-11-17,1159.92,1187.98,1149.2,1151.96,0
2008-11-18,1159.26,1167.23,1113.25,1155.75,0
2008-11-19,1153.2,1168.53,1087.6,1087.6,0
2008-11-20,1075.84,1114.98,1035.25,1036.51,0
2008-11-21,1052.62,1085.57,1018.86,1085.57,0
2008-11-24,1109.08,1163.05,1096.55,1154.34,0
2008-11-25,1168.48,1164.6,1118.28,1142.58,0
2008-11-26,1129.5,1193.09,1126.95,1193.09,0
2008-11-27,0.0,0.0,0.0,1193.09,0
2008-11-28,1182.25,1185.99,1171.82,1185.75,0
2008-12-01,1161.68,1156.53,1091.16,1091.16,0
2008-12-02,1110.49,1132.93,1091.04,1130.0,0
2008-12-03,1101.87,1166.2,1101.63,1166.2,0
2008-12-04,1143.71,1168.65,1110.66,1127.75,0
2008-12-05,1116.24,1180.09,1096.09,1177.87,0
2008-12-08,1200.58,1237.18,1196.91,1225.06,0
2008-12-09,1205.7,1251.56,1202.14,1212.45,0
2008-12-10,1216.76,1236.53,1203.72,1222.38,0
2008-12-11,1210.8,1229.02,1176.11,1180.46,0
2008-12-12,1155.68,1212.0,1157.15,1206.65,0
2008-12-15,1204.83,1206.88,1167.45,1181.87,0
2008-12-16,1192.33,1244.81,1194.63,1243.49,0
2008-12-17,1223.87,1242.18,1211.46,1225.86,0
2008-12-18,1230.78,1234.14,1192.7,1204.69,0
2008-12-19,1216.54,1235.24,1210.91,1217.19,0
2008-12-22,1217.08,1214.55,1169.23,1189.15,0
2008-12-23,1197.47,1204.61,1175.84,1183.19,0
2008-12-24,1183.77,1187.98,1179.29,1184.3,0
2008-12-25,0.0,0.0,0.0,1184.3,0
2008-12-26,1189.28,1190.53,1178.68,1185.44,0
2008-12-29,1186.71,1188.05,1158.07,1173.15,0
2008-12-30,1180.12,1203.41,1177.92,1201.34,0
2008-12-31,1201.63,1223.46,1199.53,1211.65,0
2009-01-01,0.0,0.0,0.0,1211.65,0
2009-01-02,1212.24,1266.45,1208.91,1263.7,0
2009-01-05,1259.08,1274.11,1244.89,1262.52,0
2009-01-06,1273.93,1286.08,1265.53,1274.49,0
2009-01-07,1250.17,1256.34,1228.32,1238.6,0
2009-01-08,1233.2,1252.52,1223.81,1252.52,0
2009-01-09,1254.85,1252.95,1217.59,1223.01,0
2009-01-12,1223.85,1225.78,1188.21,1201.13,0
2009-01-13,1198.61,1219.05,1186.95,1202.65,0
2009-01-14,1183.72,1190.42,1157.89,1163.42,0
2009-01-15,1156.54,1192.45,1141.74,1183.52,0
2009-01-16,1201.54,1202.81,1167.34,1198.14,0
2009-01-19,0.0,0.0,0.0,1198.14,0
2009-01-20,1192.0,1195.89,1136.61,1136.61,0
2009-01-21,1154.95,1186.43,1142.33,1185.76,0
2009-01-22,1160.77,1187.71,1149.31,1168.08,0
2009-01-23,1149.2,1192.64,1144.41,1175.89,0
2009-01-26,1176.45,1202.94,1169.21,1184.56,0
2009-01-27,1189.8,1202.05,1184.42,1194.41,0
2009-01-28,1215.31,1245.98,1213.24,1235.91,0
2009-01-29,1216.93,1220.72,1198.76,1203.85,0
2009-01-30,1210.32,1216.46,1176.82,1180.25,0
2009-02-02,1170.19,1203.53,1167.49,1195.75,0
2009-02-03,1197.46,1218.91,1180.25,1215.66,0
2009-02-04,1215.63,1243.68,1210.98,1215.43,0
2009-02-05,1200.84,1250.14,1199.53,1245.11,0
2009-02-06,1247.43,1280.4,1243.86,1277.49,0
2009-02-09,1276.7,1286.81,1267.86,1281.65,0
2009-02-10,1269.34,1286.9,1223.54,1229.29,0
2009-02-11,1228.8,1239.92,1208.53,1227.05,0
2009-02-12,1208.89,1243.59,1204.38,1242.81,0
2009-02-13,1241.16,1250.11,1231.63,1236.85,0
2009-02-16,0.0,0.0,0.0,1236.85,0
2009-02-17,1201.42,1204.54,1180.43,1187.04,0
2009-02-18,1193.79,1204.56,1172.94,1188.77,0
2009-02-19,1197.09,1201.94,1166.52,1167.89,0
2009-02-20,1160.57,1183.36,1153.18,1172.71,0
2009-02-23,1176.23,1180.1,1126.58,1128.97,0
2009-02-24,1132.96,1176.56,1136.14,1171.45,0
2009-02-25,1160.59,1183.93,1142.83,1160.83,0
2009-02-26,1169.99,1174.77,1127.1,1127.1,0
2009-02-27,1110.94,1135.45,1112.12,1116.99,0
2009-03-02,1098.59,1116.22,1074.79,1076.67,0
2009-03-03,1087.74,1102.1,1072.42,1080.67,0
2009-03-04,1098.23,1124.67,1093.42,1110.3,0
2009-03-05,1094.45,1105.53,1072.51,1074.52,0
2009-03-06,1077.61,1088.04,1043.6,1064.7,0
2009-03-09,1054.93,1087.4,1040.41,1043.87,0
2009-03-10,1064.02,1112.44,1060.42,1112.44,0
2009-03-11,1119.25,1135.4,1106.72,1125.95,0
2009-03-12,1121.17,1167.19,1113.67,1164.71,0
2009-03-13,1167.45,1170.48,1149.59,1168.52,0
2009-03-16,1175.69,1177.33,1144.21,1145.45,0
2009-03-17,1149.27,1192.17,1148.8,1192.17,0
2009-03-18,1187.11,1225.16,1180.34,1206.96,0
2009-03-19,1219.87,1220.48,1196.2,1204.21,0
2009-03-20,1215.15,1220.5,1178.52,1187.18,0
2009-03-23,1210.51,1259.81,1203.85,1259.81,0
2009-03-24,1244.53,1255.1,1232.74,1234.34,0
2009-03-25,1240.26,1261.41,1206.52,1236.66,0
2009-03-26,1253.21,1281.3,1250.14,1281.3,0
2009-03-27,1261.68,1267.27,1248.87,1251.47,0
2009-03-30,1229.23,1231.48,1204.96,1220.81,0
2009-03-31,1233.74,1258.08,1231.52,1237.01,0
2009-04-01,1217.18,1255.03,1211.6,1252.51,0
2009-04-02,1273.76,1311.67,1269.91,1294.3,0
2009-04-03,1309.91,1316.71,1294.16,1316.16,0
2009-04-06,1300.24,1313.95,1286.95,1313.1,0
2009-04-07,1294.41,1296.35,1268.79,1275.42,0
2009-04-08,1288.66,1306.5,1280.29,1300.75,0
2009-04-09,1321.67,1341.77,1319.28,1340.28,0
2009-04-10,0.0,0.0,0.0,1340.28,0
2009-04-13,1331.75,1344.48,1322.94,1336.67,0
2009-04-14,1327.02,1336.35,1312.37,1322.31,0
2009-04-15,1310.56,1317.93,1295.1,1316.51,0
2009-04-16,1333.58,1358.71,1322.22,1352.98,0
2009-04-17,1353.16,1361.68,1339.13,1353.92,0
2009-04-20,1328.32,1333.72,1303.85,1309.37,0
2009-04-21,1303.91,1330.67,1303.73,1329.06,0
2009-04-22,1322.75,1362.84,1317.51,1335.72,0
2009-04-23,1345.37,1345.67,1321.42,1344.41,0
2009-04-24,1355.17,1379.38,1345.03,1373.28,0
2009-04-27,1357.93,1384.85,1357.39,1369.94,0
2009-04-28,1357.69,1378.56,1355.99,1361.92,0
2009-04-29,1373.91,1398.36,1370.52,1382.38,0
2009-04-30,1402.15,1418.77,1384.37,1394.33,0
2009-05-01,1395.72,1403.89,1382.9,1396.62,0
2009-05-04,1409.98,1428.02,1403.47,1427.96,0
2009-05-05,1423.73,1425.05,1408.29,1423.81,0
2009-05-06,1433.97,1435.8,1401.1,1423.85,0
2009-05-07,1429.34,1431.36,1377.55,1389.83,0
2009-05-08,1400.54,1411.27,1377.06,1394.16,0
2009-05-11,1376.51,1410.43,1369.36,1395.79,0
2009-05-12,1401.85,1402.14,1362.08,1377.4,0
2009-05-13,1362.41,1365.33,1339.82,1339.83,0
2009-05-14,1344.97,1369.31,1344.77,1359.67,0
2009-05-15,1356.59,1374.1,1351.13,1355.11,0
2009-05-18,1367.2,1392.73,1357.42,1392.73,0
2009-05-19,1387.6,1410.74,1379.88,1398.05,0
2009-05-20,1405.79,1423.13,1388.81,1393.72,0
2009-05-21,1379.88,1391.0,1353.53,1367.39,0
2009-05-22,1371.96,1379.88,1353.59,1363.17,0
2009-05-25,0.0,0.0,0.0,1363.17,0
2009-05-26,1352.3,1414.44,1350.95,1412.61,0
2009-05-27,1411.51,1428.81,1398.42,1401.88,0
2009-05-28,1411.25,1423.81,1389.76,1420.31,0
2009-05-29,1421.11,1435.57,1411.68,1435.57,0
2009-06-01,1451.37,1482.19,1446.97,1477.12,0
2009-06-02,1470.3,1493.8,1466.28,1480.31,0
2009-06-03,1472.25,1476.98,1459.59,1475.44,0
2009-06-04,1476.28,1493.66,1476.28,1492.74,0
2009-06-05,1503.78,1505.77,1479.22,1493.21,0
2009-06-08,1482.21,1499.96,1467.13,1488.49,0
2009-06-09,1495.04,1509.57,1489.22,1501.55,0
2009-06-10,1509.43,1509.43,1473.88,1495.27,0
2009-06-11,1494.07,1511.94,1493.16,1497.01,0
2009-06-12,1488.73,1489.97,1470.2,1489.97,0
2009-06-15,1472.77,1473.07,1445.3,1456.96,0
2009-06-16,1463.46,1469.16,1442.81,1443.25,0
2009-06-17,1449.0,1470.11,1439.38,1455.89,0
2009-06-18,1456.14,1464.04,1445.31,1453.8,0
2009-06-19,1465.88,1477.95,1460.45,1471.23,0
2009-06-22,1455.78,1459.1,1423.81,1426.61,0
2009-06-23,1427.68,1432.92,1413.54,1424.46,0
2009-06-24,1436.59,1458.23,1435.28,1447.06,0
2009-06-25,1438.75,1477.97,1434.97,1475.82,0
2009-06-26,1467.38,1483.57,1466.24,1480.2,0
2009-06-29,1483.66,1493.57,1468.98,1483.83,0
2009-06-30,1484.82,1493.37,1468.11,1477.25,0
2009-07-01,1486.5,1497.71,1479.67,1481.34,0
2009-07-02,1464.66,1465.18,1443.75,1446.28,0
2009-07-03,0.0,0.0,0.0,1446.28,0
2009-07-06,1435.4,1444.3,1424.61,1441.01,0
2009-07-07,1440.83,1443.06,1403.6,1404.78,0
2009-07-08,1412.54,1417.35,1394.87,1411.53,0
2009-07-09,1417.0,1423.44,1409.13,1414.98,0
2009-07-10,1409.55,1427.9,1405.58,1419.84,0
2009-07-13,1423.2,1447.7,1402.19,1447.7,0
2009-07-14,1444.59,1455.0,1439.57,1452.84,0
2009-07-15,1473.59,1501.41,1470.09,1500.98,0
2009-07-16,1495.4,1521.67,1494.57,1518.87,0
2009-07-17,1516.77,1527.26,1511.61,1527.26,0
2009-07-20,1534.39,1545.02,1529.45,1544.0,0
2009-07-21,1548.9,1553.01,1530.8,1553.01,0
2009-07-22,1552.63,1572.48,1551.16,1565.0,0
2009-07-23,1561.6,1605.09,1561.54,1601.52,0
2009-07-24,1579.25,1600.03,1576.51,1599.06,0
2009-07-27,1597.02,1602.28,1580.52,1599.31,0
2009-07-28,1590.77,1609.17,1583.27,1605.47,0
2009-07-29,1596.81,1602.49,1586.04,1599.61,0
2009-07-30,1614.11,1632.97,1606.72,1609.87,0
2009-07-31,1608.26,1619.67,1602.25,1603.36,0
2009-08-03,1619.24,1628.3,1611.6,1628.12,0
2009-08-04,1619.09,1633.16,1616.54,1628.49,0
2009-08-05,1631.75,1631.75,1604.09,1614.44,0
2009-08-06,1618.01,1623.25,1595.36,1600.29,0
2009-08-07,1620.74,1628.44,1609.54,1619.49,0
2009-08-10,1612.73,1619.02,1599.46,1610.43,0
2009-08-11,1603.68,1605.8,1587.4,1594.69,0
2009-08-12,1595.26,1634.12,1594.76,1619.59,0
2009-08-13,1628.37,1632.2,1611.24,1628.65,0
2009-08-14,1623.49,1624.47,1596.95,1611.58,0
2009-08-17,1583.29,1583.29,1563.14,1564.89,0
2009-08-18,1573.32,1588.89,1569.22,1586.5,0
2009-08-19,1568.41,1600.23,1566.44,1596.61,0
2009-08-20,1594.58,1618.12,1593.12,1614.22,0
2009-08-21,1620.47,1639.23,1615.12,1637.78,0
2009-08-24,1641.45,1648.18,1629.77,1634.78,0
2009-08-25,1640.42,1655.25,1635.38,1639.9,0
2009-08-26,1636.82,1648.77,1628.41,1637.0,0
2009-08-27,1636.13,1643.18,1611.73,1640.97,0
2009-08-28,1661.49,1668.01,1631.47,1643.24,0
2009-08-31,1628.21,1632.07,1616.52,1625.19,0
2009-09-01,1620.09,1648.27,1591.01,1595.84,0
2009-09-02,1588.09,1602.9,1586.55,1594.28,0
2009-09-03,1601.16,1607.15,1585.56,1605.98,0
2009-09-04,1609.63,1639.9,1606.47,1638.07,0
2009-09-07,0.0,0.0,0.0,1638.07,0
2009-09-08,1651.64,1655.62,1643.44,1654.81,0
2009-09-09,1655.92,1676.25,1648.92,1669.23,0
2009-09-10,1668.64,1686.27,1665.49,1686.16,0
2009-09-11,1684.84,1689.68,1674.14,1685.46,0
2009-09-14,1673.55,1693.76,1673.13,1693.76,0
2009-09-15,1691.28,1703.46,1688.46,1699.53,0
2009-09-16,1705.97,1724.67,1699.74,1723.73,0
2009-09-17,1721.58,1732.42,1714.33,1721.09,0
2009-09-18,1728.91,1731.87,1716.45,1725.24,0
2009-09-21,1717.37,1735.32,1714.1,1731.58,0
2009-09-22,1740.13,1740.13,1727.5,1734.09,0
2009-09-23,1739.93,1754.54,1722.99,1724.27,0
2009-09-24,1732.95,1734.92,1698.69,1709.76,0
2009-09-25,1696.99,1710.29,1690.68,1694.15,0
2009-09-28,1702.95,1733.79,1702.52,1724.59,0
2009-09-29,1724.2,1732.31,1709.28,1717.67,0
2009-09-30,1723.91,1731.44,1691.76,1718.99,0
2009-10-01,1710.5,1711.7,1666.41,1666.41,0
2009-10-02,1656.77,1676.22,1656.57,1662.49,0
2009-10-05,1668.7,1682.77,1660.37,1675.64,0
2009-10-06,1684.75,1712.59,1684.08,1705.25,0
2009-10-07,1701.4,1710.45,1698.63,1710.45,0
2009-10-08,1720.91,1732.11,1713.6,1717.79,0
2009-10-09,1713.47,1729.22,1710.58,1727.76,0
2009-10-12,1732.75,1742.18,1719.02,1729.63,0
2009-10-13,1729.16,1737.39,1722.68,1730.27,0
2009-10-14,1750.26,1756.25,1742.25,1754.26,0
2009-10-15,1747.81,1753.36,1742.89,1753.36,0
2009-10-16,1747.47,1747.47,1727.56,1739.32,0
2009-10-19,1741.43,1758.5,1732.02,1756.68,0
2009-10-20,1766.05,1766.72,1745.81,1756.19,0
2009-10-21,1754.71,1780.83,1750.91,1753.56,0
2009-10-22,1749.3,1767.58,1739.59,1763.15,0
2009-10-23,1774.05,1777.57,1749.03,1753.63,0
2009-10-26,1756.5,1778.48,1739.96,1746.75,0
2009-10-27,1746.99,1751.65,1715.11,1722.46,0
2009-10-28,1712.8,1719.82,1679.35,1682.06,0
2009-10-29,1694.27,1714.36,1688.68,1711.27,0
2009-10-30,1707.92,1712.93,1663.94,1667.13,0
2009-11-02,1667.06,1689.3,1652.44,1672.91,0
2009-11-03,1661.85,1679.42,1660.1,1679.2,0
2009-11-04,1687.12,1701.47,1678.17,1680.67,0
2009-11-05,1700.07,1722.93,1697.94,1721.09,0
2009-11-06,1709.82,1733.22,1709.44,1730.76,0
2009-11-09,1743.55,1768.41,1742.97,1768.4,0
2009-11-10,1765.52,1777.86,1763.89,1773.17,0
2009-11-11,1784.9,1793.52,1772.47,1782.95,0
2009-11-12,1784.69,1794.12,1769.64,1773.14,0
2009-11-13,1780.04,1793.17,1773.29,1788.61,0
2009-11-16,1794.88,1814.25,1793.63,1807.56,0
2009-11-17,1802.04,1812.21,1797.74,1812.21,0
2009-11-18,1807.11,1807.53,1789.66,1801.74,0
2009-11-19,1788.75,1789.0,1761.11,1773.19,0
2009-11-20,1760.54,1768.35,1758.0,1764.39,0
2009-11-23,1782.92,1801.22,1782.91,1792.94,0
2009-11-24,1791.54,1792.18,1776.1,1786.25,0
2009-11-25,1743.39,1779.26,1742.2,1765.46,0
2009-11-26,0.0,0.0,0.0,1765.46,0
2009-11-27,1743.39,1779.26,1742.2,1765.46,0
2009-11-30,1762.99,1770.87,1750.88,1767.43,0
2009-12-01,1782.85,1798.48,1782.85,1787.71,0
2009-12-02,1791.61,1805.97,1786.23,1790.82,0
2009-12-03,1795.25,1806.35,1781.76,1782.91,0
2009-12-04,1808.6,1815.6,1773.31,1791.91,0
2009-12-07,1791.35,1797.63,1779.47,1783.65,0
2009-12-08,1772.39,1786.04,1760.86,1772.73,0
2009-12-09,1770.05,1791.13,1759.34,1789.7,0
2009-12-10,1799.85,1808.23,1797.03,1799.37,0
2009-12-11,1808.84,1810.31,1784.82,1792.06,0
2009-12-14,1802.28,1810.75,1794.3,1809.09,0
2009-12-15,1801.58,1813.38,1793.6,1798.21,0
2009-12-16,1805.53,1814.49,1798.52,1800.82,0
2009-12-17,1791.46,1794.79,1777.08,1778.27,0
2009-12-18,1794.12,1808.26,1790.14,1807.36,0
2009-12-21,1818.39,1835.0,1818.39,1828.79,0
2009-12-22,1833.72,1841.64,1832.1,1839.51,0
2009-12-23,1842.65,1853.15,1839.12,1851.99,0
2009-12-24,1856.06,1869.9,1855.78,1869.84,0
2009-12-25,0.0,0.0,0.0,1869.84,0
2009-12-28,1874.71,1882.58,1868.14,1878.18,0
2009-12-29,1879.72,1881.06,1871.13,1872.02,0
2009-12-30,1872.63,1881.15,1869.6,1878.65,0
2009-12-31,1881.71,1882.46,1860.31,1860.31,0
2010-01-01,0.0,0.0,0.0,1860.31,0
2010-01-04,1882.69,1890.02,1881.63,1886.7,0
2010-01-05,1887.28,1891.33,1877.52,1888.43,0
2010-01-06,1887.91,1893.21,1873.9,1878.42,0
2010-01-07,1878.16,1881.33,1867.62,1876.72,0
2010-01-08,1870.9,1893.25,1868.55,1892.59,0
2010-01-11,1896.05,1897.49,1876.25,1886.24,0
2010-01-12,1874.75,1876.37,1852.31,1861.79,0
2010-01-13,1868.2,1890.81,1855.27,1886.13,0
2010-01-14,1880.46,1891.73,1880.35,1886.52,0
2010-01-15,1887.31,1893.48,1857.11,1864.52,0
2010-01-18,0.0,0.0,0.0,1864.52,0
2010-01-19,1869.24,1896.54,1868.83,1895.48,0
2010-01-20,1882.06,1882.31,1848.09,1867.95,0
2010-01-21,1874.54,1885.01,1842.86,1850.57,0
2010-01-22,1842.11,1849.21,1791.4,1794.82,0
2010-01-25,1806.6,1813.65,1794.68,1802.39,0
2010-01-26,1798.36,1825.95,1792.04,1803.86,0
2010-01-27,1801.67,1823.8,1790.1,1818.9,0
2010-01-28,1805.64,1805.85,1762.1,1771.1,0
2010-01-29,1787.14,1789.93,1734.03,1741.04,0
2010-02-01,1745.91,1760.72,1744.26,1760.72,0
2010-02-02,1760.65,1780.17,1750.39,1776.92,0
2010-02-03,1767.14,1787.89,1766.6,1784.7,0
2010-02-04,1771.78,1775.37,1732.99,1732.99,0
2010-02-05,1739.19,1748.77,1712.89,1746.12,0
2010-02-08,1744.02,1755.65,1734.12,1734.88,0
2010-02-09,1756.28,1768.58,1739.24,1753.84,0
2010-02-10,1752.46,1760.61,1738.46,1749.76,0
2010-02-11,1747.55,1780.05,1739.02,1775.74,0
2010-02-12,1761.29,1783.7,1756.65,1779.11,0
2010-02-15,0.0,0.0,0.0,1779.11,0
2010-02-16,1792.9,1802.48,1782.73,1802.06,0
2010-02-17,1808.55,1811.2,1799.25,1810.86,0
2010-02-18,1809.01,1825.82,1806.76,1823.39,0
2010-02-19,1816.94,1830.38,1813.08,1823.32,0
2010-02-22,1828.69,1829.18,1811.52,1817.63,0
2010-02-23,1815.43,1817.96,1786.46,1793.82,0
2010-02-24,1803.29,1819.5,1801.04,1812.51,0
2010-02-25,1791.15,1815.94,1781.12,1812.91,0
2010-02-26,1812.24,1822.2,1804.09,1818.68,0
2010-03-01,1826.62,1848.1,1826.61,1846.4,0
2010-03-02,1851.79,1862.64,1847.03,1851.21,0
2010-03-03,1854.71,1861.15,1846.22,1851.57,0
2010-03-04,1852.7,1860.76,1844.92,1859.72,0
2010-03-05,1871.62,1889.68,1869.1,1888.56,0
2010-03-08,1888.04,1894.75,1887.66,1890.89,0
2010-03-09,1885.99,1911.38,1885.99,1901.38,0
2010-03-10,1901.24,1920.66,1901.11,1917.35,0
2010-03-11,1911.07,1923.81,1908.39,1923.81,0
2010-03-12,1930.0,1930.17,1916.41,1924.43,0
2010-03-15,1918.14,1924.49,1906.01,1920.09,0
2010-03-16,1924.27,1933.96,1918.98,1932.24,0
2010-03-17,1934.65,1945.9,1930.91,1936.22,0
2010-03-18,1937.63,1945.28,1934.17,1943.94,0
2010-03-19,1943.96,1949.14,1924.72,1932.43,0
2010-03-22,1922.73,1956.48,1921.71,1949.59,0
2010-03-23,1952.54,1964.14,1943.25,1963.2,0
2010-03-24,1956.63,1958.6,1948.85,1951.84,0
2010-03-25,1966.56,1976.38,1948.5,1949.15,0
2010-03-26,1958.27,1965.52,1942.21,1952.63,0
2010-03-29,1960.63,1968.43,1956.6,1961.22,0
2010-03-30,1966.51,1974.47,1955.22,1967.96,0
2010-03-31,1962.17,1969.9,1955.15,1958.34,0
2010-04-01,1968.44,1979.49,1943.97,1959.56,0
2010-04-02,0.0,0.0,0.0,1959.56,0
2010-04-05,1964.03,1981.07,1958.01,1977.83,0
2010-04-06,1971.09,1988.04,1968.17,1981.95,0
2010-04-07,1980.2,1987.34,1967.14,1977.3,0
2010-04-08,1972.82,1984.9,1962.04,1980.73,0
2010-04-09,1984.01,1994.48,1978.04,1994.43,0
2010-04-12,1995.35,2000.56,1990.78,1995.65,0
2010-04-13,1994.34,2006.51,1986.83,2003.81,0
2010-04-14,2015.61,2029.06,2012.98,2028.82,0
2010-04-15,2027.92,2040.49,2027.52,2038.64,0
2010-04-16,2030.34,2037.47,2000.77,2012.84,0
2010-04-19,2011.4,2018.93,1988.37,2013.53,0
2010-04-20,2025.04,2027.44,2009.55,2023.6,0
2010-04-21,2037.15,2040.83,2021.72,2034.53,0
2010-04-22,2016.49,2047.11,2002.97,2045.16,0
2010-04-23,2042.8,2055.63,2036.99,2055.33,0
2010-04-26,2054.84,2059.42,2045.64,2049.09,0
2010-04-27,2040.43,2049.9,2001.02,2006.25,0
2010-04-28,2016.52,2017.92,1991.95,2007.59,0
2010-04-29,2020.51,2045.86,2019.32,2042.89,0
2010-04-30,2040.58,2044.39,2000.26,2000.63,0
2010-05-03,2010.94,2039.52,2010.91,2031.6,0
2010-05-04,2003.59,2003.59,1955.39,1968.97,0
2010-05-05,1947.35,1971.1,1936.56,1958.26,0
2010-05-06,1948.25,1964.1,1752.31,1893.75,0
2010-05-07,1879.76,1901.89,1808.07,1849.44,0
2010-05-10,1931.52,1942.64,1923.52,1942.61,0
2010-05-11,1920.24,1966.48,1918.12,1940.48,0
2010-05-12,1951.99,1977.42,1947.2,1975.58,0
2010-05-13,1969.44,1983.13,1940.44,1945.52,0
2010-05-14,1928.58,1929.91,1885.51,1907.1,0
2010-05-17,0.0,0.0,0.0,1915.45,0
2010-05-18,1929.12,1933.25,1878.55,1887.06,0
2010-05-19,1879.32,1894.41,1850.96,1873.42,0
2010-05-20,1830.17,1839.99,1798.2,1800.12,0
2010-05-21,1772.34,1834.69,1767.94,1822.77,0
2010-05-24,1818.46,1841.11,1814.17,1815.28,0
2010-05-25,1769.32,1818.28,1756.63,1815.68,0
2010-05-26,1827.58,1850.8,1793.03,1796.47,0
2010-05-27,1837.65,1863.87,1831.78,1862.71,0
2010-05-28,1865.89,1867.72,1836.23,1852.39,0
2010-05-31,0.0,0.0,0.0,1852.39,0
2010-06-01,1846.6,1878.04,1832.96,1835.04,0
2010-06-02,1844.69,1879.59,1832.58,1879.59,0
2010-06-03,1883.25,1898.93,1871.59,1895.66,0
2010-06-04,1857.83,1879.31,1824.71,1832.04,0
2010-06-07,1839.77,1845.3,1795.54,1798.16,0
2010-06-08,1799.26,1805.84,1770.46,1795.7,0
2010-06-09,1805.87,1823.21,1774.05,1778.92,0
2010-06-10,1800.57,1831.81,1796.32,1830.09,0
2010-06-11,1814.25,1848.62,1811.99,1847.15,0
2010-06-14,1862.7,1876.94,1844.16,1845.48,0
2010-06-15,1855.69,1898.79,1855.69,1897.48,0
2010-06-16,1891.26,1913.21,1888.22,1905.31,0
2010-06-17,1914.75,1916.24,1894.27,1910.65,0
2010-06-18,1911.06,1925.2,1906.85,1913.48,0
2010-06-21,1939.77,1939.77,1885.2,1895.84,0
2010-06-22,1903.31,1917.26,1877.97,1880.54,0
2010-06-23,1883.97,1889.73,1859.05,1874.42,0
2010-06-24,1868.47,1871.13,1839.32,1844.59,0
2010-06-25,1848.82,1857.31,1829.3,1838.52,0
2010-06-28,1843.27,1852.66,1823.51,1836.0,0
2010-06-29,1805.55,1807.09,1752.56,1764.06,0
2010-06-30,1761.98,1776.61,1734.9,1739.14,0
2010-07-01,1741.93,1747.25,1700.04,1734.41,0
2010-07-02,1736.25,1742.36,1712.92,1728.34,0
2010-07-05,0.0,0.0,0.0,1728.34,0
2010-07-06,1752.98,1763.88,1719.2,1734.68,0
2010-07-07,1739.01,1790.18,1736.99,1789.72,0
2010-07-08,1801.55,1805.83,1777.44,1798.31,0
2010-07-09,1797.04,1815.24,1793.0,1814.79,0
2010-07-12,1814.49,1831.62,1808.7,1821.03,0
2010-07-13,1835.02,1851.25,1822.25,1845.03,0
2010-07-14,1847.92,1863.52,1840.62,1853.41,0
2010-07-15,1849.24,1860.35,1830.7,1856.24,0
2010-07-16,1845.5,1850.73,1802.54,1803.48,0
2010-07-19,1807.99,1822.71,1794.56,1819.28,0
2010-07-20,1789.93,1841.16,1784.55,1840.67,0
2010-07-21,1859.6,1859.85,1813.28,1817.3,0
2010-07-22,1842.38,1870.41,1842.38,1863.1,0
2010-07-23,1851.81,1875.38,1846.32,1875.38,0
2010-07-26,1875.77,1890.4,1867.84,1890.4,0
2010-07-27,1899.13,1900.15,1880.22,1888.81,0
2010-07-28,1887.46,1894.69,1866.68,1872.62,0
2010-07-29,1884.07,1887.41,1841.36,1860.3,0
2010-07-30,1842.33,1874.64,1833.9,1864.0,0
2010-08-02,1886.61,1902.67,1879.77,1898.99,0
2010-08-03,1898.46,1898.63,1881.58,1891.81,0
2010-08-04,1898.81,1911.01,1891.23,1909.2,0
2010-08-05,1900.07,1907.8,1892.5,1904.95,0
2010-08-06,1883.32,1905.01,1873.44,1902.88,0
2010-08-09,1911.38,1918.78,1902.98,1915.17,0
2010-08-10,1896.71,1908.73,1882.6,1899.24,0
2010-08-11,1866.0,1866.0,1838.89,1845.38,0
2010-08-12,1808.63,1839.24,1807.46,1832.17,0
2010-08-13,1825.29,1832.46,1818.3,1818.8,0
2010-08-16,1806.97,1834.05,1801.74,1821.51,0
2010-08-17,1833.15,1860.68,1831.27,1845.37,0
2010-08-18,1841.42,1862.37,1834.2,1850.8,0
2010-08-19,1842.79,1847.62,1811.57,1823.0,0
2010-08-20,1818.42,1829.92,1810.62,1825.75,0
2010-08-23,1833.33,1842.79,1807.84,1808.31,0
2010-08-24,1783.2,1793.43,1767.36,1775.27,0
2010-08-25,1762.68,1798.38,1758.62,1790.88,0
2010-08-26,1797.35,1800.62,1767.85,1769.02,0
2010-08-27,1780.11,1794.29,1747.32,1791.64,0
2010-08-30,1785.98,1798.47,1772.07,1772.07,0
2010-08-31,1762.54,1781.47,1755.38,1767.43,0
2010-09-01,1791.91,1824.66,1791.41,1820.05,0
2010-09-02,1822.83,1840.58,1817.99,1840.58,0
2010-09-03,1864.03,1870.31,1851.6,1870.31,0
2010-09-06,0.0,0.0,0.0,1870.31,0
2010-09-07,1862.88,1870.06,1854.43,1856.5,0
2010-09-08,1863.71,1887.17,1863.53,1880.0,0
2010-09-09,1897.01,1897.93,1882.79,1886.14,0
2010-09-10,1887.83,1895.92,1879.71,1892.34,0
2010-09-13,1908.75,1924.61,1908.41,1921.67,0
2010-09-14,1917.83,1938.01,1913.71,1928.59,0
2010-09-15,1923.97,1942.34,1918.1,1939.6,0
2010-09-16,1937.18,1949.39,1931.72,1948.11,0
2010-09-17,1959.26,1961.01,1945.52,1955.83,0
2010-09-20,1962.15,1992.8,1960.43,1989.43,0
2010-09-21,1990.19,2002.79,1980.47,1989.11,0
2010-09-22,1979.9,1996.45,1972.83,1982.76,0
2010-09-23,1968.03,2002.46,1967.82,1982.15,0
2010-09-24,2006.53,2023.85,2002.55,2023.84,0
2010-09-27,2021.68,2026.42,2010.53,2010.99,0
2010-09-28,2013.57,2017.57,1979.74,2012.43,0
2010-09-29,2008.14,2017.24,2000.91,2009.08,0
2010-09-30,2021.49,2029.65,1986.33,1998.04,0
2010-10-01,2014.47,2017.23,1987.71,1996.6,0
2010-10-04,1990.13,1997.67,1963.68,1975.33,0
2010-10-05,1996.38,2026.46,1996.21,2024.63,0
2010-10-06,2021.21,2024.92,1992.65,2006.52,0
2010-10-07,2016.08,2017.44,1996.25,2011.63,0
2010-10-08,2014.99,2030.89,1999.89,2027.03,0
2010-10-11,2028.53,2037.12,2021.43,2026.98,0
2010-10-12,2023.75,2045.08,2007.13,2041.55,0
2010-10-13,2052.5,2067.06,2048.05,2057.25,0
2010-10-14,2058.35,2062.26,2043.7,2054.51,0
2010-10-15,2078.63,2097.73,2062.84,2097.73,0
2010-10-18,2100.21,2105.07,2091.15,2104.15,0
2010-10-19,2063.96,2087.05,2054.61,2069.73,0
2010-10-20,2075.47,2100.16,2072.54,2085.75,0
2010-10-21,2097.17,2106.24,2069.45,2090.1,0
2010-10-22,2089.22,2105.44,2086.89,2104.21,0
2010-10-25,2113.23,2127.26,2112.28,2113.55,0
2010-10-26,2100.53,2123.81,2094.84,2119.05,0
2010-10-27,2108.11,2127.21,2104.99,2125.88,0
2010-10-28,2135.14,2135.69,2112.09,2129.73,0
2010-10-29,2126.76,2137.33,2124.45,2124.45,0
2010-11-01,2135.57,2148.07,2117.59,2128.42,0
2010-11-02,2146.98,2155.46,2141.62,2151.72,0
2010-11-03,2151.19,2159.68,2132.69,2158.36,0
2010-11-04,2183.1,2193.66,2179.06,2187.8,0
2010-11-05,2188.32,2191.24,2179.86,2186.71,0
2010-11-08,2179.7,2191.49,2176.67,2188.94,0
2010-11-09,2195.78,2200.16,2166.96,2176.88,0
2010-11-10,2178.36,2189.38,2162.63,2187.74,0
2010-11-11,2153.82,2177.21,2145.09,2173.11,0
2010-11-12,2161.66,2171.23,2122.42,2137.95,0
2010-11-15,2147.06,2152.89,2129.69,2131.48,0
2010-11-16,2114.43,2126.16,2085.27,2093.63,0
2010-11-17,2093.72,2111.06,2090.34,2100.0,0
2010-11-18,2124.79,2147.97,2121.86,2134.77,0
2010-11-19,2129.61,2138.88,2121.11,2135.27,0
2010-11-22,2126.4,2151.0,2121.74,2150.86,0
2010-11-23,2128.19,2132.69,2105.61,2116.61,0
2010-11-24,2138.24,2165.15,2138.15,2160.52,0
2010-11-25,0.0,0.0,0.0,2160.52,0
2010-11-26,2146.38,2160.55,2142.69,2153.91,0
2010-11-29,2144.04,2150.71,2118.94,2144.56,0
2010-11-30,2119.47,2131.5,2110.24,2117.33,0
2010-12-01,2150.64,2173.42,2150.64,2162.83,0
2010-12-02,2166.57,2187.82,2164.53,2185.3,0
2010-12-03,2177.11,2192.89,2176.28,2191.17,0
2010-12-06,2192.12,2193.86,2183.03,2189.81,0
2010-12-07,2214.99,2215.28,2188.74,2189.35,0
2010-12-08,2195.33,2201.34,2182.99,2200.6,0
2010-12-09,2210.73,2213.01,2193.92,2201.57,0
2010-12-10,2206.47,2217.48,2199.69,2215.34,0
2010-12-13,2223.89,2225.22,2207.02,2207.45,0
2010-12-14,2213.23,2220.42,2205.21,2212.59,0
2010-12-15,2210.51,2223.67,2196.88,2202.45,0
2010-12-16,2205.27,2221.98,2198.86,2218.02,0
2010-12-17,2222.01,2227.04,2217.11,2218.29,0
2010-12-20,2225.41,2230.55,2206.3,2223.04,0
2010-12-21,2230.61,2235.58,2226.25,2234.57,0
2010-12-22,2234.6,2238.92,2231.97,2235.91,0
2010-12-23,2232.84,2235.11,2225.29,2230.27,0
2010-12-24,0.0,0.0,0.0,2230.27,0
2010-12-27,2223.76,2234.42,2208.8,2229.86,0
2010-12-28,2234.56,2236.17,2222.76,2227.42,0
2010-12-29,2232.33,2236.19,2229.87,2231.64,0
2010-12-30,2230.39,2232.38,2222.77,2225.72,0
2010-12-31,2223.28,2225.0,2209.38,2217.86,0
2011-01-03,2238.66,2268.3,2237.79,2254.23,0
2011-01-04,2261.65,2263.03,2237.73,2251.46,0
2011-01-05,2245.4,2271.08,2243.88,2270.4,0
2011-01-06,2272.33,2279.45,2268.59,2277.51,0
2011-01-07,2280.13,2282.87,2254.22,2276.7,0
2011-01-10,2270.65,2288.64,2265.0,2284.38,0
2011-01-11,2294.66,2296.15,2279.48,2288.73,0
2011-01-12,2298.63,2304.88,2289.05,2304.88,0
2011-01-13,2303.6,2310.82,2298.62,2305.53,0
2011-01-14,2304.37,2323.43,2300.25,2323.43,0
2011-01-17,0.0,0.0,0.0,2323.43,0
2011-01-18,2300.93,2331.32,2299.37,2328.79,0
2011-01-19,2329.93,2331.63,2294.89,2303.32,0
2011-01-20,2292.17,2295.24,2268.59,2286.08,0
2011-01-21,2295.15,2301.05,2267.17,2268.32,0
2011-01-24,2271.73,2300.39,2268.72,2300.39,0
2011-01-25,2288.5,2304.04,2283.79,2304.03,0
2011-01-26,2306.99,2321.22,2300.11,2314.19,0
2011-01-27,2322.33,2336.04,2319.23,2330.07,0
2011-01-28,2330.07,2330.07,2260.6,2270.51,0
2011-01-31,2274.22,2287.5,2258.05,2281.91,0
2011-02-01,2298.37,2329.34,2296.74,2324.95,0
2011-02-02,2317.89,2328.8,2316.22,2321.09,0
2011-02-03,2316.67,2327.24,2297.79,2323.07,0
2011-02-04,2324.18,2338.66,2318.27,2338.2,0
2011-02-07,2340.44,2360.82,2338.87,2349.2,0
2011-02-08,2348.53,2363.76,2344.86,2363.61,0
2011-02-09,2359.81,2367.19,2352.46,2360.95,0
2011-02-10,2343.79,2366.28,2341.81,2364.35,0
2011-02-11,2357.77,2381.4,2353.28,2379.15,0
2011-02-14,2379.52,2388.63,2378.16,2385.6,0
2011-02-15,2380.16,2384.81,2371.19,2381.92,0
2011-02-16,2389.51,2403.52,2387.66,2397.94,0
2011-02-17,2384.69,2400.89,2384.22,2397.57,0
2011-02-18,2396.75,2400.47,2382.39,2392.47,0
2011-02-21,0.0,0.0,0.0,2392.47,0
2011-02-22,2353.81,2366.43,2318.4,2322.86,0
2011-02-23,2321.44,2329.13,2284.65,2300.94,0
2011-02-24,2306.94,2321.2,2285.44,2313.31,0
2011-02-25,2326.13,2349.51,2325.71,2346.29,0
2011-02-28,2354.87,2362.79,2338.21,2350.99,0
2011-03-01,2359.78,2359.98,2308.05,2315.26,0
2011-03-02,2314.28,2340.8,2311.99,2326.77,0
2011-03-03,2350.52,2375.67,2350.18,2371.76,0
2011-03-04,2370.34,2371.23,2344.62,2359.96,0
2011-03-07,2367.92,2370.91,2307.39,2328.07,0
2011-03-08,2325.13,2347.51,2310.96,2337.55,0
2011-03-09,2328.8,2330.68,2309.28,2322.69,0
2011-03-10,2295.09,2300.53,2276.12,2284.29,0
2011-03-11,2275.29,2305.97,2275.07,2299.26,0
2011-03-14,2286.77,2302.92,2274.08,2290.72,0
2011-03-15,2218.3,2271.58,2217.43,2259.62,0
2011-03-16,2240.83,2252.13,2188.92,2202.97,0
2011-03-17,2238.85,2247.93,2223.13,2225.24,0
2011-03-18,2249.18,2249.39,2217.95,2221.07,0
2011-03-21,2250.89,2273.11,2249.46,2262.7,0
2011-03-22,2264.07,2266.09,2253.08,2257.96,0
2011-03-23,2251.49,2276.62,2234.94,2270.5,0
2011-03-24,2287.01,2315.56,2275.65,2312.09,0
2011-03-25,2319.07,2331.63,2314.02,2316.36,0
2011-03-28,2325.13,2326.12,2303.06,2303.1,0
2011-03-29,2299.27,2325.54,2291.78,2325.54,0
2011-03-30,2338.41,2340.39,2326.79,2336.52,0
2011-03-31,2332.74,2342.24,2329.62,2338.99,0
2011-04-01,2352.47,2359.16,2334.95,2342.92,0
2011-04-04,2347.71,2350.34,2324.02,2334.54,0
2011-04-05,2330.12,2342.34,2323.41,2327.87,0
2011-04-06,2343.37,2352.25,2320.32,2332.34,0
2011-04-07,2331.74,2346.86,2315.83,2332.88,0
2011-04-08,2342.74,2345.41,2313.46,2321.18,0
2011-04-11,2330.26,2333.98,2305.53,2314.5,0
2011-04-12,2302.89,2308.2,2288.68,2298.3,0
2011-04-13,2312.8,2322.6,2298.82,2316.63,0
2011-04-14,2301.27,2315.22,2291.79,2311.25,0
2011-04-15,2304.46,2316.82,2293.53,2307.58,0
2011-04-18,2281.92,2293.08,2254.88,2292.34,0
2011-04-19,2297.0,2306.77,2286.59,2306.77,0
2011-04-20,2344.21,2360.69,2344.21,2357.76,0
2011-04-21,2381.2,2381.2,2370.28,2377.3,0
2011-04-22,0.0,0.0,0.0,2377.3,0
2011-04-25,2377.91,2385.03,2375.12,2383.72,0
2011-04-26,2389.24,2405.23,2384.8,2396.03,0
2011-04-27,2402.45,2415.85,2390.46,2413.59,0
2011-04-28,2404.96,2411.98,2398.93,2409.9,0
2011-04-29,2405.05,2415.56,2403.25,2404.08,0
2011-05-02,2410.24,2417.83,2397.48,2404.24,0
2011-05-03,2401.8,2404.12,2377.33,2392.8,0
2011-05-04,2392.16,2398.46,2367.68,2387.51,0
2011-05-05,2376.46,2402.05,2366.73,2375.21,0
2011-05-06,2395.92,2411.63,2376.15,2383.18,0
2011-05-09,2384.2,2399.68,2376.96,2390.97,0
2011-05-10,2397.2,2414.58,2394.84,2411.35,0
2011-05-11,2408.15,2415.9,2377.43,2393.08,0
2011-05-12,2384.14,2410.45,2372.19,2407.89,0
2011-05-13,2403.06,2406.01,2378.76,2379.24,0
2011-05-16,2368.47,2375.36,2332.84,2337.85,0
2011-05-17,2325.86,2343.73,2320.33,2343.51,0
2011-05-18,2340.69,2366.4,2337.48,2362.95,0
2011-05-19,2369.06,2374.22,2355.4,2369.67,0
2011-05-20,2365.49,2368.99,2348.73,2351.43,0
2011-05-23,2318.16,2325.86,2306.43,2316.78,0
2011-05-24,2321.59,2322.63,2302.36,2303.55,0
2011-05-25,2299.49,2321.51,2298.72,2310.95,0
2011-05-26,2306.44,2332.02,2306.11,2325.93,0
2011-05-27,2328.65,2339.1,2327.32,2336.09,0
2011-05-30,0.0,0.0,0.0,2336.09,0
2011-05-31,2359.05,2372.54,2347.23,2372.54,0
2011-06-01,2368.29,2373.82,2321.0,2322.48,0
2011-06-02,2325.56,2335.66,2314.69,2326.7,0
2011-06-03,2301.4,2317.93,2289.41,2292.31,0
2011-06-06,2288.61,2299.4,2273.24,2274.48,0
2011-06-07,2279.55,2288.76,2268.06,2268.96,0
2011-06-08,2264.4,2268.0,2246.62,2252.89,0
2011-06-09,2253.23,2267.76,2246.49,2256.65,0
2011-06-10,2249.4,2250.89,2220.83,2221.09,0
2011-06-13,2225.21,2234.22,2214.37,2222.28,0
2011-06-14,2240.39,2256.46,2240.39,2250.34,0
2011-06-15,2229.81,2243.22,2204.15,2209.01,0
2011-06-16,2209.75,2216.74,2180.94,2199.93,0
2011-06-17,2220.04,2222.51,2186.78,2192.96,0
2011-06-20,2187.21,2210.64,2186.77,2204.36,0
2011-06-21,2210.97,2253.27,2203.71,2251.82,0
2011-06-22,2243.21,2254.64,2234.83,2235.75,0
2011-06-23,2210.49,2256.7,2204.47,2255.05,0
2011-06-24,2245.49,2246.96,2213.1,2217.06,0
2011-06-27,2217.63,2263.21,2215.14,2252.24,0
2011-06-28,2256.52,2286.92,2254.94,2285.75,0
2011-06-29,2290.5,2299.32,2278.85,2294.43,0
2011-06-30,2303.0,2327.36,2302.67,2325.07,0
2011-07-01,2326.16,2363.36,2320.57,2361.39,0
2011-07-04,0.0,0.0,0.0,2361.39,0
2011-07-05,2363.08,2374.41,2357.31,2371.21,0
2011-07-06,2368.75,2383.77,2361.47,2378.58,0
2011-07-07,2396.64,2418.99,2394.55,2412.89,0
2011-07-08,2390.16,2405.92,2379.14,2405.89,0
2011-07-11,2380.56,2392.09,2354.12,2362.0,0
2011-07-12,2362.19,2366.35,2342.13,2343.79,0
2011-07-13,2360.43,2377.34,2345.8,2352.43,0
2011-07-14,2358.89,2370.72,2318.2,2325.06,0
2011-07-15,2351.81,2357.36,2336.13,2356.67,0
2011-07-18,2346.53,2354.56,2322.62,2344.01,0
2011-07-19,2367.81,2400.58,2367.81,2398.17,0
2011-07-20,2411.71,2412.39,2384.5,2387.8,0
2011-07-21,2389.56,2417.13,2377.82,2404.24,0
2011-07-22,2403.2,2432.84,2402.06,2429.5,0
2011-07-25,2408.65,2437.42,2406.17,2424.15,0
2011-07-26,2423.16,2438.44,2418.52,2429.45,0
2011-07-27,2414.36,2416.22,2362.12,2367.16,0
2011-07-28,2367.44,2401.25,2359.87,2371.77,0
2011-07-29,2349.3,2388.24,2341.82,2362.81,0
2011-08-01,2391.42,2396.5,2325.17,2354.05,0
2011-08-02,2340.73,2352.48,2291.37,2292.85,0
2011-08-03,2294.94,2316.73,2254.91,2312.78,0
2011-08-04,2275.3,2284.3,2207.05,2207.2,0
2011-08-05,2227.49,2240.68,2131.52,2194.38,0
2011-08-08,2127.87,2162.78,2060.29,2060.29,0
2011-08-09,2095.99,2161.75,2034.92,2160.79,0
2011-08-10,2110.14,2142.31,2070.24,2073.09,0
2011-08-11,2108.92,2187.48,2091.91,2167.07,0
2011-08-12,2176.54,2195.25,2154.86,2182.05,0
2011-08-15,2189.49,2214.12,2180.86,2214.12,0
2011-08-16,2190.14,2211.9,2165.04,2194.27,0
2011-08-17,2193.3,2214.26,2158.95,2181.62,0
2011-08-18,2116.79,2118.61,2055.18,2073.03,0
2011-08-19,2053.01,2102.88,2035.3,2038.22,0
2011-08-22,2084.27,2084.83,2038.14,2044.73,0
2011-08-23,2059.03,2129.27,2050.19,2129.27,0
2011-08-24,2121.52,2148.22,2105.31,2145.04,0
2011-08-25,2141.86,2153.71,2102.5,2108.21,0
2011-08-26,2101.91,2169.41,2082.04,2161.97,0
2011-08-29,2188.67,2224.5,2187.72,2223.96,0
2011-08-30,2212.07,2250.1,2202.45,2237.69,0
2011-08-31,2248.19,2268.07,2222.48,2241.01,0
2011-09-01,2245.01,2263.94,2217.02,2219.05,0
2011-09-02,2178.11,2189.76,2156.99,2167.83,0
2011-09-05,0.0,0.0,0.0,2167.83,0
2011-09-06,2116.48,2171.39,2112.84,2167.6,0
2011-09-07,2198.61,2223.8,2193.83,2223.75,0
2011-09-08,2212.71,2244.51,2206.79,2214.29,0
2011-09-09,2197.72,2206.49,2151.35,2163.66,0
2011-09-12,2145.78,2192.28,2139.58,2191.84,0
2011-09-13,2197.66,2225.4,2189.83,2220.58,0
2011-09-14,2233.66,2277.92,2210.63,2252.75,0
2011-09-15,2273.22,2289.69,2254.47,2286.56,0
2011-09-16,2284.28,2308.96,2283.43,2306.09,0
2011-09-19,2277.64,2319.73,2260.24,2308.76,0
2011-09-20,2318.55,2337.7,2293.06,2295.89,0
2011-09-21,2308.41,2321.22,2257.55,2258.3,0
2011-09-22,2196.63,2219.72,2151.48,2184.59,0
2011-09-23,2165.75,2216.75,2165.62,2206.86,0
2011-09-26,2216.66,2237.13,2170.14,2234.28,0
2011-09-27,2270.69,2290.71,2241.75,2253.55,0
2011-09-28,2266.29,2281.09,2218.77,2220.84,0
2011-09-29,2255.55,2258.96,2160.2,2197.68,0
2011-09-30,2167.24,2185.61,2139.17,2139.18,0
2011-10-03,2128.02,2153.95,2084.3,2085.04,0
2011-10-04,2064.01,2131.31,2042.9,2129.21,0
2011-10-05,2121.03,2187.56,2106.62,2182.77,0
2011-10-06,2181.58,2218.3,2169.57,2217.99,0
2011-10-07,2217.51,2227.38,2190.26,2202.76,0
2011-10-10,2241.17,2278.74,2237.48,2278.65,0
2011-10-11,2272.64,2300.7,2269.54,2294.92,0
2011-10-12,2316.76,2331.91,2305.31,2307.18,0
2011-10-13,2300.86,2330.64,2299.73,2326.88,0
2011-10-14,2360.0,2371.94,2344.74,2371.94,0
2011-10-17,2359.53,2367.21,2322.53,2334.38,0
2011-10-18,2331.98,2375.26,2309.88,2364.87,0
2011-10-19,2348.52,2357.55,2310.65,2316.81,0
2011-10-20,2317.34,2317.34,2274.49,2306.29,0
2011-10-21,2332.21,2349.79,2314.77,2335.93,0
2011-10-24,2341.71,2389.91,2341.15,2384.42,0
2011-10-25,2375.49,2375.53,2332.18,2335.87,0
2011-10-26,2349.85,2355.02,2291.78,2334.79,0
2011-10-27,2390.69,2412.52,2365.91,2399.83,0
2011-10-28,2386.02,2404.8,2384.97,2401.29,0
2011-10-31,2376.99,2389.29,2359.85,2360.08,0
2011-11-01,2301.11,2321.36,2287.74,2298.37,0
2011-11-02,2321.9,2329.06,2298.71,2318.32,0
2011-11-03,2340.14,2369.77,2311.2,2367.71,0
2011-11-04,2353.51,2364.37,2331.46,2356.32,0
2011-11-07,2353.82,2372.72,2329.68,2371.04,0
2011-11-08,2386.19,2402.51,2362.23,2400.01,0
2011-11-09,2346.74,2354.9,2307.78,2314.1,0
2011-11-10,2338.6,2338.91,2290.53,2312.07,0
2011-11-11,2336.44,2363.12,2330.63,2355.78,0
2011-11-14,2350.91,2362.46,2333.55,2341.32,0
2011-11-15,2334.24,2375.1,2331.75,2366.24,0
2011-11-16,2345.27,2365.13,2322.05,2324.37,0
2011-11-17,2320.64,2320.81,2257.92,2272.09,0
2011-11-18,2273.64,2274.62,2250.94,2253.95,0
2011-11-21,2219.88,2225.54,2188.14,2211.14,0
2011-11-22,2205.31,2224.04,2191.87,2216.33,0
2011-11-23,2199.46,2203.14,2166.54,2166.54,0
2011-11-24,0.0,0.0,0.0,2166.54,0
2011-11-25,2159.94,2182.28,2150.71,2150.88,0
2011-11-28,2207.68,2227.81,2206.69,2224.22,0
2011-11-29,2225.12,2240.63,2205.77,2211.39,0
2011-11-30,2270.28,2295.35,2264.72,2295.2,0
2011-12-01,2294.27,2314.9,2292.26,2309.2,0
2011-12-02,2327.87,2331.12,2301.25,2302.04,0
2011-12-05,2336.55,2343.1,2315.18,2326.95,0
2011-12-06,2327.65,2335.79,2313.99,2321.49,0
2011-12-07,2312.55,2331.73,2292.15,2320.54,0
2011-12-08,2309.53,2324.04,2278.42,2282.59,0
2011-12-09,2287.27,2325.64,2287.27,2318.68,0
2011-12-12,2295.43,2295.53,2274.15,2292.24,0
2011-12-13,2308.29,2316.9,2258.71,2268.37,0
2011-12-14,2259.84,2260.52,2219.68,2233.03,0
2011-12-15,2253.14,2253.21,2223.52,2226.71,0
2011-12-16,2238.59,2267.55,2234.3,2238.18,0
2011-12-19,2244.37,2250.27,2209.57,2215.27,0
2011-12-20,2253.19,2283.45,2252.57,2281.94,0
2011-12-21,2265.9,2267.01,2222.68,2249.03,0
2011-12-22,2254.68,2268.59,2251.31,2266.77,0
2011-12-23,2274.35,2287.96,2268.24,2287.57,0
2011-12-26,0.0,0.0,0.0,2287.57,0
2011-12-27,2284.29,2301.3,2281.86,2293.12,0
2011-12-28,2294.97,2295.17,2262.22,2267.08,0
2011-12-29,2272.56,2285.72,2264.89,2285.07,0
2011-12-30,2281.91,2289.12,2277.77,2277.83,0
2012-01-02,0.0,0.0,0.0,2277.83,0
2012-01-03,2323.16,2332.24,2315.28,2321.96,0
2012-01-04,2316.53,2333.29,2307.56,2329.71,0
2012-01-05,2326.58,2351.45,2317.52,2348.98,0
2012-01-06,2350.68,2362.58,2341.64,2356.17,0
2012-01-09,2362.53,2363.48,2342.34,2350.65,0
2012-01-10,2374.26,2381.43,2360.98,2367.38,0
2012-01-11,2363.69,2376.58,2357.53,2372.25,0
2012-01-12,2377.34,2384.26,2359.92,2381.99,0
2012-01-13,2371.42,2373.5,2352.76,2371.98,0
2012-01-16,0.0,0.0,0.0,2371.98,0
2012-01-17,2396.14,2404.08,2385.79,2393.24,0
2012-01-18,2396.63,2425.96,2395.43,2425.96,0
2012-01-19,2435.14,2445.59,2433.03,2441.7,0
2012-01-20,2428.66,2438.25,2428.35,2437.02,0
2012-01-23,2437.06,2455.22,2424.29,2437.22,0
2012-01-24,2426.86,2440.2,2423.24,2433.96,0
2012-01-25,2456.55,2470.58,2440.57,2465.66,0
2012-01-26,2474.05,2479.31,2444.83,2454.63,0
2012-01-27,2450.38,2467.46,2449.83,2461.77,0
2012-01-30,2438.52,2468.57,2433.63,2465.32,0
2012-01-31,2476.65,2481.51,2453.05,2467.95,0
2012-02-01,2481.62,2497.31,2474.29,2488.18,0
2012-02-02,2495.08,2504.16,2487.15,2495.83,0
2012-02-03,2518.86,2532.26,2514.99,2529.17,0
2012-02-06,2519.33,2528.3,2513.51,2528.3,0
2012-02-07,2522.79,2537.64,2514.9,2532.06,0
2012-02-08,2533.48,2545.84,2523.88,2545.72,0
2012-02-09,2553.63,2567.28,2541.2,2563.93,0
2012-02-10,2543.86,2553.1,2537.99,2547.32,0
2012-02-13,2564.93,2572.64,2554.29,2569.49,0
2012-02-14,2561.6,2575.24,2553.95,2575.24,0
2012-02-15,2584.95,2600.96,2552.56,2556.01,0
2012-02-16,2555.55,2594.71,2551.35,2592.29,0
2012-02-17,2587.22,2593.56,2572.82,2584.24,0
2012-02-20,0.0,0.0,0.0,2584.24,0
2012-02-21,2589.21,2601.74,2574.32,2590.24,0
2012-02-22,2586.32,2593.05,2575.31,2579.78,0
2012-02-23,2578.91,2598.1,2570.07,2594.93,0
2012-02-24,2602.66,2609.45,2598.67,2604.21,0
2012-02-27,2589.44,2616.86,2579.63,2606.76,0
2012-02-28,2610.04,2634.23,2607.5,2633.46,0
2012-02-29,2638.97,2645.2,2614.48,2623.1,0
2012-03-01,2634.2,2645.91,2625.42,2643.54,0
2012-03-02,2640.43,2650.0,2633.28,2641.58,0
2012-03-05,2636.6,2642.75,2605.59,2614.92,0
2012-03-06,2586.31,2593.64,2575.13,2588.95,0
2012-03-07,2599.85,2614.23,2597.23,2607.85,0
2012-03-08,2623.45,2643.89,2618.47,2637.18,0
2012-03-09,2641.15,2651.98,2639.6,2646.85,0
2012-03-12,2646.98,2651.64,2635.76,2646.85,0
2012-03-13,2665.3,2697.64,2658.09,2697.43,0
2012-03-14,2701.08,2717.86,2690.4,2708.41,0
2012-03-15,2716.19,2720.49,2701.65,2714.79,0
2012-03-16,2715.71,2719.61,2706.96,2712.78,0
2012-03-19,2716.98,2738.22,2710.63,2733.26,0
2012-03-20,2719.4,2740.35,2711.1,2737.63,0
2012-03-21,2739.4,2752.46,2733.91,2736.88,0
2012-03-22,2720.66,2737.83,2719.74,2731.5,0
2012-03-23,2734.68,2734.68,2714.6,2728.55,0
2012-03-26,2746.98,2778.02,2746.43,2778.02,0
2012-03-27,2779.67,2793.44,2778.91,2782.12,0
2012-03-28,2785.98,2794.0,2754.97,2770.97,0
2012-03-29,2756.44,2769.83,2741.32,2762.05,0
2012-03-30,2773.93,2774.52,2744.47,2755.27,0
2012-04-02,2752.25,2787.25,2747.54,2784.42,0
2012-04-03,2786.14,2795.35,2767.05,2782.78,0
2012-04-04,2759.33,2762.73,2729.21,2745.0,0
2012-04-05,2740.7,2764.21,2739.1,2762.5,0
2012-04-06,0.0,0.0,0.0,2762.5,0
2012-04-09,2726.08,2751.44,2722.77,2739.98,0
2012-04-10,2738.44,2749.51,2688.21,2695.12,0
2012-04-11,2719.48,2726.94,2702.97,2708.13,0
2012-04-12,2715.04,2743.41,2711.04,2740.26,0
2012-04-13,2730.74,2731.35,2698.11,2698.99,0
2012-04-16,2713.89,2713.89,2660.96,2670.1,0
2012-04-17,2678.58,2731.38,2675.14,2723.58,0
2012-04-18,2714.66,2732.03,2707.91,2716.14,0
2012-04-19,2707.89,2738.59,2676.09,2686.82,0
2012-04-20,2699.55,2712.01,2674.66,2676.04,0
2012-04-23,2651.13,2657.36,2629.7,2653.5,0
2012-04-24,2647.91,2659.52,2628.96,2638.73,0
2012-04-25,2694.86,2710.87,2691.12,2709.62,0
2012-04-26,2709.88,2731.73,2705.91,2725.23,0
2012-04-27,2737.57,2750.5,2723.16,2741.34,0
2012-04-30,2731.26,2737.54,2720.44,2723.68,0
2012-05-01,2719.25,2756.81,2715.75,2726.92,0
2012-05-02,2713.18,2736.3,2707.63,2734.77,0
2012-05-03,2737.04,2737.14,2697.78,2704.59,0
2012-05-04,2682.37,2683.25,2637.73,2637.92,0
2012-05-07,2622.67,2651.74,2620.96,2639.28,0
2012-05-08,2624.35,2638.3,2587.53,2629.87,0
2012-05-09,2600.19,2635.71,2588.97,2621.35,0
2012-05-10,2631.97,2631.97,2606.79,2616.24,0
2012-05-11,2606.01,2643.22,2604.99,2615.98,0
2012-05-14,2593.75,2611.37,2587.78,2590.28,0
2012-05-15,2589.96,2617.23,2576.77,2580.75,0
2012-05-16,2589.91,2597.16,2558.69,2561.56,0
2012-05-17,2562.13,2567.55,2509.05,2509.05,0
2012-05-18,2509.9,2523.15,2474.7,2478.53,0
2012-05-21,2482.31,2547.69,2478.36,2545.43,0
2012-05-22,2553.58,2562.48,2524.11,2539.2,0
2012-05-23,2534.66,2553.19,2499.3,2547.08,0
2012-05-24,2553.12,2554.2,2512.35,2531.35,0
2012-05-25,2532.32,2537.56,2520.17,2527.05,0
2012-05-28,0.0,0.0,0.0,2527.05,0
2012-05-29,2542.66,2570.79,2536.62,2558.97,0
2012-05-30,2538.58,2546.01,2522.45,2537.4,0
2012-05-31,2535.87,2540.4,2507.58,2524.87,0
2012-06-01,2510.82,2510.82,2458.73,2458.83,0
2012-06-04,2458.97,2480.97,2443.92,2478.13,0
2012-06-05,2467.81,2492.53,2467.66,2487.5,0
2012-06-06,2504.08,2546.32,2504.08,2546.32,0
2012-06-07,2569.24,2570.48,2531.95,2535.41,0
2012-06-08,2529.42,2561.57,2522.39,2559.21,0
2012-06-11,2578.73,2579.23,2513.67,2517.18,0
2012-06-12,2523.01,2546.83,2510.75,2546.2,0
2012-06-13,2541.72,2557.31,2519.69,2527.44,0
2012-06-14,2529.28,2547.31,2515.17,2539.97,0
2012-06-15,2543.85,2572.84,2542.51,2571.23,0
2012-06-18,2570.98,2599.52,2554.83,2592.52,0
2012-06-19,2606.43,2630.86,2605.16,2620.83,0
2012-06-20,2625.0,2633.21,2603.32,2623.33,0
2012-06-21,2619.98,2622.76,2554.65,2556.96,0
2012-06-22,2562.28,2587.0,2559.26,2585.53,0
2012-06-25,2562.98,2563.09,2527.01,2533.54,0
2012-06-26,2541.21,2556.92,2531.6,2549.84,0
2012-06-27,2558.67,2576.09,2557.09,2565.53,0
2012-06-28,2565.53,2565.53,2510.37,2536.65,0
2012-06-29,2566.84,2615.82,2566.84,2615.72,0
2012-07-02,2616.52,2625.26,2604.9,2625.03,0
2012-07-03,2623.46,2645.84,2621.77,2645.84,0
2012-07-04,0.0,0.0,0.0,2645.84,0
2012-07-05,2643.63,2660.26,2629.91,2647.47,0
2012-07-06,2635.65,2636.96,2596.1,2612.29,0
2012-07-09,2610.38,2620.22,2597.27,2610.31,0
2012-07-10,2620.33,2630.03,2574.26,2585.52,0
2012-07-11,2580.07,2587.02,2549.05,2570.99,0
2012-07-12,2561.68,2561.68,2522.89,2545.3,0
2012-07-13,2545.98,2589.93,2545.98,2584.97,0
2012-07-16,2579.96,2589.57,2567.45,2577.05,0
2012-07-17,2591.78,2598.47,2554.34,2591.65,0
2012-07-18,2586.86,2633.02,2585.48,2625.87,0
2012-07-19,2645.34,2663.12,2639.41,2655.81,0
2012-07-20,2654.6,2654.6,2618.04,2618.04,0
2012-07-23,2575.29,2596.61,2549.96,2589.93,0
2012-07-24,2593.39,2596.04,2551.35,2567.46,0
2012-07-25,2551.7,2566.46,2535.04,2549.2,0
2012-07-26,2588.2,2598.36,2568.33,2584.85,0
2012-07-27,2600.03,2649.98,2594.84,2647.03,0
2012-07-30,2649.78,2662.62,2634.5,2642.12,0
2012-07-31,2643.28,2657.27,2640.26,2642.53,0
2012-08-01,2660.49,2661.84,2625.08,2635.13,0
2012-08-02,2616.04,2650.98,2606.54,2625.52,0
2012-08-03,2664.69,2684.58,2657.5,2676.0,0
2012-08-06,2686.38,2705.71,2681.72,2694.09,0
2012-08-07,2705.97,2727.31,2701.9,2717.16,0
2012-08-08,2707.29,2721.02,2705.47,2714.02,0
2012-08-09,2712.97,2724.43,2708.24,2719.61,0
2012-08-10,2710.55,2722.96,2704.91,2722.96,0
2012-08-13,2721.49,2728.88,2708.38,2728.68,0
2012-08-14,2737.85,2742.83,2721.12,2727.79,0
2012-08-15,2724.71,2739.14,2724.71,2735.47,0
2012-08-16,2743.88,2774.22,2742.82,2768.09,0
2012-08-17,2775.53,2780.77,2767.04,2780.3,0
2012-08-20,2777.71,2784.57,2767.73,2784.33,0
2012-08-21,2791.74,2802.91,2762.9,2772.2,0
2012-08-22,2765.1,2790.3,2759.14,2783.42,0
2012-08-23,2773.98,2780.71,2755.14,2762.02,0
2012-08-24,2754.43,2785.34,2750.64,2778.05,0
2012-08-27,2792.0,2794.27,2777.36,2782.55,0
2012-08-28,2779.17,2790.51,2772.25,2782.69,0
2012-08-29,2782.98,2790.17,2771.99,2784.0,0
2012-08-30,2771.44,2772.62,2751.53,2753.74,0
2012-08-31,2773.24,2785.08,2746.68,2772.24,0
2012-09-03,0.0,0.0,0.0,2772.24,0
2012-09-04,2766.93,2781.08,2744.29,2772.03,0
2012-09-05,2769.19,2780.56,2760.66,2766.95,0
2012-09-06,2785.01,2829.71,2784.81,2829.71,0
2012-09-07,2823.22,2829.95,2817.48,2825.11,0
2012-09-10,2821.03,2823.34,2787.33,2788.35,0
2012-09-11,2789.09,2799.85,2780.24,2784.89,0
2012-09-12,2794.38,2798.97,2775.4,2791.68,0
2012-09-13,2796.72,2841.68,2792.18,2831.35,0
2012-09-14,2841.82,2865.37,2839.48,2855.23,0
2012-09-17,2857.52,2857.52,2846.17,2856.44,0
2012-09-18,2852.42,2859.34,2848.91,2857.38,0
2012-09-19,2858.54,2871.1,2850.32,2864.03,0
2012-09-20,2850.44,2863.67,2842.59,2861.7,0
2012-09-21,2874.53,2878.38,2859.55,2861.64,0
2012-09-24,2836.35,2849.61,2832.53,2843.98,0
2012-09-25,2851.65,2858.68,2804.13,2804.53,0
2012-09-26,2798.93,2802.28,2768.58,2781.63,0
2012-09-27,2790.78,2827.0,2784.62,2821.6,0
2012-09-28,2812.82,2820.36,2795.54,2799.19,0
2012-10-01,2811.45,2827.61,2784.54,2794.28,0
2012-10-02,2807.08,2812.21,2779.01,2799.29,0
2012-10-03,2810.16,2822.56,2797.28,2818.84,0
2012-10-04,2824.89,2835.33,2814.45,2828.6,0
2012-10-05,2840.19,2845.97,2806.44,2811.94,0
2012-10-08,2797.33,2801.85,2781.38,2786.92,0
2012-10-09,2781.81,2781.81,2736.98,2741.92,0
2012-10-10,2743.58,2749.42,2724.38,2728.54,0
2012-10-11,2750.81,2750.81,2718.49,2719.21,0
2012-10-12,2719.69,2734.4,2714.17,2720.14,0
2012-10-15,2729.2,2742.7,2713.22,2739.87,0
2012-10-16,2746.14,2781.01,2743.45,2778.38,0
2012-10-17,2763.7,2784.81,2760.3,2775.62,0
2012-10-18,2770.05,2775.83,2734.6,2744.17,0
2012-10-19,2741.58,2741.58,2675.57,2678.32,0
2012-10-22,2678.89,2699.08,2671.5,2694.56,0
2012-10-23,2670.94,2689.48,2658.77,2666.02,0
2012-10-24,2685.55,2686.51,2653.43,2655.55,0
2012-10-25,2677.13,2679.81,2649.19,2657.66,0
2012-10-26,2657.91,2675.92,2636.83,2665.83,0
2012-10-29,0.0,0.0,0.0,2665.83,0
2012-10-30,0.0,0.0,0.0,2665.83,0
2012-10-31,2663.56,2665.88,2639.63,2647.92,0
2012-11-01,2661.05,2690.72,2657.11,2687.52,0
2012-11-02,2701.91,2701.91,2654.97,2656.28,0
2012-11-05,2657.73,2678.94,2651.37,2672.91,0
2012-11-06,2676.15,2696.46,2668.45,2681.05,0
2012-11-07,2647.51,2651.26,2602.29,2612.69,0
2012-11-08,2620.25,2626.42,2572.43,2572.57,0
2012-11-09,2574.87,2610.17,2571.86,2584.1,0
2012-11-12,2596.57,2600.65,2575.61,2582.77,0
2012-11-13,2558.86,2586.59,2554.52,2561.86,0
2012-11-14,2574.62,2577.57,2528.36,2531.87,0
2012-11-15,2534.24,2542.17,2514.86,2524.36,0
2012-11-16,2525.89,2541.34,2494.38,2534.16,0
2012-11-19,2564.23,2596.75,2562.52,2595.83,0
2012-11-20,2592.27,2598.47,2570.66,2594.66,0
2012-11-21,2596.02,2604.51,2587.86,2600.48,0
2012-11-22,0.0,0.0,0.0,2600.48,0
2012-11-23,2617.87,2640.39,2614.24,2639.59,0
2012-11-26,2634.43,2652.07,2626.06,2651.67,0
2012-11-27,2649.94,2659.35,2637.6,2641.42,0
2012-11-28,2627.57,2666.31,2613.22,2665.27,0
2012-11-29,2677.63,2688.95,2667.31,2680.03,0
2012-11-30,2680.55,2682.36,2668.17,2677.88,0
2012-12-03,2697.44,2699.04,2669.83,2671.84,0
2012-12-04,2671.12,2674.03,2651.46,2667.89,0
2012-12-05,2660.68,2663.44,2624.51,2637.89,0
2012-12-06,2631.16,2663.01,2623.62,2656.3,0
2012-12-07,2667.44,2671.57,2631.47,2640.54,0
2012-12-10,2634.54,2661.35,2632.25,2647.57,0
2012-12-11,2665.98,2696.9,2664.1,2682.07,0
2012-12-12,2694.4,2694.43,2668.51,2674.57,0
2012-12-13,2667.36,2688.44,2643.14,2654.01,0
2012-12-14,2635.91,2643.97,2620.08,2628.09,0
2012-12-17,2629.76,2664.72,2627.37,2664.26,0
2012-12-18,2675.44,2708.48,2669.83,2705.39,0
2012-12-19,2709.61,2713.39,2690.99,2690.99,0
2012-12-20,2697.6,2698.71,2679.55,2693.55,0
2012-12-21,2641.96,2667.7,2639.65,2664.67,0
2012-12-24,2664.67,2662.03,2653.58,2658.05,0
2012-12-25,0.0,0.0,0.0,2658.05,0
2012-12-26,2658.05,2663.56,2627.52,2637.18,0
2012-12-27,2637.18,2641.11,2599.63,2632.94,0
2012-12-28,2632.94,2631.71,2604.96,2606.36,0
2012-12-31,2606.36,2665.73,2598.57,2660.93,0
2013-01-01,0.0,0.0,0.0,2660.93,0
2013-01-02,2660.93,2746.5,2716.3,2746.47,0
2013-01-03,2746.47,2750.82,2723.67,2732.26,0
2013-01-04,2732.26,2732.16,2716.04,2724.49,0
2013-01-07,2724.49,2727.68,2707.11,2724.22,0
2013-01-08,2724.22,2730.16,2703.75,2718.72,0
2013-01-09,2718.72,2735.42,2720.05,2727.65,0
2013-01-10,2727.65,2749.19,2719.68,2744.18,0
2013-01-11,2744.18,2749.36,2738.0,2748.26,0
2013-01-14,2748.26,2743.35,2724.07,2735.7,0
2013-01-15,2735.7,2726.27,2710.8,2722.98,0
2013-01-16,2722.98,2742.33,2721.62,2734.73,0
2013-01-17,2734.73,2756.68,2740.07,2747.15,0
2013-01-18,2747.15,2743.54,2728.07,2743.24,0
2013-01-21,0.0,0.0,0.0,2743.24,0
2013-01-22,2743.24,2747.52,2726.86,2746.19,0
2013-01-23,2746.19,2769.31,2756.59,2762.17,0
2013-01-24,2762.17,2748.36,2719.83,2723.53,0
2013-01-25,2723.53,2745.09,2726.73,2736.73,0
2013-01-28,2736.73,2752.54,2735.21,2742.43,0
2013-01-29,2742.43,2749.44,2722.52,2743.58,0
2013-01-30,2743.58,2757.09,2732.05,2738.71,0
2013-01-31,2738.71,2751.11,2730.07,2731.53,0
2013-02-01,2731.53,2768.63,2740.65,2763.96,0
2013-02-04,2763.96,2755.65,2715.51,2715.68,0
2013-02-05,2715.68,2762.86,2720.79,2754.99,0
2013-02-06,2754.99,2758.25,2738.47,2746.35,0
2013-02-07,2746.35,2749.14,2716.36,2746.5,0
2013-02-08,2746.5,2780.13,2760.39,2775.56,0
2013-02-11,2775.56,2777.13,2766.31,2774.64,0
2013-02-12,2774.64,2776.71,2761.41,2762.62,0
2013-02-13,2762.62,2783.19,2765.04,2773.77,0
2013-02-14,2773.77,2776.49,2759.74,2771.43,0
2013-02-15,2771.43,2779.07,2756.43,2764.67,0
2013-02-18,0.0,0.0,0.0,2764.67,0
2013-02-19,2764.67,2782.86,2766.86,2782.86,0
2013-02-20,2782.86,2782.45,2739.27,2739.99,0
2013-02-21,2739.99,2731.25,2700.32,2711.51,0
2013-02-22,2711.51,2737.28,2715.47,2737.28,0
2013-02-25,2737.28,2763.96,2700.97,2700.97,0
2013-02-26,2700.97,2718.06,2689.83,2713.02,0
2013-02-27,2713.02,2757.61,2710.19,2741.26,0
2013-02-28,2741.26,2761.28,2738.22,2738.58,0
2013-03-01,2738.58,2751.22,2713.49,2747.75,0
2013-03-04,2747.75,2759.84,2734.92,2759.53,0
2013-03-05,2759.53,2803.35,2776.12,2799.25,0
2013-03-06,2799.25,2808.18,2788.68,2792.56,0
2013-03-07,2792.56,2804.03,2790.04,2799.49,0
2013-03-08,2799.49,2812.73,2792.13,2804.11,0
2013-03-11,2804.11,2812.05,2791.39,2811.86,0
2013-03-12,2811.86,2809.53,2788.22,2800.81,0
2013-03-13,2800.81,2807.7,2787.72,2798.68,0
2013-03-14,2798.68,2812.29,2801.36,2807.3,0
2013-03-15,2807.3,2810.24,2792.23,2799.41,0
2013-03-18,2799.41,2803.45,2767.48,2792.3,0
2013-03-19,2792.3,2807.0,2763.12,2787.27,0
2013-03-20,2787.27,2811.48,2794.23,2805.91,0
2013-03-21,2805.91,2787.85,2768.79,2774.85,0
2013-03-22,2774.85,2803.96,2783.69,2800.81,0
2013-03-25,2800.81,2816.55,2778.78,2789.45,0
2013-03-26,2789.45,2807.18,2796.39,2806.5,0
2013-03-27,2806.5,2811.79,2783.86,2809.98,0
2013-03-28,2809.98,2820.67,2804.53,2818.69,0
2013-03-29,0.0,0.0,0.0,2818.69,0
2013-04-01,2818.69,2821.48,2789.76,2797.07,0
2013-04-02,2797.07,2828.64,2808.72,2820.62,0
2013-04-03,2820.62,2825.28,2787.27,2795.04,0
2013-04-04,2795.04,2800.59,2779.34,2794.92,0
2013-04-05,2794.92,2774.54,2744.26,2771.75,0
2013-04-08,2771.75,2786.13,2764.34,2786.13,0
2013-04-09,2786.13,2815.07,2780.2,2804.67,0
2013-04-10,2804.67,2862.32,2811.85,2859.21,0
2013-04-11,2859.21,2863.66,2848.03,2859.07,0
2013-04-12,2859.07,2857.35,2834.46,2856.48,0
2013-04-15,2856.48,2849.16,2796.39,2797.47,0
2013-04-16,2797.47,2839.38,2810.02,2838.41,0
2013-04-17,2838.41,2812.46,2765.45,2781.98,0
2013-04-18,2781.98,2788.19,2730.97,2741.95,0
2013-04-19,2741.95,2785.65,2743.4,2780.46,0
2013-04-22,2780.46,2818.73,2780.82,2810.07,0
2013-04-23,2810.07,2845.4,2810.76,2835.37,0
2013-04-24,2835.37,2844.95,2821.8,2834.12,0
2013-04-25,2834.12,2860.69,2841.02,2848.66,0
2013-04-26,2848.66,2848.53,2828.88,2840.55,0
2013-04-29,2840.55,2877.08,2849.04,2866.95,0
2013-04-30,2866.95,2887.87,2859.94,2887.44,0
2013-05-01,2887.44,2892.26,2868.76,2873.35,0
2013-05-02,2873.35,2916.3,2877.26,2911.14,0
2013-05-03,2911.14,2952.22,2937.24,2944.59,0
2013-05-06,2944.59,2959.63,2947.47,2955.36,0
2013-05-07,2955.36,2961.76,2942.25,2952.88,0
2013-05-08,2952.88,2969.66,2946.79,2968.24,0
2013-05-09,2968.24,2980.36,2955.7,2961.12,0
2013-05-10,2961.12,2981.02,2962.69,2981.02,0
2013-05-13,2981.02,2989.7,2971.73,2982.09,0
2013-05-14,2982.09,3005.02,2981.89,2996.05,0
2013-05-15,2996.05,3004.52,2982.77,3002.62,0
2013-05-16,3002.62,3019.04,2997.47,2999.34,0
2013-05-17,2999.34,3028.96,3005.25,3028.96,0
2013-05-20,3028.96,3032.86,3011.95,3020.97,0
2013-05-21,3020.97,3036.71,3011.51,3026.45,0
2013-05-22,3026.45,3053.51,2984.84,2999.13,0
2013-05-23,2999.13,3002.55,2966.65,2991.45,0
2013-05-24,2991.45,2991.26,2965.3,2991.02,0
2013-05-27,0.0,0.0,0.0,2991.02,0
2013-05-28,2991.02,3037.0,3002.22,3011.94,0
2013-05-29,3011.94,3006.9,2979.9,2994.82,0
2013-05-30,2994.82,3026.36,2998.77,3011.83,0
2013-05-31,3011.83,3023.11,2981.76,2981.76,0
2013-06-03,2981.76,2990.8,2950.87,2990.79,0
2013-06-04,2990.79,3007.3,2962.22,2973.69,0
2013-06-05,2973.69,2975.83,2933.22,2937.14,0
2013-06-06,2937.14,2950.3,2911.94,2950.3,0
2013-06-07,2950.3,2993.13,2955.1,2990.87,0
2013-06-10,2990.87,3004.67,2985.5,2990.49,0
2013-06-11,2990.49,2987.85,2952.07,2959.84,0
2013-06-12,2959.84,2978.76,2921.88,2926.14,0
2013-06-13,2926.14,2968.98,2914.2,2962.9,0
2013-06-14,2962.9,2966.13,2939.68,2943.86,0
2013-06-17,2943.86,2988.59,2956.92,2971.26,0
2013-06-18,2971.26,3001.89,2974.61,2996.09,0
2013-06-19,2996.09,3000.22,2959.5,2959.5,0
2013-06-20,2959.5,2938.1,2882.45,2890.33,0
2013-06-21,2890.33,2898.4,2853.69,2877.94,0
2013-06-24,2877.94,2869.92,2825.18,2848.2,0
2013-06-25,2848.2,2880.93,2851.99,2866.5,0
2013-06-26,2866.5,2899.58,2883.96,2893.85,0
2013-06-27,2893.85,2924.34,2905.3,2906.84,0
2013-06-28,2906.84,2927.49,2891.57,2909.6,0
2013-07-01,2909.6,2951.0,2924.26,2927.35,0
2013-07-02,2927.35,2945.93,2913.48,2929.63,0
2013-07-03,2929.63,2953.85,2916.27,2941.41,0
2013-07-04,0.0,0.0,0.0,2941.41,0
2013-07-05,2941.41,2963.82,2934.22,2963.22,0
2013-07-08,2963.22,2978.82,2955.37,2966.13,0
2013-07-09,2966.13,2989.93,2966.68,2984.32,0
2013-07-10,2984.32,3004.28,2981.09,3000.66,0
2013-07-11,3000.66,3060.67,3030.39,3059.46,0
2013-07-12,3059.46,3079.07,3054.03,3079.07,0
2013-07-15,3079.07,3082.25,3068.03,3079.85,0
2013-07-16,3079.85,3085.2,3069.17,3077.47,0
2013-07-17,3077.47,3090.89,3075.96,3085.28,0
2013-07-18,3085.28,3091.21,3071.89,3077.82,0
2013-07-19,3077.82,3049.75,3035.99,3044.93,0
2013-07-22,3044.93,3061.55,3044.76,3055.23,0
2013-07-23,3055.23,3059.37,3029.07,3031.4,0
2013-07-24,3031.4,3060.63,3034.62,3041.16,0
2013-07-25,3041.16,3063.76,3040.25,3061.67,0
2013-07-26,3061.67,3076.23,3044.38,3076.23,0
2013-07-29,3076.23,3083.34,3062.91,3068.95,0
2013-07-30,3068.95,3099.38,3076.39,3085.33,0
2013-07-31,3085.33,3110.01,3087.47,3090.19,0
2013-08-01,3090.19,3128.67,3111.28,3126.3,0
2013-08-02,3126.3,3143.52,3118.04,3143.52,0
2013-08-05,3143.52,3145.25,3133.52,3143.19,0
2013-08-06,3143.19,3141.05,3111.5,3122.2,0
2013-08-07,3122.2,3123.92,3096.41,3118.69,0
2013-08-08,3118.69,3137.67,3111.36,3130.12,0
2013-08-09,3130.12,3136.7,3109.86,3118.57,0
2013-08-12,3118.57,3130.61,3106.25,3125.92,0
2013-08-13,3125.92,3149.24,3106.27,3141.06,0
2013-08-14,3141.06,3144.43,3125.41,3129.45,0
2013-08-15,3129.45,3092.27,3068.08,3076.23,0
2013-08-16,3076.23,3090.69,3070.43,3073.91,0
2013-08-19,3073.91,3101.02,3069.47,3069.76,0
2013-08-20,3069.76,3096.42,3073.05,3082.17,0
2013-08-21,3082.17,3098.62,3061.42,3071.47,0
2013-08-22,3071.47,3103.64,3085.42,3101.82,0
2013-08-23,3101.82,3127.05,3112.87,3124.27,0
2013-08-26,3124.27,3147.87,3118.52,3122.67,0
2013-08-27,3122.67,3102.27,3053.26,3059.58,0
2013-08-28,3059.58,3085.68,3060.54,3072.17,0
2013-08-29,3072.17,3109.07,3065.87,3093.36,0
2013-08-30,3093.36,3095.44,3063.07,3073.81,0
2013-09-02,0.0,0.0,0.0,3073.81,0
2013-09-03,3073.81,3112.42,3077.13,3091.76,0
2013-09-04,3091.76,3128.8,3092.96,3124.54,0
2013-09-05,3124.54,3138.06,3125.38,3129.94,0
2013-09-06,3129.94,3148.99,3098.02,3133.38,0
2013-09-09,3133.38,3174.87,3146.02,3169.93,0
2013-09-10,3169.93,3189.24,3173.11,3185.07,0
2013-09-11,3185.07,3180.37,3159.31,3179.86,0
2013-09-12,3179.86,3186.3,3170.14,3175.57,0
2013-09-13,3175.57,3182.11,3161.65,3178.27,0
2013-09-16,3178.27,3204.59,3163.13,3168.69,0
2013-09-17,3168.69,3195.15,3176.58,3190.83,0
2013-09-18,3190.83,3235.72,3190.01,3231.31,0
2013-09-19,3231.31,3245.12,3231.68,3237.61,0
2013-09-20,3237.61,3248.52,3224.73,3224.73,0
2013-09-23,3224.73,3243.43,3205.5,3219.34,0
2013-09-24,3219.34,3236.84,3209.39,3218.66,0
2013-09-25,3218.66,3226.62,3202.75,3208.55,0
2013-09-26,3208.55,3240.99,3221.17,3234.04,0
2013-09-27,3234.04,3235.29,3210.8,3230.3,0
2013-09-30,3230.3,3229.45,3186.86,3218.2,0
2013-10-01,3218.2,3254.33,3220.92,3253.05,0
2013-10-02,3253.05,3256.71,3228.44,3253.25,0
2013-10-03,3253.25,3254.91,3197.36,3213.83,0
2013-10-04,3213.83,3246.16,3212.01,3242.57,0
2013-10-07,3242.57,3240.11,3213.01,3215.69,0
2013-10-08,3215.69,3217.15,3152.26,3153.87,0
2013-10-09,3153.87,3161.76,3117.69,3142.54,0
2013-10-10,3142.54,3216.03,3178.67,3210.84,0
2013-10-11,3203.49,3237.01,3201.93,3233.83,0
2013-10-14,3213.38,3257.19,3212.05,3256.02,0
2013-10-15,3253.96,3269.97,3241.35,3244.66,0
2013-10-16,3261.48,3283.18,3258.8,3281.67,0
2013-10-17,3265.91,3301.6,3264.23,3301.28,0
2013-10-18,3330.61,3355.63,3321.78,3353.88,0
2013-10-21,3361.76,3369.74,3351.05,3361.18,0
2013-10-22,3374.17,3384.35,3344.18,3366.93,0
2013-10-23,3348.6,3355.47,3330.2,3346.05,0
2013-10-24,3347.97,3367.39,3344.06,3362.37,0
2013-10-25,3394.15,3400.04,3368.58,3383.83,0
2013-10-28,3382.18,3390.47,3370.4,3382.68,0
2013-10-29,3397.88,3399.09,3375.57,3391.75,0
2013-10-30,3402.49,3408.28,3372.23,3385.38,0
2013-10-31,3378.51,3400.4,3367.76,3377.73,0
2013-11-01,3392.32,3394.91,3364.65,3379.76,0
2013-11-04,3388.69,3390.18,3374.38,3384.75,0
2013-11-05,3372.95,3395.93,3361.91,3388.82,0
2013-11-06,3396.48,3401.27,3374.28,3385.38,0
2013-11-07,3386.36,3389.2,3318.39,3321.41,0
2013-11-08,3333.92,3366.84,3365.34,3365.34,0
2013-11-11,3359.83,3369.89,3350.74,3362.98,0
2013-11-12,3351.25,3370.36,3348.85,3365.23,0
2013-11-13,3346.45,3405.6,3346.41,3405.56,0
2013-11-14,3393.25,3418.56,3390.38,3415.14,0
2013-11-15,3419.77,3422.58,3409.01,3422.58,0
2013-11-18,3423.47,3429.2,3383.44,3388.87,0
2013-11-19,3385.82,3400.64,3371.6,3378.13,0
2013-11-20,3386.06,3397.69,3359.31,3367.17,0
2013-11-21,3382.5,3404.95,3380.65,3402.73,0
2013-11-22,3409.52,3422.13,3406.4,3422.02,0
2013-11-25,3433.92,3437.49,3420.36,3427.49,0
2013-11-26,3429.64,3455.54,3422.47,3445.76,0
2013-11-27,3454.81,3471.65,3451.96,3470.48,0
2013-11-28,0.0,0.0,0.0,3470.48,0
2013-11-29,3481.31,3495.97,3481.31,3487.82,0
2013-12-02,3496.19,3501.07,3476.68,3481.15,0
2013-12-03,3478.99,3487.02,3465.35,3479.34,0
2013-12-04,3463.72,3493.1,3453.22,3483.01,0
2013-12-05,3484.27,3489.08,3468.84,3477.73,0
2013-12-06,3511.06,3511.1,3485.74,3504.26,0
2013-12-09,3515.67,3524.01,3511.28,3516.17,0
2013-12-10,3510.71,3520.73,3507.42,3514.2,0
2013-12-11,3514.24,3519.22,3464.4,3468.99,0
2013-12-12,3471.9,3478.94,3457.96,3460.29,0
2013-12-13,3476.88,3477.83,3449.74,3456.4,0
2013-12-16,3470.43,3494.41,3470.11,3475.79,0
2013-12-17,3474.73,3482.34,3461.07,3469.32,0
2013-12-18,3468.15,3510.52,3422.86,3509.63,0
2013-12-19,3499.81,3502.23,3483.03,3498.63,0
2013-12-20,3502.46,3540.97,3502.29,3531.19,0
2013-12-23,3563.19,3570.28,3552.29,3569.4,0
2013-12-24,3570.52,3574.51,3564.59,3572.8,0
2013-12-25,0.0,0.0,0.0,3572.8,0
2013-12-26,3579.62,3586.72,3572.1,3584.58,0
2013-12-27,3589.12,3591.31,3571.05,3574.02,0
2013-12-30,3570.86,3574.2,3559.37,3570.08,0
2013-12-31,3576.24,3592.0,3575.25,3592.0,0
2014-01-01,0.0,0.0,0.0,3592.0,0
2014-01-02,3575.6,3577.03,3553.65,3563.57,0
2014-01-03,3564.94,3567.51,3537.61,3538.73,0
2014-01-06,3539.01,3542.52,3512.45,3526.96,0
2014-01-07,3539.29,3562.98,3535.5,3557.85,0
2014-01-08,3558.3,3575.15,3551.12,3567.54,0
2014-01-09,3576.33,3579.4,3541.81,3552.58,0
2014-01-10,3565.68,3568.47,3536.45,3565.08,0
2014-01-13,3559.39,3572.4,3499.37,3512.8,0
2014-01-14,3526.2,3581.6,3525.47,3580.65,0
2014-01-15,3593.81,3615.7,3592.62,3609.84,0
2014-01-16,3605.43,3614.66,3599.87,3611.29,0
2014-01-17,3597.41,3608.72,3580.39,3591.25,0
2014-01-20,0.0,0.0,0.0,3591.25,0
2014-01-21,3611.63,3617.7,3586.05,3617.7,0
2014-01-22,3623.31,3634.65,3615.48,3627.72,0
2014-01-23,3612.53,3613.87,3588.83,3613.76,0
2014-01-24,3596.93,3601.0,3541.38,3541.48,0
2014-01-27,3543.5,3548.48,3482.89,3509.02,0
2014-01-28,3484.39,3509.8,3483.71,3505.72,0
2014-01-29,3472.42,3500.82,3461.64,3467.82,0
2014-01-30,3514.25,3544.21,3508.0,3532.41,0
2014-01-31,3488.37,3539.44,3488.04,3521.92,0
2014-02-03,3524.23,3533.48,3433.64,3440.5,0
2014-02-04,3460.13,3480.74,3449.19,3470.2,0
2014-02-05,3457.04,3469.35,3418.88,3454.89,0
2014-02-06,3465.83,3502.52,3465.42,3497.6,0
2014-02-07,3522.33,3563.14,3508.83,3561.91,0
2014-02-10,3558.59,3582.84,3557.78,3582.11,0
2014-02-11,3587.58,3628.59,3585.08,3621.72,0
2014-02-12,3626.14,3635.92,3618.06,3627.36,0
2014-02-13,3601.75,3659.56,3600.86,3659.56,0
2014-02-14,3652.88,3671.04,3643.79,3663.88,0
2014-02-17,0.0,0.0,0.0,3663.88,0
2014-02-18,3668.99,3685.18,3658.64,3679.43,0
2014-02-19,3668.72,3679.69,3646.13,3652.84,0
2014-02-20,3654.85,3676.89,3640.63,3671.93,0
2014-02-21,3683.42,3687.16,3661.46,3662.6,0
2014-02-24,3670.07,3701.27,3668.34,3685.81,0
2014-02-25,3689.68,3697.6,3669.53,3679.14,0
2014-02-26,3691.84,3702.09,3663.75,3676.6,0
2014-02-27,3678.31,3704.65,3672.64,3699.8,0
2014-02-28,3703.48,3722.38,3664.83,3696.1,0
2014-03-03,3657.32,3678.38,3637.66,3668.37,0
2014-03-04,3710.19,3723.0,3706.82,3719.93,0
2014-03-05,3721.53,3732.98,3715.38,3727.18,0
2014-03-06,3735.85,3738.32,3709.41,3720.93,0
2014-03-07,3736.93,3737.36,3686.94,3703.4,0
2014-03-10,3702.14,3709.78,3683.97,3706.34,0
2014-03-11,3715.89,3725.71,3681.37,3691.5,0
2014-03-12,3678.36,3707.19,3661.87,3707.06,0
2014-03-13,3719.36,3720.61,3636.79,3651.49,0
2014-03-14,3643.21,3656.94,3626.86,3627.87,0
2014-03-17,3653.19,3678.32,3651.14,3662.51,0
2014-03-18,3667.4,3708.26,3664.79,3706.62,0
2014-03-19,3705.51,3709.01,3661.06,3682.73,0
2014-03-20,3675.61,3705.31,3665.83,3693.97,0
2014-03-21,3711.47,3717.36,3643.35,3653.07,0
2014-03-24,3665.38,3665.58,3585.15,3617.39,0
2014-03-25,3640.26,3659.59,3600.65,3629.73,0
2014-03-26,3645.73,3654.69,3582.84,3582.89,0
2014-03-27,3578.53,3594.08,3543.07,3563.13,0
2014-03-28,3576.18,3609.08,3560.58,3571.48,0
2014-03-31,3598.08,3618.42,3593.7,3595.74,0
2014-04-01,3615.91,3659.16,3614.16,3658.4,0
2014-04-02,3670.33,3676.36,3649.79,3665.99,0
2014-04-03,3670.43,3675.7,3617.41,3637.58,0
2014-04-04,3659.92,3663.78,3532.28,3539.38,0
2014-04-07,3522.21,3551.21,3482.75,3507.75,0
2014-04-08,3511.82,3543.98,3499.0,3538.23,0
2014-04-09,3552.07,3602.35,3544.09,3600.44,0
2014-04-10,3597.58,3599.64,3479.15,3487.76,0
2014-04-11,3453.24,3502.33,3440.55,3446.85,0
2014-04-14,3479.66,3493.17,3443.26,3474.63,0
2014-04-15,3484.29,3505.67,3414.11,3487.85,0
2014-04-16,3517.5,3533.09,3489.29,3533.09,0
2014-04-17,3526.57,3551.02,3511.27,3534.53,0
2014-04-18,0.0,0.0,0.0,3534.53,0
2014-04-21,3543.65,3559.95,3525.59,3559.95,0
2014-04-22,3570.51,3596.92,3566.87,3588.8,0
2014-04-23,3587.65,3588.05,3555.19,3557.04,0
2014-04-24,3609.83,3613.2,3552.93,3591.03,0
2014-04-25,3569.92,3573.95,3525.6,3533.1,0
2014-04-28,3546.96,3570.11,3489.6,3545.02,0
2014-04-29,3557.77,3579.03,3538.24,3573.99,0
2014-04-30,3556.0,3585.5,3548.11,3582.02,0
2014-05-01,3589.66,3613.03,3580.02,3594.36,0
2014-05-02,3608.84,3611.56,3578.53,3587.64,0
2014-05-05,3566.26,3605.26,3556.4,3605.09,0
2014-05-06,3598.27,3599.65,3556.1,3556.51,0
2014-05-07,3561.47,3567.55,3506.35,3546.47,0
2014-05-08,3533.39,3583.64,3524.85,3540.42,0
2014-05-09,3537.68,3556.35,3516.24,3555.7,0
2014-05-12,3574.24,3613.37,3572.69,3612.73,0
2014-05-13,3614.91,3625.77,3605.78,3611.13,0
2014-05-14,3603.58,3614.63,3585.68,3593.25,0
2014-05-15,3594.59,3598.34,3542.63,3565.17,0
2014-05-16,3568.2,3590.41,3545.63,3587.2,0
2014-05-19,3577.85,3618.96,3572.28,3615.62,0
2014-05-20,3612.86,3624.6,3585.88,3600.31,0
2014-05-21,3605.79,3636.47,3605.51,3635.61,0
2014-05-22,3639.49,3660.59,3633.85,3650.86,0
2014-05-23,3656.27,3678.16,3646.23,3677.33,0
2014-05-26,0.0,0.0,0.0,3677.33,0
2014-05-27,3693.18,3723.06,3691.09,3723.06,0
2014-05-28,3720.89,3726.72,3708.65,3712.26,0
2014-05-29,3723.27,3735.72,3717.65,3735.72,0
2014-05-30,3738.71,3741.57,3716.09,3736.82,0
2014-06-02,3740.71,3740.71,3707.89,3732.96,0
2014-06-03,3719.17,3735.97,3715.46,3730.07,0
2014-06-04,3720.0,3750.01,3715.24,3743.59,0
2014-06-05,3748.36,3782.0,3735.19,3776.95,0
2014-06-06,3792.42,3795.14,3782.12,3794.57,0
2014-06-09,3795.85,3804.04,3783.9,3795.74,0
2014-06-10,3790.48,3802.46,3786.56,3800.86,0
2014-06-11,3789.41,3803.95,3783.61,3797.85,0
2014-06-12,3790.59,3794.99,3751.69,3763.8,0
2014-06-13,3782.84,3784.84,3759.87,3775.56,0
2014-06-16,3768.37,3789.93,3761.42,3779.93,0
2014-06-17,3775.73,3790.92,3769.94,3781.32,0
2014-06-18,3786.19,3807.49,3764.53,3804.61,0
2014-06-19,3808.76,3811.24,3783.3,3800.8,0
2014-06-20,3803.1,3807.92,3794.51,3802.64,0
2014-06-23,3802.25,3806.19,3794.85,3805.31,0
2014-06-24,3807.49,3837.17,3791.12,3799.53,0
2014-06-25,3794.84,3831.85,3792.31,3827.33,0
2014-06-26,3826.7,3827.7,3798.63,3826.91,0
2014-06-27,3825.02,3844.89,3823.21,3844.44,0
2014-06-30,3844.45,3860.65,3841.7,3849.48,0
2014-07-01,3864.14,3902.93,3863.81,3894.33,0
2014-07-02,3895.18,3904.35,3890.77,3899.27,0
2014-07-03,3911.11,3923.15,3901.32,3923.01,0
2014-07-04,0.0,0.0,0.0,3923.01,0
2014-07-07,3917.89,3923.92,3904.67,3910.71,0
2014-07-08,3903.37,3906.22,3848.18,3864.07,0
2014-07-09,3873.17,3896.38,3863.2,3892.91,0
2014-07-10,3837.29,3895.72,3837.16,3880.04,0
2014-07-11,3888.76,3905.4,3879.4,3904.58,0
2014-07-14,3923.6,3937.73,3916.52,3929.46,0
2014-07-15,3934.79,3940.55,3887.5,3914.45,0
2014-07-16,3943.6,3947.49,3927.0,3932.33,0
2014-07-17,3921.87,3933.88,3866.22,3878.01,0
2014-07-18,3899.38,3942.15,3894.56,3939.89,0
2014-07-21,3933.11,3941.93,3917.74,3934.14,0
2014-07-22,3950.83,3966.1,3949.09,3961.62,0
2014-07-23,3974.66,3990.64,3967.96,3986.19,0
2014-07-24,3994.18,3997.5,3975.66,3983.19,0
2014-07-25,3959.35,3970.44,3945.05,3965.16,0
2014-07-28,3966.31,3977.0,3936.72,3967.24,0
2014-07-29,3974.05,3983.42,3957.22,3959.03,0
2014-07-30,3982.1,3989.0,3960.29,3976.07,0
2014-07-31,3938.31,3948.9,3889.1,3892.5,0
2014-08-01,3886.1,3908.21,3855.35,3879.67,0
2014-08-04,3890.63,3922.25,3875.1,3908.77,0
2014-08-05,3891.13,3901.17,3858.65,3874.94,0
2014-08-06,3851.44,3896.65,3849.45,3874.27,0
2014-08-07,3889.69,3895.74,3845.2,3857.94,0
2014-08-08,3864.09,3890.63,3848.49,3888.09,0
2014-08-11,3899.98,3921.19,3899.37,3910.46,0
2014-08-12,3904.45,3916.73,3887.58,3905.22,0
2014-08-13,3924.47,3949.69,3921.44,3949.2,0
2014-08-14,3953.27,3969.24,3949.08,3969.11,0
2014-08-15,3993.0,3997.08,3951.25,3987.51,0
2014-08-18,4007.19,4022.48,4003.46,4020.5,0
2014-08-19,4025.51,4041.5,4024.17,4040.13,0
2014-08-20,4032.91,4046.97,4032.2,4040.7,0
2014-08-21,4041.0,4048.95,4035.75,4047.03,0
2014-08-22,4052.14,4060.9,4040.22,4052.75,0
2014-08-25,4073.47,4079.52,4058.6,4067.48,0
2014-08-26,4073.04,4076.54,4062.73,4071.67,0
2014-08-27,4073.4,4078.19,4064.06,4073.18,0
2014-08-28,4059.37,4072.29,4054.61,4066.27,0
2014-08-29,4081.02,4082.97,4062.18,4082.56,0
2014-09-01,0.0,0.0,0.0,4082.56,0
2014-09-02,4093.12,4095.87,4078.19,4095.81,0
2014-09-03,4103.97,4104.43,4063.49,4070.96,0
2014-09-04,4078.82,4100.78,4056.53,4066.13,0
2014-09-05,4067.37,4089.98,4051.75,4089.92,0
2014-09-08,4086.52,4105.5,4076.63,4095.46,0
2014-09-09,4094.02,4110.86,4053.11,4061.88,0
2014-09-10,4063.85,4095.91,4054.61,4094.97,0
2014-09-11,4077.69,4092.79,4060.92,4092.65,0
2014-09-12,4087.16,4089.62,4057.53,4069.23,0
2014-09-15,4070.2,4070.82,4018.3,4029.89,0
2014-09-16,4012.53,4073.14,4009.98,4067.27,0
2014-09-17,4066.75,4090.95,4048.58,4073.57,0
2014-09-18,4084.51,4103.42,4080.82,4103.08,0
2014-09-19,4113.02,4118.91,4084.45,4100.09,0
2014-09-22,4091.87,4092.14,4044.99,4061.23,0
2014-09-23,4045.67,4069.21,4043.26,4051.57,0
2014-09-24,4055.42,4096.27,4041.72,4094.31,0
2014-09-25,4079.37,4087.19,4007.63,4007.82,0
2014-09-26,4016.97,4057.47,4015.02,4053.72,0
2014-09-29,4009.66,4056.43,4008.58,4047.18,0
2014-09-30,4054.86,4070.44,4031.7,4049.44,0
2014-10-01,4043.33,4043.44,3972.9,3984.74,0
2014-10-02,3984.8,3996.75,3934.94,3985.87,0
2014-10-03,4004.75,4040.56,3995.81,4027.31,0
2014-10-06,4041.4,4046.71,4004.21,4016.27,0
2014-10-07,3999.25,4007.94,3958.44,3958.59,0
2014-10-08,3960.79,4048.79,3938.16,4041.12,0
2014-10-09,4031.62,4040.54,3965.37,3969.32,0
2014-10-10,3946.32,3969.48,3870.85,3870.85,0
2014-10-13,3866.89,3893.66,3807.89,3808.0,0
2014-10-14,3837.22,3860.04,3801.16,3810.45,0
2014-10-15,3738.72,3801.42,3700.22,3785.97,0
2014-10-16,3706.7,3795.08,3704.82,3765.28,0
2014-10-17,3815.72,3848.98,3791.16,3815.47,0
2014-10-20,3813.6,3872.36,3804.97,3870.08,0
2014-10-21,3916.65,3971.4,3908.83,3971.39,0
2014-10-22,3980.49,3988.4,3947.98,3949.59,0
2014-10-23,3989.86,4032.22,3984.15,4012.27,0
2014-10-24,4019.84,4045.19,4003.43,4042.02,0
2014-10-27,4031.88,4052.5,4019.23,4046.02,0
2014-10-28,4063.06,4107.19,4062.21,4106.63,0
2014-10-29,4091.62,4104.07,4062.49,4090.55,0
2014-10-30,4074.26,4109.06,4064.45,4100.64,0
2014-10-31,4168.5,4170.87,4143.2,4158.21,0
2014-11-03,4160.61,4179.36,4156.78,4169.28,0
2014-11-04,4154.88,4165.05,4126.72,4156.23,0
2014-11-05,4179.23,4179.93,4140.21,4153.27,0
2014-11-06,4147.31,4165.77,4133.98,4164.08,0
2014-11-07,4170.46,4171.13,4139.46,4160.5,0
2014-11-10,4162.59,4179.98,4151.48,4175.95,0
2014-11-11,4173.61,4187.31,4165.25,4187.16,0
2014-11-12,4174.47,4199.19,4173.02,4195.4,0
2014-11-13,4202.77,4228.68,4194.33,4213.49,0
2014-11-14,4214.97,4225.18,4198.59,4224.99,0
2014-11-17,4215.29,4225.48,4194.18,4213.79,0
2014-11-18,4215.18,4248.19,4214.32,4242.19,0
2014-11-19,4233.7,4235.84,4204.16,4222.66,0
2014-11-20,4204.54,4245.17,4202.36,4242.09,0
2014-11-21,4284.41,4285.27,4237.38,4251.32,0
2014-11-24,4262.09,4285.0,4258.41,4284.32,0
2014-11-25,4290.68,4302.44,4279.9,4288.23,0
2014-11-26,4291.87,4319.41,4289.51,4317.99,0
2014-11-27,0.0,0.0,0.0,4317.99,0
2014-11-28,4330.96,4347.09,4326.2,4337.78,0
2014-12-01,4323.95,4332.55,4274.68,4287.81,0
2014-12-02,4291.33,4312.92,4283.89,4305.96,0
2014-12-03,4312.17,4319.02,4287.04,4312.93,0
2014-12-04,4309.48,4327.55,4293.94,4311.93,0
2014-12-05,4318.28,4324.42,4302.04,4311.57,0
2014-12-08,4301.27,4320.08,4259.01,4278.34,0
2014-12-09,4228.2,4297.73,4216.86,4294.67,0
2014-12-10,4284.5,4297.0,4218.86,4224.87,0
2014-12-11,4241.69,4296.81,4238.29,4246.48,0
2014-12-12,4207.61,4254.43,4199.28,4199.28,0
2014-12-15,4224.17,4236.06,4145.01,4157.41,0
2014-12-16,4122.23,4190.42,4089.19,4089.6,0
2014-12-17,4095.75,4175.97,4089.09,4165.1,0
2014-12-18,4230.36,4267.77,4213.21,4267.77,0
2014-12-19,4272.75,4300.4,4258.33,4281.78,0
2014-12-22,4271.87,4295.27,4270.54,4293.67,0
2014-12-23,4308.95,4309.03,4274.51,4279.3,0
2014-12-24,4283.19,4298.87,4281.8,4283.1,0
2014-12-25,0.0,0.0,0.0,4283.1,0
2014-12-26,4295.72,4322.45,4294.8,4314.09,0
2014-12-29,4309.7,4321.2,4306.67,4312.64,0
2014-12-30,4301.14,4309.13,4277.75,4282.35,0
2014-12-31,4294.88,4307.01,4233.71,4236.28,0
2015-01-01,0.0,0.0,0.0,4236.28,0
2015-01-02,4258.6,4276.71,4206.46,4230.24,0
2015-01-05,4206.55,4210.96,4151.85,4160.96,0
2015-01-06,4174.78,4176.26,4090.33,4110.83,0
2015-01-07,4139.85,4169.97,4126.39,4160.0,0
2015-01-08,4195.49,4247.93,4192.63,4240.55,0
2015-01-09,4250.98,4253.97,4188.61,4213.28,0
2015-01-12,4221.52,4223.88,4158.11,4169.97,0
2015-01-13,4212.99,4252.7,4134.94,4166.2,0
2015-01-14,4122.08,4165.0,4108.31,4145.84,0
2015-01-15,4162.11,4169.44,4085.7,4089.65,0
2015-01-16,4087.88,4143.53,4078.85,4142.14,0
2015-01-19,0.0,0.0,0.0,4142.14,0
2015-01-20,4164.43,4181.34,4117.15,4171.21,0
2015-01-21,4158.13,4211.28,4145.82,4192.09,0
2015-01-22,4215.0,4274.15,4173.54,4270.36,0
2015-01-23,4268.53,4292.88,4258.48,4278.14,0
2015-01-26,4271.1,4282.48,4254.47,4275.72,0
2015-01-27,4200.88,4209.41,4151.15,4165.5,0
2015-01-28,4233.74,4235.15,4140.38,4140.38,0
2015-01-29,4134.52,4189.54,4103.71,4181.35,0
2015-01-30,4178.62,4210.85,4144.03,4148.43,0
2015-02-02,4162.2,4189.09,4094.73,4188.59,0
2015-02-03,4201.94,4229.15,4174.23,4229.15,0
2015-02-04,4202.43,4248.84,4198.74,4221.2,0
2015-02-05,4229.62,4258.0,4220.17,4256.18,0
2015-02-06,4259.98,4271.28,4214.89,4228.68,0
2015-02-09,4209.81,4235.24,4206.76,4216.09,0
2015-02-10,4240.04,4286.43,4232.99,4281.15,0
2015-02-11,4284.76,4305.35,4277.65,4297.28,0
2015-02-12,4321.41,4347.97,4317.98,4347.97,0
2015-02-13,4359.78,4384.03,4351.02,4384.03,0
2015-02-16,0.0,0.0,0.0,4384.03,0
2015-02-17,4379.32,4387.32,4370.63,4385.34,0
2015-02-18,4378.73,4393.19,4374.23,4390.91,0
2015-02-19,4388.92,4415.79,4388.44,4411.86,0
2015-02-20,4406.75,4444.62,4397.62,4443.05,0
2015-02-23,4441.26,4449.49,4430.86,4449.49,0
2015-02-24,4442.13,4455.52,4428.82,4451.03,0
2015-02-25,4441.08,4461.11,4429.9,4440.59,0
2015-02-26,4443.55,4463.81,4430.79,4462.27,0
2015-02-27,4459.86,4464.31,4435.66,4440.67,0
2015-03-02,4452.8,4483.97,4450.86,4483.05,0
2015-03-03,4466.53,4473.64,4433.51,4458.78,0
2015-03-04,4442.41,4452.37,4421.0,4445.36,0
2015-03-05,4454.89,4464.48,4433.94,4452.06,0
2015-03-06,4442.19,4453.93,4389.82,4399.23,0
2015-03-09,4406.87,4424.22,4391.62,4412.99,0
2015-03-10,4376.03,4381.62,4329.08,4329.08,0
2015-03-11,4336.05,4342.87,4304.28,4305.38,0
2015-03-12,4302.73,4339.2,4300.87,4336.23,0
2015-03-13,4328.09,4347.87,4289.3,4314.9,0
2015-03-16,4338.29,4371.46,4327.27,4370.47,0
2015-03-17,4355.83,4384.98,4349.69,4375.63,0
2015-03-18,4366.8,4440.49,4344.49,4422.5,0
2015-03-19,4424.79,4440.01,4419.84,4426.82,0
2015-03-20,4468.29,4478.68,4456.41,4458.54,0
2015-03-23,4454.15,4466.34,4445.52,4445.54,0
2015-03-24,4444.39,4467.79,4430.97,4430.99,0
2015-03-25,4437.37,4442.54,4329.29,4329.29,0
2015-03-26,4288.16,4340.16,4280.95,4315.26,0
2015-03-27,4314.6,4342.93,4309.52,4332.86,0
2015-03-30,4359.78,4384.18,4359.78,4382.82,0
2015-03-31,4364.14,4377.36,4333.69,4333.69,0
2015-04-01,4328.17,4334.56,4284.06,4311.26,0
2015-04-02,4316.24,4327.79,4302.49,4316.01,0
2015-04-03,0.0,0.0,0.0,4316.01,0
2015-04-06,4286.16,4361.56,4283.91,4350.98,0
2015-04-07,4349.3,4379.41,4343.74,4344.08,0
2015-04-08,4345.22,4382.82,4345.09,4375.96,0
2015-04-09,4375.78,4405.65,4361.23,4403.95,0
2015-04-10,4402.02,4422.63,4394.38,4422.02,0
2015-04-13,4428.13,4448.2,4407.07,4409.21,0
2015-04-14,4409.29,4418.87,4375.11,4397.64,0
2015-04-15,4409.74,4435.28,4406.04,4424.53,0
2015-04-16,4412.15,4427.22,4408.96,4418.83,0
2015-04-17,4379.63,4390.31,4333.11,4351.8,0
2015-04-20,4373.65,4423.88,4373.09,4417.4,0
2015-04-21,4444.5,4448.68,4430.98,4435.98,0
2015-04-22,4448.58,4466.84,4419.35,4460.81,0
2015-04-23,4445.17,4496.08,4444.29,4477.07,0
2015-04-24,4529.73,4543.64,4517.88,4536.78,0
2015-04-27,4548.51,4562.33,4516.33,4525.04,0
2015-04-28,4529.41,4537.14,4479.01,4515.27,0
2015-04-29,4490.57,4517.01,4463.98,4488.15,0
2015-04-30,4459.23,4480.36,4395.1,4414.25,0
2015-05-01,4437.7,4479.06,4435.24,4479.06,0
2015-05-04,4491.19,4510.47,4480.85,4482.61,0
2015-05-05,4464.21,4472.23,4407.27,4409.39,0
2015-05-06,4420.3,4429.96,4349.93,4379.75,0
2015-05-07,4377.81,4413.73,4373.29,4401.55,0
2015-05-08,4445.0,4466.17,4441.73,4458.65,0
2015-05-11,4457.62,4468.75,4437.53,4438.64,0
2015-05-12,4412.82,4441.4,4380.52,4420.65,0
2015-05-13,4436.08,4460.54,4421.75,4426.56,0
2015-05-14,4461.07,4496.25,4448.38,4495.04,0
2015-05-15,4505.39,4509.13,4482.55,4494.29,0
2015-05-18,4487.14,4521.01,4483.76,4512.95,0
2015-05-19,4514.66,4521.85,4498.53,4503.72,0
2015-05-20,4505.59,4533.92,4484.52,4505.3,0
2015-05-21,4499.42,4537.28,4495.39,4529.47,0
2015-05-22,4522.86,4542.46,4522.61,4527.16,0
2015-05-25,0.0,0.0,0.0,4527.16,0
2015-05-26,4516.63,4521.85,4456.76,4472.96,0
2015-05-27,4488.05,4551.53,4479.74,4546.06,0
2015-05-28,4537.48,4548.24,4523.55,4535.66,0
2015-05-29,4532.15,4539.57,4499.65,4508.25,0
2015-06-01,4530.03,4535.43,4488.17,4521.85,0
2015-06-02,4503.76,4531.08,4486.19,4508.89,0
2015-06-03,4531.04,4539.36,4512.44,4519.86,0
2015-06-04,4501.73,4526.21,4475.05,4487.03,0
2015-06-05,4483.43,4493.43,4452.32,4477.19,0
2015-06-08,4476.69,4477.83,4423.8,4431.51,0
2015-06-09,4421.02,4441.62,4392.45,4427.61,0
2015-06-10,4440.54,4497.51,4435.29,4485.46,0
2015-06-11,4498.49,4511.32,4483.84,4488.47,0
2015-06-12,4467.38,4476.21,4449.21,4453.79,0
2015-06-15,4416.14,4437.97,4396.13,4432.92,0
2015-06-16,4428.3,4463.2,4426.19,4455.9,0
2015-06-17,4465.17,4482.27,4441.34,4468.98,0
2015-06-18,4483.61,4540.69,4483.61,4531.85,0
2015-06-19,4538.71,4539.49,4511.21,4513.42,0
2015-06-22,4541.85,4557.98,4534.76,4544.04,0
2015-06-23,4549.52,4551.77,4529.99,4548.74,0
2015-06-24,4542.07,4561.64,4523.9,4524.6,0
2015-06-25,4540.4,4546.15,4508.66,4514.01,0
2015-06-26,4514.37,4523.97,4469.23,4484.28,0
2015-06-29,4433.11,4460.08,4377.23,4379.86,0
2015-06-30,4414.86,4420.5,4381.94,4396.76,0
2015-07-01,4433.79,4445.9,4409.42,4429.23,0
2015-07-02,4440.17,4445.83,4417.48,4433.39,0
2015-07-03,0.0,0.0,0.0,4433.39,0
2015-07-06,4394.44,4444.41,4394.44,4418.66,0
2015-07-07,4422.75,4434.91,4344.15,4429.06,0
2015-07-08,4392.51,4403.13,4346.42,4351.58,0
2015-07-09,4410.27,4414.43,4351.51,4352.03,0
2015-07-10,4405.99,4434.11,4394.01,4420.15,0
2015-07-13,4457.76,4498.74,4456.54,4494.47,0
2015-07-14,4503.2,4537.21,4500.66,4523.47,0
2015-07-15,4531.32,4547.18,4517.4,4528.36,0
2015-07-16,4567.06,4595.02,4558.32,4594.9,0
2015-07-17,4635.48,4661.6,4624.68,4661.6,0
2015-07-20,4670.23,4694.13,4657.98,4679.68,0
2015-07-21,4679.54,4686.36,4661.76,4674.41,0
2015-07-22,4604.97,4643.83,4604.53,4623.24,0
2015-07-23,4627.56,4641.58,4592.49,4602.83,0
2015-07-24,4630.95,4632.06,4552.4,4557.37,0
2015-07-27,4530.37,4551.99,4511.92,4519.09,0
2015-07-28,4539.47,4568.79,4506.19,4560.23,0
2015-07-29,4570.5,4586.78,4552.76,4581.6,0
2015-07-30,4570.77,4606.65,4540.98,4598.59,0
2015-07-31,4616.48,4616.48,4584.22,4588.91,0
2015-08-03,4595.26,4607.52,4549.6,4580.46,0
2015-08-04,4573.25,4584.45,4551.9,4567.47,0
2015-08-05,4592.81,4634.7,4590.19,4602.24,0
2015-08-06,4608.69,4612.62,4508.3,4528.51,0
2015-08-07,4519.36,4532.46,4485.5,4520.08,0
2015-08-10,4558.68,4583.63,4554.63,4573.11,0
2015-08-11,4548.75,4567.69,4491.06,4513.99,0
2015-08-12,4475.91,4539.18,4436.54,4528.19,0
2015-08-13,4536.96,4556.14,4514.45,4519.32,0
2015-08-14,4512.88,4536.2,4503.83,4530.74,0
2015-08-17,4516.88,4568.59,4507.98,4566.37,0
2015-08-18,4556.23,4562.15,4536.05,4542.07,0
2015-08-19,4525.32,4550.67,4486.11,4510.9,0
2015-08-20,4467.79,4484.36,4385.13,4385.13,0
2015-08-21,4313.19,4361.32,4197.27,4197.27,0
2015-08-24,3847.12,4199.79,3787.23,4038.6,0
2015-08-25,4187.28,4207.38,4015.91,4016.32,0
2015-08-26,4141.24,4227.86,4052.54,4219.6,0
2015-08-27,4281.63,4328.99,4231.14,4324.82,0
2015-08-28,4307.05,4340.7,4295.56,4329.12,0
2015-08-31,4299.88,4324.74,4262.09,4274.58,0
2015-09-01,4177.94,4229.31,4121.83,4142.63,0
2015-09-02,4207.68,4256.23,4166.08,4256.23,0
2015-09-03,4267.34,4300.3,4222.38,4234.65,0
2015-09-04,4175.62,4210.81,4160.43,4184.72,0
2015-09-07,0.0,0.0,0.0,4184.72,0
2015-09-08,4267.4,4306.5,4247.14,4303.53,0
2015-09-09,4346.36,4352.96,4242.47,4253.45,0
2015-09-10,4248.48,4326.77,4243.69,4296.3,0
2015-09-11,4273.62,4323.23,4268.1,4323.23,0
2015-09-14,4334.86,4334.94,4293.77,4308.76,0
2015-09-15,4322.41,4373.19,4303.89,4360.28,0
2015-09-16,4357.36,4388.32,4346.47,4383.67,0
2015-09-17,4378.99,4450.66,4368.8,4384.96,0
2015-09-18,4325.29,4374.92,4317.09,4323.86,0
2015-09-21,4343.77,4372.42,4299.94,4336.13,0
2015-09-22,4273.3,4286.6,4233.9,4274.1,0
2015-09-23,4280.01,4294.73,4255.06,4273.53,0
2015-09-24,4239.85,4275.64,4198.11,4261.1,0
2015-09-25,4305.39,4308.66,4198.96,4224.74,0
2015-09-28,4206.68,4207.03,4092.29,4103.47,0
2015-09-29,4110.26,4155.31,4053.12,4083.37,0
2015-09-30,4137.18,4181.06,4125.2,4181.06,0
2015-10-01,4185.28,4194.18,4128.34,4192.96,0
2015-10-02,4136.96,4267.45,4124.55,4267.45,0
2015-10-05,4296.54,4339.23,4290.25,4331.43,0
2015-10-06,4315.32,4332.03,4273.7,4306.7,0
2015-10-07,4331.87,4342.59,4279.21,4333.46,0
2015-10-08,4316.18,4358.09,4275.59,4350.15,0
2015-10-09,4355.24,4378.26,4341.51,4370.01,0
2015-10-12,4378.64,4389.77,4363.96,4382.56,0
2015-10-13,4354.06,4399.93,4349.18,4352.94,0
2015-10-14,4356.82,4373.71,4328.96,4346.92,0
2015-10-15,4361.98,4418.25,4357.22,4418.22,0
2015-10-16,4419.95,4438.75,4405.88,4438.62,0
2015-10-19,4428.06,4464.78,4420.8,4462.07,0
2015-10-20,4454.62,4463.11,4424.34,4438.18,0
2015-10-21,4462.22,4464.73,4409.9,4413.52,0
2015-10-22,4451.32,4504.7,4438.6,4503.22,0
2015-10-23,4623.72,4645.96,4598.74,4624.09,0
2015-10-26,4621.14,4638.75,4606.66,4630.85,0
2015-10-27,4617.6,4645.94,4617.44,4639.23,0
2015-10-28,4649.1,4678.58,4609.93,4678.58,0
2015-10-29,4657.78,4678.2,4653.0,4670.76,0
2015-10-30,4676.3,4681.23,4648.83,4648.83,0
2015-11-02,4658.79,4707.77,4652.45,4703.91,0
2015-11-03,4692.03,4735.31,4685.98,4719.05,0
2015-11-04,4729.07,4737.11,4698.84,4717.55,0
2015-11-05,4718.51,4731.56,4678.79,4702.9,0
2015-11-06,4695.88,4710.47,4665.41,4707.23,0
2015-11-09,4687.35,4694.27,4627.12,4655.52,0
2015-11-10,4628.83,4647.32,4616.71,4641.73,0
2015-11-11,4657.19,4677.78,4631.06,4636.94,0
2015-11-12,4617.78,4639.26,4588.08,4588.93,0
2015-11-13,4566.12,4575.8,4499.14,4502.14,0
2015-11-16,4494.56,4566.03,4486.09,4565.47,0
2015-11-17,4571.54,4598.27,4554.89,4565.82,0
2015-11-18,4586.24,4657.63,4580.72,4653.44,0
2015-11-19,4657.61,4678.02,4648.94,4655.35,0
2015-11-20,4680.51,4691.59,4674.61,4686.36,0
2015-11-23,4689.98,4706.62,4655.6,4674.79,0
2015-11-24,4645.52,4682.13,4621.63,4669.41,0
2015-11-25,4674.23,4683.55,4666.24,4672.88,0
2015-11-26,0.0,0.0,0.0,4672.88,0
2015-11-27,4680.44,4689.58,4665.92,4680.47,0
2015-11-30,4692.57,4695.06,4654.53,4664.51,0
2015-12-01,4685.74,4716.16,4682.4,4716.16,0
2015-12-02,4720.27,4739.75,4680.06,4686.22,0
2015-12-03,4704.2,4705.78,4579.91,4606.75,0
2015-12-04,4621.48,4722.39,4612.11,4716.12,0
2015-12-07,4718.55,4720.82,4671.86,4693.62,0
2015-12-08,4646.43,4708.47,4643.65,4694.77,0
2015-12-09,4674.8,4698.25,4595.01,4622.14,0
2015-12-10,4627.77,4674.0,4619.97,4643.05,0
2015-12-11,4583.08,4600.91,4534.05,4537.56,0
2015-12-14,4535.56,4571.57,4478.25,4570.16,0
2015-12-15,4607.2,4636.77,4592.72,4597.33,0
2015-12-16,4633.85,4673.54,4582.87,4664.56,0
2015-12-17,4680.63,4681.13,4597.65,4598.14,0
2015-12-18,4578.69,4593.4,4513.23,4514.83,0
2015-12-21,4547.92,4560.71,4519.82,4560.55,0
2015-12-22,4580.61,4596.08,4560.54,4589.26,0
2015-12-23,4612.16,4626.16,4605.36,4624.59,0
2015-12-24,4626.32,4635.59,4620.8,4622.77,0
2015-12-25,0.0,0.0,0.0,4622.77,0
2015-12-28,4610.41,4621.68,4580.13,4621.35,0
2015-12-29,4645.08,4702.74,4644.32,4691.08,0
2015-12-30,4687.16,4688.66,4651.73,4652.01,0
2015-12-31,4634.16,4642.55,4592.88,4593.27,0
2016-01-04,4485.06,4497.86,4439.13,4497.86,0
2016-01-05,4512.04,4522.12,4466.05,4484.18,0
2016-01-06,4409.78,4467.55,4409.49,4443.99,0
2016-01-07,4349.14,4403.61,4303.66,4305.72,0
2016-01-08,4336.12,4362.46,4264.81,4270.78,0
2016-01-11,4300.96,4311.14,4217.63,4283.55,0
2016-01-12,4322.77,4353.19,4273.02,4333.72,0
2016-01-13,4352.64,4359.5,4177.3,4183.12,0
2016-01-14,4201.23,4308.25,4133.32,4272.97,0
2016-01-15,4123.87,4184.69,4085.79,4141.08,0
2016-01-19,4199.56,4202.04,4101.05,4147.07,0
2016-01-20,4078.23,4178.64,3992.91,4136.28,0
2016-01-21,4146.44,4200.36,4099.3,4142.6,0
2016-01-22,4226.44,4260.55,4209.24,4259.77,0
2016-01-25,4245.47,4268.11,4193.32,4196.53,0
2016-01-26,4211.92,4250.97,4177.85,4233.85,0
2016-01-27,4214.94,4226.09,4111.93,4128.86,0
2016-01-28,4197.2,4197.48,4116.5,4186.06,0
2016-01-29,4186.35,4279.17,4184.31,4279.17,0
2016-02-01,4254.41,4301.63,4238.2,4286.56,0
2016-02-02,4262.45,4265.04,4180.57,4193.1,0
2016-02-03,4213.67,4218.15,4099.24,4171.97,0
2016-02-04,4158.05,4200.99,4120.58,4167.77,0
2016-02-05,4150.35,4152.73,4008.45,4024.47,0
2016-02-08,3947.99,3979.09,3888.78,3960.67,0
2016-02-09,3903.93,4008.06,3902.74,3947.8,0
2016-02-10,3996.76,4045.48,3962.7,3966.28,0
2016-02-11,3910.57,3988.71,3902.86,3962.22,0
2016-02-12,3996.64,4022.12,3965.74,4019.19,0
2016-02-16,4077.33,4104.33,4049.88,4104.33,0
2016-02-17,4138.43,4204.62,4125.83,4199.1,0
2016-02-18,4212.22,4212.58,4146.1,4151.49,0
2016-02-19,4129.75,4175.08,4121.59,4164.09,0
2016-02-22,4203.6,4235.12,4199.93,4231.27,0
2016-02-23,4209.32,4217.99,4158.56,4162.54,0
2016-02-24,4116.02,4205.98,4088.12,4200.66,0
2016-02-25,4212.48,4241.25,4173.25,4241.06,0
2016-02-26,4273.59,4275.83,4227.29,4235.62,0
2016-02-29,4228.57,4263.31,4200.15,4201.12,0
2016-03-01,4238.08,4333.61,4225.93,4333.61,0
2016-03-02,4328.72,4335.43,4301.09,4334.39,0
2016-03-03,4330.4,4331.49,4296.32,4325.86,0
2016-03-04,4334.03,4356.34,4301.35,4329.0,0
2016-03-07,4303.81,4330.28,4271.56,4303.33,0
2016-03-08,4272.72,4308.84,4258.82,4265.51,0
2016-03-09,4281.1,4293.23,4258.08,4293.23,0
2016-03-10,4307.87,4335.33,4232.08,4286.97,0
2016-03-11,4337.12,4361.83,4320.55,4361.83,0
2016-03-14,4347.94,4378.35,4347.55,4367.33,0
2016-03-15,4354.38,4371.29,4339.86,4367.08,0
2016-03-16,4359.67,4416.11,4357.74,4404.2,0
2016-03-17,4390.06,4413.08,4376.87,4400.26,0
2016-03-18,4408.82,4420.88,4387.8,4410.83,0
2016-03-21,4403.09,4430.44,4400.35,4426.98,0
2016-03-22,4403.47,4450.76,4401.26,4437.62,0
2016-03-23,4431.82,4434.76,4394.96,4402.56,0
2016-03-24,4380.23,4405.99,4374.71,4405.53,0
2016-03-28,4415.04,4417.57,4393.08,4398.07,0
2016-03-29,4391.19,4471.77,4384.27,4467.72,0
2016-03-30,4494.7,4518.17,4481.84,4490.88,0
2016-03-31,4491.01,4504.24,4478.13,4483.66,0
2016-04-01,4461.77,4534.32,4452.11,4532.08,0
2016-04-04,4526.39,4533.43,4503.65,4511.7,0
2016-04-05,4479.11,4494.71,4465.04,4470.75,0
2016-04-06,4476.35,4544.59,4476.35,4543.78,0
2016-04-07,4519.02,4525.69,4459.72,4475.29,0
2016-04-08,4506.97,4515.91,4459.56,4474.93,0
2016-04-11,4496.26,4516.1,4458.47,4458.71,0
2016-04-12,4464.07,4503.89,4435.05,4496.04,0
2016-04-13,4526.92,4560.11,4524.26,4554.72,0
2016-04-14,4554.66,4569.73,4541.66,4554.62,0
2016-04-15,4550.31,4558.92,4531.0,4543.16,0
2016-04-18,4535.21,4570.58,4531.11,4569.32,0
2016-04-19,4573.58,4574.38,4515.98,4537.09,0
2016-04-20,4539.19,4562.34,4523.9,4540.44,0
2016-04-21,4540.71,4558.67,4522.85,4540.8,0
2016-04-22,4478.44,4502.39,4440.14,4474.19,0
2016-04-25,4459.67,4474.77,4452.87,4474.13,0
2016-04-26,4480.6,4490.06,4439.38,4452.97,0
2016-04-27,4412.82,4426.28,4381.17,4416.63,0
2016-04-28,4419.12,4447.2,4355.3,4363.99,0
2016-04-29,4367.59,4372.97,4307.1,4341.3,0
2016-05-02,4350.83,4386.97,4334.59,4381.3,0
2016-05-03,4349.08,4368.76,4329.76,4341.39,0
2016-05-04,4314.49,4328.22,4301.07,4312.01,0
2016-05-05,4326.91,4333.12,4299.61,4309.48,0
2016-05-06,4290.36,4330.24,4282.0,4330.17,0
2016-05-09,4331.66,4361.87,4329.9,4341.23,0
2016-05-10,4360.73,4404.09,4351.16,4402.04,0
2016-05-11,4395.88,4407.93,4360.73,4361.03,0
2016-05-12,4376.09,4377.86,4312.88,4342.81,0
2016-05-13,4337.83,4364.24,4318.7,4326.53,0
2016-05-16,4335.33,4395.7,4329.89,4380.48,0
2016-05-17,4376.55,4385.06,4311.18,4322.56,0
2016-05-18,4314.34,4360.91,4305.73,4338.23,0
2016-05-19,4319.86,4331.58,4284.37,4315.58,0
2016-05-20,4330.07,4379.98,4329.57,4362.9,0
2016-05-23,4364.73,4382.4,4353.36,4355.1,0
2016-05-24,4381.34,4449.21,4380.46,4444.3,0
2016-05-25,4459.26,4488.52,4453.05,4476.43,0
2016-05-26,4478.57,4494.03,4469.76,4487.96,0
2016-05-27,4490.95,4512.54,4489.16,4512.54,0
2016-05-31,4513.85,4526.84,4497.65,4523.89,0
2016-06-01,4507.18,4530.39,4502.78,4520.07,0
2016-06-02,4510.81,4531.35,4488.08,4531.35,0
2016-06-03,4520.98,4523.36,4480.8,4509.79,0
2016-06-06,4517.88,4536.55,4510.33,4523.63,0
2016-06-07,4527.86,4532.3,4511.42,4513.09,0
2016-06-08,4521.1,4529.09,4505.39,4520.63,0
2016-06-09,4501.14,4518.5,4494.76,4512.69,0
2016-06-10,4473.08,4480.48,4447.33,4461.05,0
2016-06-13,4436.12,4461.26,4419.73,4422.76,0
2016-06-14,4413.71,4439.73,4392.43,4424.91,0
2016-06-15,4433.68,4439.61,4404.58,4409.51,0
2016-06-16,4387.9,4428.27,4362.16,4424.23,0
2016-06-17,4409.75,4409.75,4363.63,4374.38,0
2016-06-20,4424.11,4444.06,4397.36,4400.16,0
2016-06-21,4408.03,4422.67,4398.64,4413.4,0
2016-06-22,4415.46,4442.02,4400.88,4404.73,0
2016-06-23,4437.61,4467.48,4420.16,4467.48,0
2016-06-24,4294.8,4373.15,4274.54,4285.7,0
2016-06-27,4247.71,4249.0,4179.74,4201.05,0
2016-06-28,4245.32,4291.43,4245.29,4290.47,0
2016-06-29,4323.33,4373.96,4322.36,4364.74,0
2016-06-30,4378.75,4417.96,4359.57,4417.7,0
2016-07-01,4411.77,4453.86,4411.76,4437.44,0
2016-07-05,4414.35,4418.04,4386.56,4410.75,0
2016-07-06,4388.43,4447.23,4375.72,4444.7,0
2016-07-07,4451.15,4468.31,4438.8,4459.58,0
2016-07-08,4484.92,4529.72,4476.5,4528.36,0
2016-07-11,4544.33,4569.97,4544.33,4554.71,0
2016-07-12,4579.85,4588.24,4570.56,4577.61,0
2016-07-13,4589.13,4589.95,4565.7,4565.77,0
2016-07-14,4597.19,4604.76,4585.7,4596.49,0
2016-07-15,4602.0,4607.17,4579.83,4589.83,0
2016-07-18,4595.06,4627.57,4591.83,4619.68,0
2016-07-19,4601.68,4617.47,4595.38,4603.28,0
2016-07-20,4630.85,4665.67,4623.93,4657.2,0
2016-07-21,4662.95,4669.53,4634.07,4647.02,0
2016-07-22,4650.98,4670.54,4635.22,4666.07,0
2016-07-25,4662.9,4667.09,4650.5,4665.93,0
2016-07-26,4664.1,4687.9,4648.92,4672.11,0
2016-07-27,4711.11,4716.07,4685.11,4702.88,0
2016-07-28,4710.23,4725.78,4696.08,4721.41,0
2016-07-29,4734.7,4743.25,4715.77,4730.23,0
2016-08-01,4734.44,4767.24,4728.73,4756.04,0
2016-08-02,4748.42,4752.29,4689.55,4719.21,0
2016-08-03,4716.58,4734.33,4712.1,4734.33,0
2016-08-04,4731.54,4749.09,4719.01,4743.81,0
2016-08-05,4769.17,4799.86,4763.58,4791.21,0
2016-08-08,4791.1,4794.14,4770.22,4784.74,0
2016-08-09,4787.92,4811.01,4786.38,4795.75,0
2016-08-10,4799.83,4799.88,4771.98,4783.39,0
2016-08-11,4800.59,4813.36,4790.65,4803.31,0
2016-08-12,4794.35,4807.53,4790.49,4807.08,0
2016-08-15,4814.77,4837.67,4812.45,4827.12,0
2016-08-16,4814.21,4814.96,4796.92,4797.19,0
2016-08-17,4799.03,4807.05,4772.43,4805.45,0
2016-08-18,4802.33,4814.54,4794.29,4808.68,0
2016-08-19,4800.2,4816.0,4786.27,4806.14,0
2016-08-22,4797.95,4817.36,4791.06,4808.56,0
2016-08-23,4828.79,4836.45,4816.76,4818.48,0
2016-08-24,4812.49,4821.3,4770.73,4783.49,0
2016-08-25,4773.68,4792.47,4768.0,4775.43,0
2016-08-26,4782.46,4815.58,4758.1,4783.69,0
2016-08-29,4787.93,4804.42,4784.63,4791.09,0
2016-08-30,4787.77,4797.62,4760.28,4775.99,0
2016-08-31,4770.23,4775.19,4751.69,4771.05,0
2016-09-01,4774.81,4787.94,4750.24,4783.94,0
2016-09-02,4806.14,4816.7,4781.61,4798.74,0
2016-09-06,4806.66,4829.51,4797.34,4829.51,0
2016-09-07,4829.91,4839.59,4813.99,4831.86,0
2016-09-08,4816.48,4816.48,4791.22,4804.0,0
2016-09-09,4763.04,4773.77,4681.53,4681.53,0
2016-09-12,4656.59,4772.44,4656.51,4764.65,0
2016-09-13,4740.0,4756.2,4701.79,4722.84,0
2016-09-14,4726.75,4770.39,4726.75,4746.06,0
2016-09-15,4749.71,4826.02,4748.67,4819.9,0
2016-09-16,4811.79,4821.85,4794.2,4818.05,0
2016-09-19,4833.84,4843.76,4787.44,4796.07,0
2016-09-20,4813.78,4824.21,4797.78,4805.22,0
2016-09-21,4826.58,4858.57,4797.9,4853.75,0
2016-09-22,4879.28,4895.5,4876.37,4891.36,0
2016-09-23,4881.45,4882.42,4853.41,4858.91,0
2016-09-26,4830.17,4837.34,4812.32,4817.17,0
2016-09-27,4813.89,4868.38,4811.28,4866.71,0
2016-09-28,4871.84,4877.3,4850.04,4875.27,0
2016-09-29,4868.46,4875.52,4819.02,4838.3,0
2016-09-30,4856.1,4889.23,4846.9,4875.7,0
2016-10-03,4864.63,4872.14,4848.21,4866.63,0
2016-10-04,4880.57,4891.5,4841.72,4859.47,0
2016-10-05,4872.98,4891.35,4870.81,4877.75,0
2016-10-06,4871.95,4883.97,4851.53,4873.92,0
2016-10-07,4883.94,4884.7,4840.93,4864.52,0
2016-10-10,4887.73,4904.72,4885.59,4893.77,0
2016-10-11,4890.17,4890.17,4804.24,4821.91,0
2016-10-12,4824.27,4836.55,4806.33,4819.63,0
2016-10-13,4785.59,4816.33,4760.07,4803.1,0
2016-10-14,4828.9,4845.99,4806.73,4808.49,0
2016-10-17,4808.47,4814.88,4790.45,4796.17,0
2016-10-18,4849.91,4860.68,4837.31,4839.72,0
2016-10-19,4833.81,4845.07,4830.68,4836.61,0
2016-10-20,4831.31,4842.32,4805.84,4832.71,0
2016-10-21,4836.54,4853.61,4822.78,4851.86,0
2016-10-24,4884.16,4911.59,4880.77,4909.97,0
2016-10-25,4908.18,4911.76,4885.9,4891.45,0
2016-10-26,4863.52,4886.32,4846.44,4860.59,0
2016-10-27,4883.07,4885.83,4831.69,4836.45,0
2016-10-28,4820.5,4848.54,4794.07,4805.59,0
2016-10-31,4821.32,4823.92,4801.16,4801.27,0
2016-11-01,4810.3,4811.02,4726.35,4766.94,0
2016-11-02,4764.83,4773.65,4717.56,4726.91,0
2016-11-03,4718.53,4732.2,4673.05,4679.1,0
2016-11-04,4647.59,4697.94,4647.59,4660.46,0
2016-11-07,4737.99,4777.06,4731.79,4773.73,0
2016-11-08,4766.48,4824.97,4757.24,4804.92,0
2016-11-09,4748.9,4832.94,4747.35,4825.18,0
2016-11-10,4849.71,4855.79,4685.74,4747.03,0
2016-11-11,4729.14,4759.82,4711.96,4751.95,0
2016-11-14,4752.61,4753.27,4677.41,4702.04,0
2016-11-15,4733.57,4778.65,4727.98,4764.47,0
2016-11-16,4745.03,4794.57,4742.94,4792.27,0
2016-11-17,4789.78,4826.75,4781.72,4826.59,0
2016-11-18,4832.81,4840.81,4804.44,4808.04,0
2016-11-21,4822.03,4862.23,4819.57,4859.0,0
2016-11-22,4876.92,4884.63,4861.08,4873.84,0
2016-11-23,4856.72,4859.67,4832.59,4853.86,0
2016-11-25,4861.47,4870.9,4853.04,4870.02,0
2016-11-28,4861.73,4878.87,4852.71,4857.02,0
2016-11-29,4859.85,4896.57,4848.89,4873.21,0
2016-11-30,4876.3,4880.76,4810.81,4810.81,0
2016-12-01,4806.77,4810.44,4723.57,4734.1,0
2016-12-02,4734.38,4759.03,4721.41,4739.37,0
2016-12-05,4762.34,4795.28,4743.53,4778.14,0
2016-12-06,4786.06,4796.58,4769.39,4788.67,0
2016-12-07,4778.86,4854.32,4765.44,4851.94,0
2016-12-08,4849.75,4869.56,4843.04,4859.19,0
2016-12-09,4878.54,4897.24,4877.18,4895.9,0
2016-12-12,4878.04,4882.98,4854.27,4874.3,0
2016-12-13,4893.65,4960.48,4890.15,4935.84,0
2016-12-14,4943.64,4955.25,4910.76,4921.22,0
2016-12-15,4925.65,4959.9,4919.81,4933.41,0
2016-12-16,4945.04,4952.14,4904.38,4914.86,0
2016-12-19,4919.16,4963.0,4911.75,4934.85,0
2016-12-20,4948.34,4961.55,4944.32,4953.8,0
2016-12-21,4952.07,4957.45,4938.24,4948.9,0
2016-12-22,4948.36,4948.36,4917.33,4934.39,0
2016-12-23,4927.53,4940.04,4922.94,4940.02,0
2016-12-27,4948.92,4992.08,4947.59,4965.81,0
2016-12-28,4976.42,4978.43,4922.09,4926.29,0
2016-12-29,4923.92,4933.71,4903.28,4918.28,0
2016-12-30,4925.36,4927.16,4853.93,4863.62,0
2017-01-03,4900.85,4928.49,4884.52,4911.33,0
2017-01-04,4920.79,4944.74,4919.8,4937.2,0
2017-01-05,4936.35,4967.9,4935.34,4964.95,0
2017-01-06,4973.87,5020.7,4957.82,5007.08,0
2017-01-09,5013.82,5033.32,5009.45,5024.9,0
2017-01-10,5027.5,5049.83,5016.19,5035.17,0
2017-01-11,5033.88,5050.21,5012.65,5050.21,0
2017-01-12,5029.28,5044.36,4995.07,5041.43,0
2017-01-13,5047.56,5066.95,5045.92,5059.51,0
2017-01-17,5043.07,5053.2,5029.61,5044.65,0
2017-01-18,5050.26,5058.2,5039.18,5055.85,0
2017-01-19,5061.1,5078.41,5041.21,5051.17,0
2017-01-20,5070.15,5085.34,5050.02,5063.2,0
2017-01-23,5055.97,5073.24,5035.49,5065.7,0
2017-01-24,5079.61,5108.22,5068.37,5101.06,0
2017-01-25,5132.87,5153.18,5129.0,5151.47,0
2017-01-26,5164.12,5168.2,5148.85,5156.92,0
2017-01-27,5169.49,5172.43,5150.18,5168.06,0
2017-01-30,5146.41,5146.88,5098.34,5129.33,0
2017-01-31,5107.47,5116.8,5086.33,5116.77,0
2017-02-01,5157.83,5162.46,5128.9,5152.69,0
2017-02-02,5141.28,5162.56,5128.76,5147.7,0
2017-02-03,5153.61,5165.47,5147.58,5161.6,0
2017-02-06,5154.18,5167.96,5148.06,5167.96,0
2017-02-07,5178.85,5196.27,5174.34,5185.88,0
2017-02-08,5176.5,5201.57,5168.98,5196.58,0
2017-02-09,5200.17,5221.62,5196.07,5212.16,0
2017-02-10,5219.81,5234.27,5212.83,5226.69,0
2017-02-13,5242.49,5262.42,5241.0,5256.82,0
2017-02-14,5251.36,5271.1,5238.69,5271.07,0
2017-02-15,5266.12,5304.34,5264.44,5302.39,0
2017-02-16,5306.38,5316.79,5287.54,5300.64,0
2017-02-17,5295.49,5324.72,5291.7,5324.72,0
2017-02-21,5334.57,5353.16,5330.47,5350.73,0
2017-02-22,5345.18,5354.73,5335.8,5352.13,0
2017-02-23,5358.03,5358.53,5309.99,5332.37,0
2017-02-24,5305.23,5343.31,5304.01,5343.31,0
2017-02-27,5330.56,5347.88,5322.13,5347.55,0
2017-02-28,5344.18,5347.47,5316.7,5330.31,0
2017-03-01,5368.65,5398.43,5355.38,5390.99,0
2017-03-02,5386.34,5387.73,5355.53,5363.26,0
2017-03-03,5355.21,5373.48,5344.48,5373.48,0
2017-03-06,5352.61,5368.27,5338.61,5360.31,0
2017-03-07,5348.2,5373.26,5341.43,5351.28,0
2017-03-08,5351.35,5375.77,5348.73,5359.8,0
2017-03-09,5355.78,5370.66,5336.08,5363.98,0
2017-03-10,5390.46,5394.66,5364.1,5385.9,0
2017-03-13,5387.73,5396.39,5382.02,5394.57,0
2017-03-14,5382.79,5384.88,5360.7,5382.17,0
2017-03-15,5392.48,5426.84,5375.88,5416.25,0
2017-03-16,5421.46,5423.66,5399.27,5412.08,0
2017-03-17,5413.47,5423.28,5406.81,5408.76,0
2017-03-20,5406.02,5426.47,5400.16,5413.31,0
2017-03-21,5433.28,5439.58,5328.71,5332.53,0
2017-03-22,5332.64,5372.27,5327.25,5367.55,0
2017-03-23,5356.71,5375.43,5346.3,5355.14,0
2017-03-24,5376.74,5392.28,5345.94,5364.0,0
2017-03-27,5320.96,5383.22,5316.02,5374.27,0
2017-03-28,5371.9,5422.25,5363.29,5407.21,0
2017-03-29,5410.14,5433.36,5405.1,5430.27,0
2017-03-30,5430.31,5446.51,5425.3,5439.74,0
2017-03-31,5430.99,5451.5,5427.5,5436.23,0
2017-04-03,5440.2,5453.44,5403.31,5432.2,0
2017-04-04,5415.53,5441.34,5415.3,5440.41,0
2017-04-05,5447.27,5479.86,5409.04,5418.52,0
2017-04-06,5423.65,5435.06,5407.87,5420.88,0
2017-04-07,5420.94,5434.18,5400.08,5418.37,0
2017-04-10,5423.57,5442.71,5406.58,5421.68,0
2017-04-11,5413.91,5422.79,5359.14,5398.4,0
2017-04-12,5394.61,5399.55,5370.24,5377.03,0
2017-04-13,5370.69,5398.99,5353.59,5353.59,0
2017-04-17,5369.21,5399.2,5367.59,5399.2,0
2017-04-18,5383.74,5405.54,5377.91,5391.66,0
2017-04-19,5416.3,5431.0,5392.28,5399.64,0
2017-04-20,5422.47,5455.88,5413.32,5443.53,0
2017-04-21,5447.28,5450.81,5430.22,5442.05,0
2017-04-24,5503.27,5513.57,5494.46,5508.03,0
2017-04-25,5523.48,5557.93,5521.52,5548.19,0
2017-04-26,5553.6,5563.97,5537.99,5541.09,0
2017-04-27,5555.27,5573.26,5551.55,5571.28,0
2017-04-28,5598.47,5600.0,5575.21,5583.53,0
2017-05-01,5602.44,5640.48,5600.31,5629.63,0
2017-05-02,5642.41,5645.08,5625.49,5644.07,0
2017-05-03,5624.87,5629.78,5608.16,5625.16,0
2017-05-04,5623.57,5633.49,5606.05,5626.32,0
2017-05-05,5640.78,5646.09,5619.6,5646.09,0
2017-05-08,5649.18,5659.07,5638.0,5659.07,0
2017-05-09,5667.98,5691.21,5664.0,5678.31,0
2017-05-10,5681.33,5683.64,5661.44,5681.68,0
2017-05-11,5662.59,5675.5,5637.4,5674.22,0
2017-05-12,5683.58,5687.42,5672.03,5686.81,0
2017-05-15,5687.97,5706.61,5683.1,5704.48,0
2017-05-16,5715.15,5724.71,5699.41,5724.44,0
2017-05-17,5673.62,5688.74,5578.16,5580.55,0
2017-05-18,5569.81,5645.08,5568.47,5626.31,0
2017-05-19,5640.71,5673.63,5640.68,5651.56,0
2017-05-22,5662.95,5701.05,5661.59,5699.4,0
2017-05-23,5714.94,5716.55,5690.2,5703.35,0
2017-05-24,5720.83,5732.57,5705.17,5730.3,0
2017-05-25,5748.29,5793.13,5738.82,5778.37,0
2017-05-26,5782.17,5790.19,5771.71,5788.36,0
2017-05-30,5785.38,5799.99,5781.37,5794.63,0
2017-05-31,5812.97,5813.26,5762.56,5788.8,0
2017-06-01,5804.17,5816.6,5779.89,5816.51,0
2017-06-02,5834.41,5881.46,5825.74,5881.46,0
2017-06-05,5881.21,5888.92,5871.09,5878.12,0
2017-06-06,5869.48,5890.88,5848.32,5856.77,0
2017-06-07,5871.77,5883.19,5845.96,5877.59,0
2017-06-08,5894.75,5895.18,5852.65,5885.3,0
2017-06-09,5891.67,5897.69,5657.76,5741.94,0
2017-06-12,5677.16,5716.2,5633.34,5708.18,0
2017-06-13,5740.21,5760.54,5709.17,5751.82,0
2017-06-14,5774.12,5774.19,5682.35,5727.07,0
2017-06-15,5661.36,5707.37,5634.58,5700.89,0
2017-06-16,5694.21,5695.74,5656.62,5681.48,0
2017-06-19,5729.54,5776.37,5724.49,5772.22,0
2017-06-20,5762.99,5772.17,5725.01,5726.31,0
2017-06-21,5740.58,5784.92,5737.01,5782.39,0
2017-06-22,5787.43,5802.46,5767.87,5779.87,0
2017-06-23,5775.03,5810.31,5759.7,5803.11,0
2017-06-26,5832.31,5845.15,5765.87,5777.59,0
2017-06-27,5752.72,5761.04,5671.6,5671.6,0
2017-06-28,5693.48,5757.23,5660.53,5753.03,0
2017-06-29,5723.31,5723.66,5599.44,5653.02,0
2017-06-30,5676.4,5681.9,5637.74,5646.92,0
2017-07-03,5680.36,5684.98,5592.53,5596.96,0
2017-07-05,5611.0,5663.6,5593.66,5648.82,0
2017-07-06,5606.42,5628.84,5579.64,5597.9,0
2017-07-07,5618.85,5673.02,5618.85,5656.47,0
2017-07-10,5662.71,5708.62,5650.26,5694.15,0
2017-07-11,5687.03,5717.91,5667.27,5709.8,0
2017-07-12,5757.2,5785.0,5749.65,5778.95,0
2017-07-13,5785.32,5806.18,5776.62,5793.36,0
2017-07-14,5815.04,5844.8,5799.85,5838.08,0
2017-07-17,5845.82,5860.64,5830.25,5839.74,0
2017-07-18,5832.92,5880.55,5818.2,5880.1,0
2017-07-19,5898.4,5922.37,5895.54,5916.16,0
2017-07-20,5929.58,5932.61,5896.61,5921.22,0
2017-07-21,5905.6,5921.52,5890.25,5921.52,0
2017-07-24,5920.93,5950.58,5912.74,5941.37,0
2017-07-25,5927.1,5945.06,5916.29,5930.65,0
2017-07-26,5944.16,5954.38,5939.17,5950.73,0
2017-07-27,5994.02,5995.77,5847.05,5917.03,0
2017-07-28,5883.7,5918.31,5868.92,5908.92,0
2017-07-31,5928.68,5932.37,5871.79,5880.33,0
2017-08-01,5900.64,5905.29,5880.45,5895.17,0
2017-08-02,5934.07,5936.15,5859.62,5914.23,0
2017-08-03,5915.73,5917.47,5879.72,5891.2,0
2017-08-04,5899.69,5912.56,5877.06,5899.91,0
2017-08-07,5909.45,5936.79,5903.75,5934.73,0
2017-08-08,5922.64,5972.93,5910.5,5926.35,0
2017-08-09,5879.55,5920.96,5866.17,5919.39,0
2017-08-10,5880.13,5887.27,5783.36,5788.19,0
2017-08-11,5792.32,5844.61,5785.26,5831.53,0
2017-08-14,5878.64,5916.33,5878.0,5908.17,0
2017-08-15,5917.29,5919.75,5893.85,5907.73,0
2017-08-16,5920.68,5944.98,5899.56,5917.42,0
2017-08-17,5896.31,5903.87,5796.32,5796.32,0
2017-08-18,5803.9,5831.08,5770.14,5790.91,0
2017-08-21,5791.04,5804.3,5750.5,5786.54,0
2017-08-22,5817.29,5879.0,5817.02,5873.33,0
2017-08-23,5842.16,5864.78,5840.71,5851.78,0
2017-08-24,5863.99,5871.87,5802.77,5834.44,0
2017-08-25,5854.31,5870.47,5815.6,5822.53,0
2017-08-28,5839.27,5852.8,5821.87,5838.08,0
2017-08-29,5785.29,5871.79,5785.22,5862.14,0
2017-08-30,5870.88,5940.57,5865.34,5932.9,0
2017-08-31,5948.74,5995.45,5945.95,5988.6,0
2017-09-01,6001.82,6009.61,5972.27,5987.9,0
2017-09-05,5966.64,5980.91,5890.25,5932.73,0
2017-09-06,5949.54,5964.38,5909.92,5951.13,0
2017-09-07,5960.44,5980.15,5943.89,5964.31,0
2017-09-08,5957.19,5958.81,5907.96,5913.37,0
2017-09-11,5962.35,5990.87,5960.87,5980.53,0
2017-09-12,5998.74,6002.97,5968.09,5995.64,0
2017-09-13,5982.85,6004.47,5974.88,6004.38,0
2017-09-14,5981.85,5997.23,5965.06,5968.82,0
2017-09-15,5965.66,6009.44,5957.85,5988.0,0
2017-09-18,5997.51,6012.95,5963.17,5981.12,0
2017-09-19,5991.93,5998.24,5971.17,5991.08,0
2017-09-20,5987.72,5994.53,5927.7,5973.6,0
2017-09-21,5965.6,5965.6,5915.74,5934.91,0
2017-09-22,5912.19,5937.59,5911.48,5932.32,0
2017-09-25,5904.06,5908.57,5839.89,5867.35,0
2017-09-26,5893.18,5908.47,5862.99,5881.34,0
2017-09-27,5912.96,5957.75,5900.35,5937.79,0
2017-09-28,5920.65,5939.22,5908.62,5933.07,0
2017-09-29,5941.78,5980.22,5930.82,5979.3,0
2017-10-02,5988.96,6005.2,5955.83,5981.92,0
2017-10-03,5986.85,5999.19,5976.65,5995.06,0
2017-10-04,5983.31,6009.81,5976.12,5998.84,0
2017-10-05,6018.27,6059.21,6014.77,6057.14,0
2017-10-06,6037.44,6064.67,6037.02,6064.57,0
2017-10-09,6071.96,6078.8,6051.33,6058.53,0
2017-10-10,6078.27,6084.14,6036.72,6063.52,0
2017-10-11,6062.73,6082.25,6052.44,6081.25,0
2017-10-12,6072.21,6093.76,6063.47,6069.99,0
2017-10-13,6094.72,6100.06,6087.03,6092.45,0
2017-10-16,6108.66,6115.53,6095.63,6114.53,0
2017-10-17,6111.32,6122.82,6103.66,6122.61,0
2017-10-18,6128.91,6129.49,6106.85,6114.35,0
2017-10-19,6074.28,6092.87,6051.47,6092.62,0
2017-10-20,6114.46,6122.56,6102.16,6108.82,0
2017-10-23,6122.24,6122.24,6061.08,6067.83,0
2017-10-24,6078.02,6090.89,6057.69,6080.22,0
2017-10-25,6069.35,6087.58,6011.24,6055.04,0
2017-10-26,6056.05,6066.61,6035.95,6037.87,0
2017-10-27,6138.23,6223.51,6129.79,6213.47,0
2017-10-30,6209.8,6250.85,6202.53,6227.59,0
2017-10-31,6241.88,6258.42,6229.15,6248.56,0
2017-11-01,6274.26,6276.66,6224.58,6248.65,0
2017-11-02,6238.29,6243.74,6194.58,6236.39,0
2017-11-03,6266.19,6297.62,6237.65,6295.58,0
2017-11-06,6292.15,6318.58,6291.84,6313.61,0
2017-11-07,6314.69,6328.58,6299.53,6320.78,0
2017-11-08,6319.03,6346.98,6308.62,6345.81,0
2017-11-09,6295.29,6315.16,6248.29,6312.21,0
2017-11-10,6297.15,6313.17,6284.22,6309.07,0
2017-11-13,6286.01,6325.18,6285.97,6316.18,0
2017-11-14,6293.33,6300.46,6263.77,6293.64,0
2017-11-15,6261.27,6276.8,6227.99,6258.36,0
2017-11-16,6293.46,6352.47,6293.46,6339.14,0
2017-11-17,6343.64,6345.56,6308.48,6314.51,0
2017-11-20,6319.57,6324.59,6301.88,6308.61,0
2017-11-21,6336.91,6380.07,6336.26,6378.63,0
2017-11-22,6384.13,6391.16,6371.74,6386.12,0
2017-11-24,6393.33,6410.77,6389.4,6409.29,0
2017-11-27,6409.52,6420.21,6392.01,6405.97,0
2017-11-28,6419.48,6426.04,6385.32,6422.56,0
2017-11-29,6412.69,6412.69,6279.36,6311.37,0
2017-11-30,6337.34,6374.19,6321.43,6365.56,0
2017-12-01,6325.61,6365.3,6244.84,6337.87,0
2017-12-04,6380.68,6380.77,6256.81,6263.7,0
2017-12-05,6242.47,6337.06,6235.77,6265.11,0
2017-12-06,6243.72,6304.1,6234.22,6293.05,0
2017-12-07,6300.64,6333.29,6290.65,6316.28,0
2017-12-08,6364.6,6377.55,6335.23,6344.57,0
2017-12-11,6351.24,6394.43,6347.91,6393.89,0
2017-12-12,6389.47,6403.5,6371.69,6383.65,0
2017-12-13,6405.41,6416.83,6388.41,6394.67,0
2017-12-14,6407.25,6423.68,6386.25,6389.91,0
2017-12-15,6405.15,6470.92,6405.03,6466.32,0
2017-12-18,6504.89,6522.7,6495.18,6513.27,0
2017-12-19,6505.35,6510.87,6462.79,6480.67,0
2017-12-20,6504.55,6504.55,6447.93,6472.48,0
2017-12-21,6481.08,6501.52,6467.78,6472.69,0
2017-12-22,6462.55,6467.83,6449.0,6465.17,0
2017-12-26,6427.32,6438.24,6407.99,6433.16,0
2017-12-27,6437.06,6448.94,6425.92,6435.15,0
2017-12-28,6449.52,6452.07,6432.68,6441.42,0
2017-12-29,6439.9,6442.53,6396.42,6396.42,0
2018-01-02,6431.59,6513.02,6417.75,6511.34,0
2018-01-03,6520.03,6579.25,6519.26,6575.8,0
2018-01-04,6595.75,6603.17,6576.92,6584.58,0
2018-01-05,6613.12,6654.98,6605.03,6653.29,0
2018-01-08,6651.68,6680.32,6649.2,6676.63,0
2018-01-09,6692.87,6696.12,6658.27,6677.94,0
2018-01-10,6640.66,6663.51,6619.35,6662.66,0
2018-01-11,6675.69,6708.49,6664.74,6708.49,0
2018-01-12,6699.32,6763.98,6695.52,6758.54,0
2018-01-16,6807.85,6835.79,6719.11,6737.14,0
2018-01-17,6767.85,6820.04,6738.45,6810.28,0
2018-01-18,6804.59,6826.79,6784.72,6811.38,0
2018-01-19,6829.04,6843.24,6801.59,6834.33,0
2018-01-22,6829.55,6906.28,6822.85,6906.28,0
2018-01-23,6928.27,6969.4,6926.37,6963.46,0
2018-01-24,6975.38,6992.91,6880.68,6919.35,0
2018-01-25,6965.01,6967.6,6894.84,6916.3,0
2018-01-26,6956.66,7022.97,6941.48,7022.97,0
2018-01-29,7000.68,7020.64,6974.7,6988.32,0
2018-01-30,6910.39,6958.79,6894.63,6930.73,0
2018-01-31,6972.81,6983.61,6915.48,6949.99,0
2018-02-01,6910.57,6970.76,6879.02,6901.5,0
2018-02-02,6866.38,6889.07,6756.54,6760.29,0
2018-02-05,6687.47,6807.96,6495.39,6495.92,0
2018-02-06,6378.6,6673.41,6370.48,6665.98,0
2018-02-07,6632.98,6716.25,6581.38,6582.02,0
2018-02-08,6595.81,6606.05,6304.18,6306.1,0
2018-02-09,6395.16,6453.43,6164.43,6412.68,0
2018-02-12,6477.04,6565.28,6424.3,6523.85,0
2018-02-13,6482.77,6567.62,6478.41,6553.86,0
2018-02-14,6523.26,6684.15,6520.39,6675.03,0
2018-02-15,6734.34,6795.92,6665.92,6794.92,0
2018-02-16,6778.28,6840.6,6758.51,6770.66,0
2018-02-20,6742.15,6838.0,6740.48,6779.69,0
2018-02-21,6808.6,6879.47,6759.22,6759.26,0
2018-02-22,6793.08,6826.01,6744.05,6761.85,0
2018-02-23,6816.43,6897.53,6789.02,6896.6,0
2018-02-26,6933.82,6989.36,6927.46,6989.1,0
2018-02-27,6984.83,7003.13,6900.35,6900.35,0
2018-02-28,6945.2,6964.16,6854.42,6854.42,0
2018-03-01,6862.94,6892.38,6687.44,6750.54,0
2018-03-02,6661.91,6820.37,6645.03,6811.04,0
2018-03-05,6777.63,6901.63,6753.83,6881.28,0
2018-03-06,6919.79,6937.03,6872.06,6913.02,0
2018-03-07,6855.57,6935.48,6850.91,6929.39,0
2018-03-08,6955.85,6971.0,6931.35,6966.43,0
2018-03-09,7014.84,7101.31,7007.3,7101.18,0
2018-03-12,7122.47,7156.25,7108.04,7131.12,0
2018-03-13,7172.25,7186.09,7025.83,7046.51,0
2018-03-14,7077.85,7084.07,7012.57,7040.98,0
2018-03-15,7050.66,7075.55,7010.01,7030.97,0
2018-03-16,7058.12,7061.67,7011.69,7019.95,0
2018-03-19,6945.97,6949.02,6806.16,6864.88,0
2018-03-20,6871.09,6902.23,6845.85,6885.92,0
2018-03-21,6863.29,6930.7,6828.88,6853.45,0
2018-03-22,6763.94,6809.94,6679.35,6682.26,0
2018-03-23,6683.19,6708.58,6507.84,6508.09,0
2018-03-26,6644.4,6760.65,6538.79,6753.83,0
2018-03-27,6791.39,6793.5,6479.56,6529.84,0
2018-03-28,6488.02,6559.88,6410.04,6460.81,0
2018-03-29,6493.51,6640.76,6435.67,6581.13,0
2018-04-02,6528.23,6560.96,6322.6,6390.84,0
2018-04-03,6448.05,6485.27,6343.9,6458.83,0
2018-04-04,6326.54,6578.56,6326.54,6560.06,0
2018-04-05,6619.22,6632.21,6550.28,6594.84,0
2018-04-06,6514.48,6587.36,6402.03,6433.21,0
2018-04-09,6488.48,6604.26,6466.04,6472.34,0
2018-04-10,6585.52,6639.97,6534.89,6615.87,0
2018-04-11,6578.84,6650.29,6574.88,6583.44,0
2018-04-12,6627.32,6682.69,6618.81,6656.26,0
2018-04-13,6696.02,6703.31,6598.34,6628.34,0
2018-04-16,6675.92,6699.76,6633.08,6675.18,0
2018-04-17,6738.65,6834.31,6729.79,6816.37,0
2018-04-18,6824.58,6856.96,6788.32,6833.21,0
2018-04-19,6793.07,6815.04,6749.07,6774.89,0
2018-04-20,6754.67,6757.68,6642.83,6667.75,0
2018-04-23,6699.16,6721.65,6613.55,6648.8,0
2018-04-24,6680.88,6688.89,6464.74,6509.05,0
2018-04-25,6514.32,6540.76,6426.57,6513.94,0
2018-04-26,6606.61,6673.65,6579.12,6649.65,0
2018-04-27,6748.59,6750.78,6619.26,6656.35,0
2018-04-30,6669.44,6712.5,6593.6,6605.57,0
2018-05-01,6592.93,6685.41,6578.26,6681.96,0
2018-05-02,6694.52,6715.96,6637.96,6644.48,0
2018-05-03,6608.7,6667.29,6539.86,6643.48,0
2018-05-04,6618.7,6783.36,6612.39,6769.12,0
2018-05-07,6803.45,6846.46,6796.05,6821.87,0
2018-05-08,6813.91,6830.87,6770.3,6815.48,0
2018-05-09,6830.54,6895.93,6807.4,6893.21,0
2018-05-10,6909.18,6966.93,6906.77,6963.55,0
2018-05-11,6948.87,6969.3,6923.61,6952.56,0
2018-05-14,6977.35,7008.26,6954.64,6964.37,0
2018-05-15,6909.32,6912.04,6852.73,6888.54,0
2018-05-16,6892.89,6944.54,6891.65,6929.97,0
2018-05-17,6905.75,6952.98,6869.39,6901.63,0
2018-05-18,6876.65,6897.91,6857.58,6866.25,0
2018-05-21,6920.32,6948.27,6876.35,6905.53,0
2018-05-22,6934.7,6947.43,6883.75,6893.62,0
2018-05-23,6847.27,6954.7,6846.94,6953.63,0
2018-05-24,6951.52,6963.68,6882.57,6949.7,0
2018-05-25,6951.47,6982.52,6941.85,6960.92,0
2018-05-29,6928.5,6964.65,6887.12,6926.54,0
2018-05-30,6955.59,6987.63,6938.02,6976.37,0
2018-05-31,6969.93,7016.42,6955.99,6967.73,0
2018-06-01,7010.08,7084.84,7008.02,7083.93,0
2018-06-04,7099.5,7146.76,7099.09,7143.57,0
2018-06-05,7162.41,7179.82,7137.13,7166.75,0
2018-06-06,7180.24,7212.45,7140.92,7210.08,0
2018-06-07,7212.43,7212.43,7115.86,7152.83,0
2018-06-08,7121.76,7161.92,7100.73,7152.62,0
2018-06-11,7149.65,7187.45,7146.09,7168.48,0
2018-06-12,7181.67,7214.49,7173.76,7209.18,0
2018-06-13,7219.58,7261.17,7193.02,7205.26,0
2018-06-14,7233.7,7291.31,7233.7,7279.59,0
2018-06-15,7245.16,7268.84,7220.97,7255.76,0
2018-06-18,7201.18,7256.43,7186.16,7251.41,0
2018-06-19,7158.8,7229.99,7138.02,7228.04,0
2018-06-20,7264.85,7309.99,7256.87,7280.7,0
2018-06-21,7304.05,7308.26,7203.93,7217.49,0
2018-06-22,7239.72,7239.75,7177.46,7197.51,0
2018-06-25,7131.05,7144.28,6976.96,7038.17,0
2018-06-26,7061.23,7108.45,7040.06,7068.2,0
2018-06-27,7096.6,7128.77,6968.3,6969.67,0
2018-06-28,6963.37,7055.25,6950.23,7031.6,0
2018-06-29,7071.49,7101.83,7031.4,7040.8,0
2018-07-02,6979.54,7099.27,6969.16,7097.82,0
2018-07-03,7121.71,7122.45,7009.51,7014.55,0
2018-07-05,7064.0,7105.54,7025.24,7101.05,0
2018-07-06,7114.17,7217.0,7106.1,7207.33,0
2018-07-09,7251.18,7277.58,7221.32,7276.0,0
2018-07-10,7287.05,7297.79,7257.49,7282.6,0
2018-07-11,7221.66,7271.12,7220.23,7243.98,0
2018-07-12,7276.38,7368.71,7274.16,7366.25,0
2018-07-13,7372.28,7387.74,7348.96,7375.82,0
2018-07-16,7381.03,7390.64,7346.34,7357.9,0
2018-07-17,7291.48,7418.43,7288.3,7403.89,0
2018-07-18,7407.25,7411.25,7368.36,7390.13,0
2018-07-19,7364.66,7388.99,7344.33,7352.36,0
2018-07-20,7379.13,7398.59,7343.37,7350.23,0
2018-07-23,7335.42,7376.82,7301.34,7371.78,0
2018-07-24,7455.51,7475.99,7375.74,7406.25,0
2018-07-25,7406.1,7511.39,7405.63,7508.59,0
2018-07-26,7404.56,7430.12,7385.72,7400.75,0
2018-07-27,7443.24,7443.24,7255.32,7296.78,0
2018-07-30,7292.72,7299.07,7158.78,7193.1,0
2018-07-31,7219.67,7272.96,7179.41,7231.98,0
2018-08-01,7269.2,7294.8,7234.64,7272.89,0
2018-08-02,7221.35,7380.56,7221.35,7372.15,0
2018-08-03,7389.36,7395.49,7356.33,7395.49,0
2018-08-06,7390.82,7439.55,7381.58,7438.99,0
2018-08-07,7459.32,7478.96,7443.88,7462.65,0
2018-08-08,7454.42,7486.21,7435.77,7469.54,0
2018-08-09,7467.51,7498.37,7458.57,7466.96,0
2018-08-10,7409.05,7436.69,7382.83,7408.3,0
2018-08-13,7420.18,7468.82,7398.53,7401.17,0
2018-08-14,7430.45,7455.42,7390.0,7447.17,0
2018-08-15,7385.67,7409.48,7308.52,7354.66,0
2018-08-16,7409.61,7422.83,7361.88,7374.29,0
2018-08-17,7352.63,7394.94,7312.65,7377.54,0
2018-08-20,7393.58,7395.75,7343.47,7371.42,0
2018-08-21,7393.46,7441.42,7388.37,7397.23,0
2018-08-22,7379.84,7434.48,7374.69,7424.6,0
2018-08-23,7420.31,7465.87,7405.4,7413.84,0
2018-08-24,7443.71,7489.54,7442.99,7485.4,0
2018-08-27,7527.37,7560.76,7512.02,7559.13,0
2018-08-28,7580.85,7588.72,7556.71,7570.25,0
2018-08-29,7585.13,7661.95,7583.52,7660.18,0
2018-08-30,7645.11,7691.1,7619.73,7642.67,0
2018-08-31,7634.44,7676.46,7628.54,7654.55,0
2018-09-04,7629.34,7643.45,7581.35,7622.32,0
2018-09-05,7600.95,7607.18,7498.38,7523.26,0
2018-09-06,7527.22,7532.3,7405.32,7453.17,0
2018-09-07,7402.19,7489.4,7400.99,7430.26,0
2018-09-10,7466.76,7473.75,7410.74,7447.68,0
2018-09-11,7415.09,7519.45,7401.72,7507.87,0
2018-09-12,7493.38,7501.24,7422.91,7488.06,0
2018-09-13,7535.23,7578.76,7531.66,7561.69,0
2018-09-14,7575.38,7581.3,7515.04,7545.5,0
2018-09-17,7522.59,7533.92,7427.79,7434.73,0
2018-09-18,7440.86,7531.2,7436.53,7494.4,0
2018-09-19,7498.24,7513.34,7441.56,7490.32,0
2018-09-20,7534.02,7582.43,7523.87,7569.03,0
2018-09-21,7587.39,7603.86,7522.12,7531.07,0
2018-09-24,7477.45,7554.95,7447.23,7548.75,0
2018-09-25,7552.02,7568.17,7525.19,7563.19,0
2018-09-26,7563.96,7637.62,7553.26,7563.09,0
2018-09-27,7600.35,7657.8,7596.96,7629.57,0
2018-09-28,7612.65,7649.3,7598.69,7627.65,0
2018-10-01,7673.0,7700.56,7627.47,7645.45,0
2018-10-02,7632.37,7685.36,7610.25,7628.28,0
2018-10-03,7663.09,7676.9,7625.6,7637.43,0
2018-10-04,7603.01,7608.24,7436.26,7490.0,0
2018-10-05,7482.04,7510.45,7327.44,7399.01,0
2018-10-08,7356.54,7415.54,7267.02,7352.82,0
2018-10-09,7352.44,7430.36,7339.86,7371.62,0
2018-10-10,7319.81,7329.24,7042.06,7044.5,0
2018-10-11,7013.48,7120.1,6892.89,6964.03,0
2018-10-12,7150.21,7179.04,7019.89,7157.21,0
2018-10-15,7129.31,7144.16,7047.47,7068.67,0
2018-10-16,7141.67,7291.26,7133.29,7276.43,0
2018-10-17,7310.0,7311.85,7205.76,7278.63,0
2018-10-18,7250.92,7251.54,7081.89,7116.09,0
2018-10-19,7169.45,7227.96,7080.74,7107.23,0
2018-10-22,7146.03,7193.72,7088.9,7141.21,0
2018-10-23,7002.69,7149.13,6933.56,7118.67,0
2018-10-24,7101.85,7117.34,6777.47,6789.15,0
2018-10-25,6891.27,7063.92,6866.75,7016.39,0
2018-10-26,6804.69,6976.94,6743.78,6852.4,0
2018-10-29,6954.69,6973.19,6574.75,6713.9,0
2018-10-30,6673.84,6816.27,6652.53,6810.12,0
2018-10-31,6933.11,7030.51,6924.09,6967.1,0
2018-11-01,6980.79,7071.84,6932.21,7069.17,0
2018-11-02,7042.3,7085.27,6909.07,6965.29,0
2018-11-05,6946.15,6952.93,6859.8,6937.09,0
2018-11-06,6939.13,7024.78,6928.0,6988.85,0
2018-11-07,7068.5,7205.96,7057.71,7203.13,0
2018-11-08,7176.19,7192.32,7125.14,7158.59,0
2018-11-09,7095.45,7104.39,6982.89,7039.15,0
2018-11-12,6990.37,6998.8,6819.38,6829.1,0
2018-11-13,6858.59,6951.44,6811.68,6830.91,0
2018-11-14,6896.2,6916.09,6736.18,6769.87,0
2018-11-15,6750.63,6908.83,6702.42,6890.45,0
2018-11-16,6823.03,6898.13,6797.43,6867.02,0
2018-11-19,6832.25,6841.44,6623.37,6642.92,0
2018-11-20,6475.68,6614.01,6442.36,6526.96,0
2018-11-21,6608.12,6639.37,6566.31,6575.66,0
2018-11-23,6525.02,6591.56,6524.55,6527.35,0
2018-11-26,6616.79,6679.91,6590.89,6678.34,0
2018-11-27,6639.39,6715.41,6609.08,6701.04,0
2018-11-28,6756.13,6914.79,6713.29,6913.33,0
2018-11-29,6890.84,6938.02,6839.45,6892.4,0
2018-11-30,6902.24,6951.13,6872.29,6949.01,0
2018-12-03,7106.84,7107.0,7013.2,7062.13,0
2018-12-04,7026.81,7045.68,6785.85,6795.21,0
2018-12-06,6652.13,6840.5,6630.82,6838.85,0
2018-12-07,6806.63,6849.38,6594.54,6613.27,0
2018-12-10,6603.36,6710.39,6534.33,6682.74,0
2018-12-11,6782.41,6788.47,6650.83,6704.24,0
2018-12-12,6800.55,6867.66,6761.78,6763.96,0
2018-12-13,6805.7,6833.78,6724.04,6767.97,0
2018-12-14,6679.91,6710.41,6585.31,6594.96,0
2018-12-17,6571.0,6621.63,6399.55,6448.39,0
2018-12-18,6503.12,6551.04,6434.6,6491.52,0
2018-12-19,6480.31,6575.39,6284.72,6342.97,0
2018-12-20,6312.72,6380.97,6161.85,6243.19,0
2018-12-21,6293.05,6308.31,6013.98,6046.56,0
2018-12-24,5994.08,6075.17,5895.12,5899.35,0
2018-12-26,5969.08,6263.82,5921.86,6262.77,0
2018-12-27,6168.6,6291.99,6043.45,6288.3,0
2018-12-28,6326.62,6388.36,6233.69,6285.27,0
2018-12-31,6354.84,6365.39,6273.94,6329.96,0
2019-01-02,6198.68,6394.74,6198.68,6360.87,0
2019-01-03,6274.76,6292.68,6139.4,6147.13,0
2019-01-04,6250.05,6445.2,6234.59,6422.67,0
2019-01-07,6434.55,6521.44,6412.98,6488.25,0
2019-01-08,6555.91,6574.73,6457.0,6551.85,0
2019-01-09,6576.54,6631.06,6549.44,6600.69,0
2019-01-10,6551.05,6625.11,6517.54,6620.94,0
2019-01-11,6579.89,6604.56,6562.04,6601.4,0
2019-01-14,6536.37,6566.87,6512.64,6541.04,0
2019-01-15,6571.15,6674.53,6567.32,6669.64,0
2019-01-16,6677.38,6720.41,6665.05,6668.56,0
2019-01-17,6646.19,6747.28,6637.1,6718.45,0
2019-01-18,6771.52,6816.23,6727.94,6784.61,0
2019-01-22,6736.65,6738.57,6603.56,6646.81,0
2019-01-23,6689.08,6712.86,6584.5,6658.76,0
2019-01-24,6680.34,6710.73,6656.52,6702.55,0
2019-01-25,6755.67,6800.97,6733.32,6787.37,0
2019-01-28,6691.84,6697.53,6644.31,6697.09,0
2019-01-29,6695.71,6701.47,6613.42,6632.79,0
2019-01-30,6708.56,6826.92,6688.33,6807.91,0
2019-01-31,6840.93,6936.34,6837.92,6906.84,0
2019-02-01,6872.73,6921.95,6857.31,6875.52,0
2019-02-04,6876.56,6960.97,6872.6,6959.96,0
2019-02-05,6969.37,7029.77,6967.94,7023.52,0
2019-02-06,7023.89,7034.94,6969.83,6997.62,0
2019-02-07,6934.33,6954.77,6854.35,6904.98,0
2019-02-08,6843.33,6914.56,6836.7,6913.13,0
2019-02-11,6941.26,6958.33,6893.8,6909.18,0
2019-02-12,6960.55,7021.76,6948.33,7014.67,0
2019-02-13,7038.32,7062.58,7009.73,7015.88,0
2019-02-14,6986.51,7047.88,6969.69,7022.42,0
2019-02-15,7066.38,7073.99,7022.3,7055.18,0
2019-02-19,7033.37,7089.1,7032.78,7066.61,0
2019-02-20,7070.24,7096.15,7027.37,7062.34,0
2019-02-21,7047.08,7063.07,7001.8,7035.16,0
2019-02-22,7055.2,7094.29,7050.01,7090.63,0
2019-02-25,7144.34,7161.73,7111.78,7115.43,0
2019-02-26,7098.97,7144.65,7087.14,7123.22,0
2019-02-27,7095.75,7125.78,7045.41,7117.0,0
2019-02-28,7093.2,7125.92,7081.92,7097.53,0
2019-03-01,7152.08,7159.96,7101.07,7151.57,0
2019-03-04,7193.88,7205.94,7073.4,7150.83,0
2019-03-05,7156.66,7178.3,7120.69,7156.79,0
2019-03-06,7156.24,7162.24,7104.55,7112.47,0
2019-03-07,7089.63,7097.91,7001.81,7026.88,0
2019-03-08,6940.9,7018.92,6940.72,7015.69,0
2019-03-11,7050.05,7166.92,7049.56,7164.02,0
2019-03-12,7176.23,7219.41,7166.95,7201.28,0
2019-03-13,7231.05,7292.86,7229.88,7256.98,0
2019-03-14,7257.31,7267.94,7240.96,7243.01,0
2019-03-15,7274.14,7331.29,7265.63,7306.99,0
2019-03-18,7311.63,7348.69,7293.85,7326.28,0
2019-03-19,7357.58,7390.29,7321.93,7349.28,0
2019-03-20,7348.99,7422.75,7318.42,7380.75,0
2019-03-21,7356.94,7505.41,7356.94,7493.27,0
2019-03-22,7458.44,7482.35,7323.52,7326.06,0
2019-03-25,7299.93,7342.51,7265.28,7316.96,0
2019-03-26,7378.23,7417.26,7314.38,7351.15,0
2019-03-27,7364.47,7376.99,7252.06,7308.19,0
2019-03-28,7325.06,7346.04,7277.69,7320.47,0
2019-03-29,7377.77,7381.69,7333.17,7378.77,0
2019-04-01,7450.81,7481.84,7422.44,7478.42,0
2019-04-02,7473.51,7507.05,7461.51,7499.64,0
2019-04-03,7538.17,7589.69,7520.4,7544.97,0
2019-04-04,7542.16,7571.13,7496.3,7540.57,0
2019-04-05,7564.27,7581.9,7554.91,7578.84,0
2019-04-08,7565.06,7602.08,7536.42,7599.74,0
2019-04-09,7571.88,7596.75,7555.62,7568.49,0
2019-04-10,7581.39,7613.41,7573.28,7611.49,0
2019-04-11,7621.4,7621.4,7580.71,7594.89,0
2019-04-12,7624.15,7630.52,7596.56,7628.15,0
2019-04-15,7630.6,7636.8,7578.54,7629.12,0
2019-04-16,7651.19,7670.4,7631.64,7654.73,0
2019-04-17,7705.32,7715.07,7659.85,7680.72,0
2019-04-18,7688.93,7694.18,7647.4,7689.72,0
2019-04-22,7658.37,7715.33,7653.89,7713.49,0
2019-04-23,7724.17,7819.34,7719.09,7810.71,0
2019-04-24,7813.02,7827.05,7783.59,7784.41,0
2019-04-25,7850.71,7851.97,7778.23,7816.92,0
2019-04-26,7791.15,7826.89,7742.6,7826.68,0
2019-04-29,7825.64,7851.85,7812.97,7839.04,0
2019-04-30,7769.3,7792.32,7726.07,7781.46,0
2019-05-01,7828.14,7851.03,7749.74,7751.85,0
2019-05-02,7751.64,7791.51,7672.54,7724.06,0
2019-05-03,7784.29,7847.52,7772.44,7845.73,0
2019-05-06,7662.92,7804.54,7662.92,7794.09,0
2019-05-07,7713.49,7743.06,7572.61,7640.15,0
2019-05-08,7623.32,7678.82,7593.75,7617.55,0
2019-05-09,7525.81,7605.03,7472.71,7582.75,0
2019-05-10,7556.04,7623.01,7426.75,7586.53,0
2019-05-13,7385.55,7433.92,7303.64,7324.13,0
2019-05-14,7366.64,7449.03,7337.94,7401.88,0
2019-05-15,7354.82,7524.22,7353.9,7503.25,0
2019-05-16,7509.9,7627.03,7502.76,7580.14,0
2019-05-17,7513.15,7605.67,7496.92,7503.68,0
2019-05-20,7391.73,7424.59,7351.92,7376.7,0
2019-05-21,7442.31,7472.71,7417.07,7451.02,0
2019-05-22,7413.84,7458.11,7410.71,7420.66,0
2019-05-23,7331.67,7337.47,7261.46,7307.93,0
2019-05-24,7353.97,7371.3,7294.1,7300.96,0
2019-05-28,7321.27,7362.29,7274.7,7278.38,0
2019-05-29,7222.55,7254.2,7176.67,7216.86,0
2019-05-30,7234.83,7262.77,7204.42,7245.4,0
2019-05-31,7148.71,7183.23,7125.97,7127.96,0
2019-06-03,7110.34,7126.43,6936.68,6978.02,0
2019-06-04,7056.18,7169.79,7023.09,7166.75,0
2019-06-05,7230.81,7235.23,7146.43,7220.9,0
2019-06-06,7229.86,7293.22,7201.59,7275.93,0
2019-06-07,7315.33,7445.99,7309.01,7417.29,0
2019-06-10,7472.6,7573.0,7468.17,7501.93,0
2019-06-11,7584.75,7595.57,7489.99,7513.85,0
2019-06-12,7493.55,7507.52,7459.2,7472.29,0
2019-06-13,7500.85,7530.91,7487.09,7510.68,0
2019-06-14,7476.47,7500.74,7454.87,7479.11,0
2019-06-17,7500.28,7546.99,7492.17,7526.52,0
2019-06-18,7606.61,7689.08,7595.59,7635.4,0
2019-06-19,7652.52,7681.56,7606.28,7667.74,0
2019-06-20,7770.17,7770.61,7681.43,7738.05,0
2019-06-21,7719.42,7772.53,7708.25,7728.78,0
2019-06-24,7737.0,7746.68,7720.78,7723.02,0
2019-06-25,7720.91,7723.04,7584.17,7591.54,0
2019-06-26,7642.92,7688.64,7616.91,7627.05,0
2019-06-27,7656.68,7672.98,7636.72,7657.05,0
2019-06-28,7674.52,7682.26,7639.44,7671.07,0
2019-07-01,7816.56,7820.81,7735.67,7768.14,0
2019-07-02,7763.03,7800.47,7746.01,7799.82,0
2019-07-03,7819.06,7857.69,7811.29,7857.69,0
2019-07-05,7806.07,7854.71,7774.59,7841.3,0
2019-07-08,7790.46,7792.2,7756.11,7785.79,0
2019-07-09,7748.29,7833.92,7748.23,7826.86,0
2019-07-10,7869.73,7923.93,7858.68,7903.4,0
2019-07-11,7918.65,7934.6,7873.16,7896.78,0
2019-07-12,7908.58,7944.08,7900.39,7943.24,0
2019-07-15,7961.07,7969.79,7940.45,7966.93,0
2019-07-16,7958.44,7965.76,7904.95,7927.08,0
2019-07-17,7927.91,7941.1,7887.98,7888.76,0
2019-07-18,7850.12,7912.33,7827.49,7904.13,0
2019-07-19,7944.86,7950.22,7832.39,7834.9,0
2019-07-22,7862.38,7918.47,7862.27,7905.12,0
2019-07-23,7946.05,7955.09,7895.05,7954.56,0
2019-07-24,7928.78,8010.83,7926.99,8010.6,0
2019-07-25,7979.14,7983.96,7921.21,7929.87,0
2019-07-26,7992.13,8027.18,7986.72,8016.95,0
2019-07-29,8010.05,8010.05,7939.98,7989.08,0
2019-07-30,7927.56,7983.11,7923.45,7952.47,0
2019-07-31,7972.76,7979.2,7774.93,7848.78,0
2019-08-01,7866.6,8000.94,7769.02,7801.15,0
2019-08-02,7740.91,7755.09,7645.18,7692.8,0
2019-08-05,7510.02,7528.9,7356.27,7415.69,0
2019-08-06,7492.02,7541.74,7432.31,7521.32,0
2019-08-07,7436.14,7569.9,7386.39,7551.9,0
2019-08-08,7608.03,7726.46,7576.82,7724.83,0
2019-08-09,7684.56,7709.5,7591.14,7646.27,0
2019-08-12,7597.19,7623.44,7528.95,7561.68,0
2019-08-13,7553.43,7778.34,7553.33,7728.15,0
2019-08-14,7594.64,7621.7,7480.58,7490.13,0
2019-08-15,7503.14,7523.5,7429.36,7484.89,0
2019-08-16,7548.9,7622.73,7548.9,7604.11,0
2019-08-19,7715.41,7740.74,7688.09,7719.32,0
2019-08-20,7708.31,7731.31,7664.21,7664.47,0
2019-08-21,7731.75,7754.66,7706.57,7733.22,0
2019-08-22,7750.98,7764.79,7649.28,7707.43,0
2019-08-23,7658.48,7722.43,7442.93,7464.99,0
2019-08-26,7540.69,7577.77,7506.17,7575.02,0
2019-08-27,7630.46,7640.68,7531.96,7566.03,0
2019-08-28,7536.7,7598.15,7500.22,7587.9,0
2019-08-29,7678.69,7723.94,7654.31,7702.31,0
2019-08-30,7743.23,7747.08,7642.9,7691.0,0
2019-09-03,7634.03,7670.17,7584.82,7609.51,0
2019-09-04,7683.78,7724.91,7663.64,7719.25,0
2019-09-05,7803.45,7879.97,7803.45,7862.54,0
2019-09-06,7868.87,7874.99,7835.89,7852.54,0
2019-09-09,7876.4,7877.41,7795.86,7832.4,0
2019-09-10,7793.28,7817.58,7743.61,7814.74,0
2019-09-11,7820.71,7888.34,7812.07,7887.58,0
2019-09-12,7931.96,7975.33,7907.33,7917.34,0
2019-09-13,7903.73,7923.41,7879.59,7892.95,0
2019-09-16,7833.73,7868.74,7831.76,7852.41,0
2019-09-17,7849.88,7891.21,7840.99,7888.79,0
2019-09-18,7877.58,7891.17,7791.58,7888.56,0
2019-09-19,7904.39,7950.21,7888.31,7901.79,0
2019-09-20,7901.46,7920.53,7794.27,7823.55,0
2019-09-23,7815.23,7842.98,7790.29,7818.61,0
2019-09-24,7855.97,7873.25,7684.8,7710.04,0
2019-09-25,7706.5,7822.43,7647.63,7803.54,0
2019-09-26,7794.28,7798.12,7718.69,7771.99,0
2019-09-27,7786.03,7790.8,7626.82,7681.58,0
2019-09-30,7705.97,7761.84,7693.49,7749.45,0
2019-10-01,7782.82,7821.72,7675.42,7684.14,0
2019-10-02,7627.59,7631.34,7513.69,7550.79,0
2019-10-03,7557.19,7640.42,7463.57,7638.39,0
2019-10-04,7677.33,7759.36,7670.92,7754.1,0
2019-10-07,7725.68,7784.79,7712.68,7725.13,0
2019-10-08,7671.38,7707.17,7603.76,7604.27,0
2019-10-09,7678.66,7717.94,7655.48,7690.53,0
2019-10-10,7688.42,7772.68,7682.61,7740.36,0
2019-10-11,7835.93,7904.05,7831.11,7843.87,0
2019-10-14,7834.74,7865.67,7827.16,7842.33,0
2019-10-15,7867.96,7960.14,7863.65,7942.85,0
2019-10-16,7911.99,7941.76,7898.31,7920.21,0
2019-10-17,7976.64,7981.14,7914.94,7942.14,0
2019-10-18,7938.3,7946.81,7829.75,7868.49,0
2019-10-21,7911.58,7941.48,7887.74,7940.33,0
2019-10-22,7968.25,7977.01,7871.98,7874.62,0
2019-10-23,7858.48,7890.21,7845.09,7889.47,0
2019-10-24,7956.23,7969.66,7912.72,7966.72,0
2019-10-25,7926.6,8033.29,7926.6,8029.22,0
2019-10-28,8071.39,8119.73,8070.9,8110.67,0
2019-10-29,8101.55,8108.61,8045.64,8047.51,0
2019-10-30,8056.9,8096.33,8017.92,8083.11,0
2019-10-31,8100.62,8110.44,8041.65,8083.83,0
2019-11-01,8121.95,8161.98,8111.73,8161.17,0
2019-11-04,8218.93,8228.33,8197.32,8210.66,0
2019-11-05,8225.35,8229.09,8191.05,8210.18,0
2019-11-06,8204.34,8204.34,8157.36,8196.03,0
2019-11-07,8237.68,8271.82,8198.91,8219.65,0
2019-11-08,8208.37,8256.29,8186.31,8255.89,0
2019-11-11,8212.37,8245.89,8202.36,8241.91,0
2019-11-12,8249.62,8293.18,8238.33,8263.79,0
2019-11-13,8235.68,8274.61,8233.38,8259.81,0
2019-11-14,8238.85,8264.94,8212.59,8257.83,0
2019-11-15,8303.84,8315.9,8284.2,8315.52,0
2019-11-18,8303.22,8340.41,8274.68,8328.48,0
2019-11-19,8357.43,8357.8,8308.28,8338.74,0
2019-11-20,8315.55,8339.26,8226.25,8283.75,0
2019-11-21,8273.95,8282.33,8242.22,8265.62,0
2019-11-22,8287.25,8292.11,8229.49,8272.05,0
2019-11-25,8309.55,8372.82,8309.55,8371.93,0
2019-11-26,8374.26,8398.04,8364.11,8385.75,0
2019-11-27,8407.23,8445.61,8399.63,8444.71,0
2019-11-29,8422.02,8435.96,8402.13,8403.68,0
2019-12-02,8409.87,8409.87,8274.61,8309.26,0
2019-12-03,8201.63,8258.4,8167.36,8254.74,0
2019-12-04,8291.86,8316.46,8285.88,8296.53,0
2019-12-05,8321.19,8321.19,8272.83,8308.4,0
2019-12-06,8370.23,8405.85,8365.25,8397.37,0
2019-12-09,8388.75,8425.77,8359.87,8362.74,0
2019-12-10,8364.55,8392.89,8339.37,8354.29,0
2019-12-11,8371.65,8408.08,8361.37,8402.61,0
2019-12-12,8391.91,8493.11,8380.09,8466.89,0
2019-12-13,8461.42,8517.52,8441.88,8487.71,0
2019-12-16,8544.26,8584.78,8542.42,8570.33,0
2019-12-17,8586.33,8592.45,8564.15,8575.7,0
2019-12-18,8587.2,8608.1,8578.56,8580.62,0
2019-12-19,8592.68,8642.74,8592.68,8641.29,0
2019-12-20,8666.57,8687.66,8656.48,8678.49,0
2019-12-23,8703.06,8710.9,8690.14,8696.01,0
2019-12-24,8705.3,8708.22,8684.12,8699.51,0
2019-12-26,8717.95,8778.33,8716.03,8778.31,0
2019-12-27,8805.86,8811.1,8749.86,8770.98,0
2019-12-30,8766.39,8768.29,8671.92,8709.73,0
2019-12-31,8681.33,8735.43,8674.38,8733.07,0
2020-01-02,8802.22,8873.63,8786.9,8872.22,0
2020-01-03,8755.17,8843.65,8755.17,8793.9,0
2020-01-06,8713.89,8849.98,8713.89,8848.52,0
2020-01-07,8857.14,8872.47,8821.68,8846.45,0
2020-01-08,8845.45,8953.55,8834.94,8912.37,0
2020-01-09,8990.04,9004.55,8938.53,8989.63,0
2020-01-10,9021.88,9024.87,8951.83,8966.64,0
2020-01-13,9007.94,9071.53,8991.35,9070.65,0
2020-01-14,9068.02,9080.16,9020.92,9033.42,0
2020-01-15,9039.31,9078.87,9008.95,9035.67,0
2020-01-16,9088.08,9126.07,9066.31,9125.0,0
2020-01-17,9159.48,9176.47,9118.98,9173.73,0
2020-01-21,9145.64,9187.42,9141.78,9166.63,0
2020-01-22,9212.35,9242.48,9179.27,9188.57,0
2020-01-23,9186.14,9221.13,9145.23,9216.98,0
2020-01-24,9266.35,9272.37,9101.44,9141.47,0
2020-01-27,8913.16,9001.44,8910.97,8952.18,0
2020-01-28,9013.23,9111.32,8994.28,9090.93,0
2020-01-29,9141.52,9153.08,9067.29,9101.61,0
2020-01-30,9038.92,9140.69,9019.72,9136.09,0
2020-01-31,9142.53,9170.22,8961.59,8991.51,0
2020-02-03,9033.52,9148.5,9031.07,9126.23,0
2020-02-04,9256.94,9352.96,9224.86,9334.06,0
2020-02-05,9441.34,9442.75,9311.88,9367.48,0
2020-02-06,9395.69,9448.72,9357.86,9445.92,0
2020-02-07,9397.77,9453.24,9376.91,9401.1,0
2020-02-10,9373.2,9517.74,9373.2,9516.84,0
2020-02-11,9567.81,9600.05,9493.63,9517.86,0
2020-02-12,9569.82,9615.9,9552.03,9613.2,0
2020-02-13,9540.67,9636.41,9532.74,9595.7,0
2020-02-14,9613.88,9634.75,9583.08,9623.58,0
2020-02-18,9567.27,9647.72,9567.27,9629.8,0
2020-02-19,9683.94,9736.57,9676.07,9718.73,0
2020-02-20,9696.66,9714.23,9513.23,9627.83,0
2020-02-21,9582.54,9594.0,9406.38,9446.69,0
2020-02-24,9055.3,9194.91,9028.87,9079.63,0
2020-02-25,9167.33,9183.78,8807.11,8834.87,0
2020-02-26,8883.01,9032.87,8813.92,8873.76,0
2020-02-27,8632.54,8786.68,8430.53,8436.67,0
2020-02-28,8133.85,8490.47,8133.85,8461.83,0
2020-03-02,8569.91,8879.39,8446.5,8877.98,0
2020-03-03,8892.68,9000.46,8516.58,8594.49,0
2020-03-04,8745.64,8952.11,8669.76,8949.28,0
2020-03-05,8713.19,8864.19,8613.91,8671.66,0
2020-03-06,8395.95,8571.88,8319.9,8530.34,0
2020-03-09,7912.14,8241.77,7912.14,7948.03,0
2020-03-10,8213.97,8376.44,7942.13,8372.27,0
2020-03-11,8166.26,8224.73,7900.99,8006.12,0
2020-03-12,7452.76,7808.31,7255.61,7263.65,0
2020-03-13,7683.04,7998.51,7301.88,7995.26,0
2020-03-16,7502.26,7563.45,6993.61,7020.38,0
2020-03-17,7198.53,7550.13,6959.15,7473.95,0
2020-03-18,7023.86,7336.88,6837.53,7175.18,0
2020-03-19,7190.21,7514.13,7037.47,7288.52,0
2020-03-20,7391.22,7487.83,6969.77,6994.29,0
2020-03-23,6952.71,7145.29,6771.91,7006.92,0
2020-03-24,7348.99,7555.91,7304.39,7553.82,0
2020-03-25,7543.96,7777.61,7390.41,7469.62,0
2020-03-26,7549.83,7913.11,7549.83,7897.13,0
2020-03-27,7657.44,7817.74,7580.22,7588.37,0
2020-03-30,7678.83,7902.09,7651.43,7889.01,0
2020-03-31,7855.74,8011.6,7765.45,7813.5,0
2020-04-01,7582.78,7701.68,7423.97,7486.29,0
2020-04-02,7445.88,7641.86,7432.28,7635.66,0
2020-04-03,7631.57,7673.49,7439.78,7528.11,0
2020-04-06,7819.06,8110.66,7763.09,8081.66,0
2020-04-07,8287.48,8305.59,8043.07,8049.31,0
2020-04-08,8134.3,8254.41,8058.41,8229.54,0
2020-04-09,8284.31,8334.23,8167.93,8238.53,0
2020-04-13,8209.68,8338.15,8158.58,8332.74,0
2020-04-14,8489.27,8708.55,8470.74,8692.16,0
2020-04-15,8548.47,8666.24,8500.56,8591.96,0
2020-04-16,8689.09,8793.35,8605.51,8757.83,0
2020-04-17,8876.66,8879.24,8704.38,8832.41,0
2020-04-20,8742.54,8855.18,8725.32,8726.51,0
2020-04-21,8639.74,8663.09,8359.84,8403.0,0
2020-04-22,8575.57,8708.48,8550.61,8664.63,0
2020-04-23,8693.73,8796.49,8624.63,8641.5,0
2020-04-24,8666.57,8791.36,8599.99,8786.6,0
2020-04-27,8865.58,8887.62,8803.88,8837.66,0
2020-04-28,8913.28,8918.38,8668.67,8677.6,0
2020-04-29,8871.04,9025.82,8832.0,8982.76,0
2020-04-30,9005.24,9023.03,8920.42,9000.51,0
2020-05-01,8791.88,8887.58,8688.58,8718.18,0
2020-05-04,8683.94,8840.33,8665.4,8834.11,0
2020-05-05,8922.39,9031.0,8900.57,8930.62,0
2020-05-06,8997.02,9065.58,8950.89,8984.86,0
2020-05-07,9104.67,9136.18,9045.23,9101.88,0
2020-05-08,9165.7,9224.49,9126.97,9220.35,0
2020-05-11,9155.21,9346.27,9155.21,9298.92,0
2020-05-12,9326.06,9354.45,9109.09,9112.45,0
2020-05-13,9123.69,9209.49,8890.16,9000.08,0
2020-05-14,8946.45,9097.75,8860.77,9094.43,0
2020-05-15,8976.29,9157.46,8958.08,9152.64,0
2020-05-18,9281.36,9367.54,9248.78,9331.93,0
2020-05-19,9326.28,9422.9,9296.25,9298.54,0
2020-05-20,9415.25,9498.28,9412.83,9485.02,0
2020-05-21,9487.63,9515.05,9361.83,9377.99,0
2020-05-22,9363.68,9421.93,9325.07,9413.99,0
2020-05-26,9570.53,9570.53,9379.9,9389.98,0
2020-05-27,9366.63,9445.06,9182.45,9442.05,0
2020-05-28,9404.83,9568.89,9391.84,9416.71,0
2020-05-29,9440.64,9573.55,9379.93,9555.52,0
2020-06-01,9526.43,9609.38,9515.34,9598.89,0
2020-06-02,9603.18,9660.08,9511.88,9657.31,0
2020-06-03,9689.72,9729.69,9648.93,9704.69,0
2020-06-04,9672.17,9741.97,9577.71,9629.66,0
2020-06-05,9673.09,9846.63,9659.45,9824.39,0
2020-06-08,9805.69,9904.52,9753.87,9901.52,0
2020-06-09,9861.18,10006.9,9859.0,9967.17,0
2020-06-10,10037.98,10155.2,10022.44,10094.26,0
2020-06-11,9907.56,9978.19,9586.25,9588.48,0
2020-06-12,9785.58,9849.01,9499.1,9663.77,0
2020-06-15,9517.14,9809.41,9489.58,9776.89,0
2020-06-16,9983.65,10010.89,9801.45,9949.37,0
2020-06-17,9998.86,10058.65,9952.5,9982.48,0
2020-06-18,9972.35,10018.56,9942.11,10012.05,0
2020-06-19,10104.63,10121.67,9937.81,10008.64,0
2020-06-22,10009.0,10134.64,9989.49,10130.33,0
2020-06-23,10192.42,10306.9,10172.07,10209.82,0
2020-06-24,10183.77,10232.42,9943.24,10002.7,0
2020-06-25,10003.5,10110.29,9901.21,10101.83,0
2020-06-26,10087.08,10093.98,9837.74,9849.36,0
2020-06-29,9850.55,9965.08,9742.89,9961.16,0
2020-06-30,9970.21,10185.35,9956.83,10156.85,0
2020-07-01,10160.41,10321.77,10142.75,10279.25,0
2020-07-02,10386.38,10432.55,10328.78,10341.89,0
2020-07-06,10487.7,10625.1,10485.81,10604.06,0
2020-07-07,10595.94,10704.93,10516.63,10524.01,0
2020-07-08,10594.41,10669.13,10528.82,10666.7,0
2020-07-09,10745.87,10785.96,10574.97,10754.59,0
2020-07-10,10751.77,10842.78,10639.48,10836.33,0
2020-07-13,10951.54,11069.26,10574.56,10602.21,0
2020-07-14,10502.85,10701.88,10370.79,10689.52,0
2020-07-15,10752.11,10780.4,10570.96,10701.68,0
2020-07-16,10589.86,10658.9,10495.09,10626.46,0
2020-07-17,10651.59,10680.7,10558.78,10645.22,0
2020-07-20,10672.96,10971.52,10621.9,10952.08,0
2020-07-21,11015.54,11017.43,10800.87,10833.07,0
2020-07-22,10850.92,10910.24,10776.24,10870.75,0
2020-07-23,10853.16,10885.38,10531.21,10580.59,0
2020-07-24,10389.53,10543.42,10313.94,10483.13,0
2020-07-27,10547.11,10689.55,10527.64,10674.38,0
2020-07-28,10644.33,10662.19,10527.43,10532.5,0
2020-07-29,10602.4,10694.88,10587.19,10662.98,0
2020-07-30,10578.62,10737.03,10531.79,10715.51,0
2020-07-31,10886.36,10908.34,10707.4,10905.88,0
2020-08-03,11018.02,11085.5,10997.67,11055.08,0
2020-08-04,11075.04,11097.85,11002.55,11096.54,0
2020-08-05,11107.24,11141.68,11077.7,11125.44,0
2020-08-06,11116.49,11282.23,11090.5,11267.08,0
2020-08-07,11235.23,11276.3,11044.6,11139.39,0
2020-08-10,11153.51,11159.38,10941.87,11085.17,0
2020-08-11,11039.68,11090.92,10855.06,10876.08,0
2020-08-12,10972.07,11190.26,10970.87,11157.72,0
2020-08-13,11174.64,11271.22,11139.64,11178.37,0
2020-08-14,11187.82,11213.27,11106.93,11164.45,0
2020-08-17,11231.97,11306.47,11228.14,11288.57,0
2020-08-18,11339.76,11421.1,11279.08,11399.03,0
2020-08-19,11397.23,11440.22,11303.4,11318.64,0
2020-08-20,11277.05,11497.18,11268.46,11477.05,0
2020-08-21,11476.85,11574.79,11461.53,11555.16,0
2020-08-24,11703.34,11728.09,11535.55,11626.17,0
2020-08-25,11610.58,11723.94,11580.89,11721.81,0
2020-08-26,11779.35,11979.65,11768.0,11971.94,0
2020-08-27,11997.89,12047.99,11842.84,11926.16,0
2020-08-28,11992.68,12018.14,11928.69,11995.85,0
2020-08-31,12017.46,12167.46,12000.11,12110.7,0
2020-09-01,12203.36,12300.44,12132.78,12292.86,0
2020-09-02,12417.45,12439.48,12176.18,12420.54,0
2020-09-03,12195.75,12235.0,11662.11,11771.37,0
2020-09-04,11686.24,11846.18,11145.99,11622.13,0
2020-09-08,11143.91,11400.45,11055.16,11068.26,0
2020-09-09,11308.25,11480.37,11197.13,11395.85,0
2020-09-10,11501.43,11566.34,11095.94,11154.12,0
2020-09-11,11251.19,11280.41,10945.22,11087.4,0
2020-09-14,11250.8,11363.25,11192.82,11277.76,0
2020-09-15,11432.94,11495.4,11367.2,11438.87,0
2020-09-16,11467.9,11486.09,11242.96,11247.6,0
2020-09-17,10965.74,11160.04,10936.8,11080.95,0
2020-09-18,11147.8,11153.97,10769.4,10936.98,0
2020-09-21,10768.01,10984.76,10677.85,10980.22,0
2020-09-22,11082.09,11207.08,10943.26,11186.37,0
2020-09-23,11167.22,11179.59,10806.05,10833.33,0
2020-09-24,10746.35,11026.43,10728.41,10896.47,0
2020-09-25,10910.5,11177.73,10851.68,11151.13,0
2020-09-28,11332.32,11369.4,11243.24,11364.45,0
2020-09-29,11354.7,11396.22,11305.79,11322.95,0
2020-09-30,11328.55,11535.01,11328.55,11418.06,0
2020-10-01,11554.96,11606.73,11488.6,11583.2,0
2020-10-02,11328.85,11479.08,11225.17,11255.69,0
2020-10-05,11345.24,11512.06,11336.07,11509.06,0
2020-10-06,11476.68,11536.42,11256.26,11291.27,0
2020-10-07,11412.65,11519.55,11382.48,11503.19,0
2020-10-08,11576.44,11582.78,11510.24,11550.94,0
2020-10-09,11615.57,11727.6,11600.86,11725.85,0
2020-10-12,11900.12,12204.75,11880.23,12088.11,0
2020-10-13,12131.07,12187.78,12032.75,12083.17,0
2020-10-14,12105.1,12159.21,11913.57,11985.36,0
2020-10-15,11767.27,11928.63,11765.49,11898.57,0
2020-10-16,11952.12,12034.13,11824.14,11852.17,0
2020-10-19,11913.01,11962.47,11606.48,11634.35,0
2020-10-20,11679.08,11801.39,11613.76,11677.84,0
2020-10-21,11686.19,11789.46,11646.47,11665.37,0
2020-10-22,11712.64,11739.22,11529.73,11662.91,0
2020-10-23,11680.72,11693.01,11569.09,11692.57,0
2020-10-26,11584.17,11708.08,11360.73,11504.52,0
2020-10-27,11560.86,11633.49,11503.1,11598.95,0
2020-10-28,11400.48,11426.1,11136.1,11142.76,0
2020-10-29,11214.33,11467.37,11187.08,11350.74,0
2020-10-30,11265.7,11293.76,10960.02,11052.95,0
2020-11-02,11152.48,11222.52,10957.11,11084.76,0
2020-11-03,11155.84,11356.08,11115.55,11279.91,0
2020-11-04,11627.76,11846.46,11564.91,11777.02,0
2020-11-05,12021.77,12117.04,11977.07,12078.07,0
2020-11-06,12044.29,12116.91,11895.5,12091.35,0
2020-11-09,12194.71,12268.66,11818.24,11830.39,0
2020-11-10,11704.46,11761.95,11512.46,11624.29,0
2020-11-11,11734.81,11904.13,11714.32,11892.93,0
2020-11-12,11924.15,11976.89,11786.09,11827.14,0
2020-11-13,11910.62,11957.09,11808.95,11937.84,0
2020-11-16,11925.36,12035.5,11891.85,12013.38,0
2020-11-17,12030.27,12047.13,11964.2,11977.49,0
2020-11-18,11963.36,12027.15,11892.54,11894.71,0
2020-11-19,11863.12,12000.29,11842.66,11985.43,0
2020-11-20,11976.0,12017.42,11903.57,11906.44,0
2020-11-23,11959.89,12001.83,11817.53,11905.94,0
2020-11-24,11952.7,12094.16,11878.31,12079.81,0
2020-11-25,12112.11,12174.99,12081.51,12152.22,0
2020-11-27,12220.37,12306.71,12214.44,12258.21,0
2020-11-30,12278.78,12299.61,12090.93,12268.32,0
2020-12-01,12387.62,12510.02,12338.36,12455.33,0
2020-12-02,12390.58,12472.25,12318.27,12456.41,0
2020-12-03,12469.16,12538.92,12445.36,12467.13,0
2020-12-04,12479.91,12531.21,12450.51,12528.48,0
2020-12-07,12523.57,12610.0,12523.12,12596.47,0
2020-12-08,12574.84,12651.35,12504.97,12635.72,0
2020-12-09,12626.97,12643.24,12311.3,12364.64,0
2020-12-10,12268.47,12447.85,12226.13,12401.74,0
2020-12-11,12327.07,12378.61,12236.8,12375.41,0
2020-12-14,12427.86,12544.31,12426.25,12462.21,0
2020-12-15,12565.28,12596.84,12467.57,12595.92,0
2020-12-16,12607.87,12698.11,12568.71,12668.16,0
2020-12-17,12741.64,12760.97,12685.98,12752.06,0
2020-12-18,12786.92,12793.47,12611.22,12738.18,0
2020-12-21,12575.6,12706.44,12474.03,12690.26,0
2020-12-22,12715.48,12761.23,12606.42,12717.56,0
2020-12-23,12733.75,12737.59,12649.6,12653.14,0
2020-12-24,12668.19,12732.55,12665.8,12711.01,0
2020-12-28,12813.97,12861.91,12747.05,12838.86,0
2020-12-29,12909.86,12925.53,12816.59,12843.49,0
2020-12-30,12900.03,12917.45,12828.79,12845.36,0
2020-12-31,12852.96,12904.09,12804.75,12888.28,0
2021-01-04,12950.22,12950.22,12537.42,12694.66,0
2021-01-05,12663.13,12809.67,12663.13,12802.38,0
2021-01-06,12601.26,12803.29,12569.42,12623.35,0
2021-01-07,12745.41,12966.68,12744.82,12939.57,0
2021-01-08,13037.24,13113.09,12939.73,13105.2,0
2021-01-11,12961.5,13023.21,12883.59,12902.49,0
2021-01-12,12916.1,12957.43,12783.71,12892.09,0
2021-01-13,12911.87,13008.85,12878.02,12973.63,0
2021-01-14,13010.94,13037.05,12886.16,12898.69,0
2021-01-15,12898.09,12941.29,12758.1,12803.93,0
2021-01-19,12921.61,13012.09,12861.3,12996.54,0
2021-01-20,13155.12,13332.26,13138.3,13296.45,0
2021-01-21,13356.7,13433.69,13297.79,13404.99,0
2021-01-22,13356.18,13404.77,13336.9,13366.4,0
2021-01-25,13515.63,13563.7,13205.59,13483.29,0
2021-01-26,13507.47,13536.3,13440.32,13490.19,0
2021-01-27,13371.16,13393.51,13034.14,13112.65,0
2021-01-28,13163.32,13401.85,13150.1,13201.53,0
2021-01-29,13124.7,13167.87,12845.43,12925.38,0
2021-02-01,13067.65,13280.22,12983.1,13248.9,0
2021-02-02,13371.37,13501.23,13363.76,13456.12,0
2021-02-03,13555.03,13561.45,13400.08,13402.37,0
2021-02-04,13454.85,13563.13,13406.44,13560.89,0
2021-02-05,13592.77,13642.96,13527.81,13603.96,0
2021-02-08,13672.33,13698.41,13607.96,13695.02,0
2021-02-09,13667.14,13741.79,13664.7,13687.08,0
2021-02-10,13751.42,13770.91,13531.93,13655.27,0
2021-02-11,13723.63,13747.2,13637.19,13734.35,0
2021-02-12,13695.9,13816.25,13656.78,13807.7,0
2021-02-16,13841.03,13879.77,13726.78,13773.77,0
2021-02-17,13636.15,13713.14,13552.66,13699.71,0
2021-02-18,13556.01,13669.94,13477.17,13637.51,0
2021-02-19,13686.23,13701.69,13545.45,13580.78,0
2021-02-22,13414.04,13447.37,13220.77,13223.74,0
2021-02-23,12982.36,13259.85,12758.12,13194.71,0
2021-02-24,13095.86,13312.42,12971.82,13302.19,0
2021-02-25,13197.75,13294.56,12773.76,12828.31,0
2021-02-26,12958.96,13090.36,12764.34,12909.44,0
2021-03-01,13106.02,13293.78,13051.7,13282.95,0
2021-03-02,13297.76,13301.62,13052.12,13059.95,0
2021-03-03,13020.1,13057.29,12679.89,12683.33,0
2021-03-04,12655.92,12799.08,12314.16,12464.0,0
2021-03-05,12594.16,12700.95,12208.39,12668.51,0
2021-03-08,12629.56,12718.58,12287.57,12299.08,0
2021-03-09,12635.45,12868.52,12592.83,12794.49,0
2021-03-10,12950.25,12979.38,12726.85,12752.07,0
2021-03-11,12960.53,13117.86,12920.01,13052.9,0
2021-03-12,12873.39,12943.58,12778.13,12937.29,0
2021-03-15,12936.13,13085.01,12885.64,13082.54,0
2021-03-16,13156.65,13297.48,13091.78,13152.28,0
2021-03-17,13024.83,13280.29,12950.08,13202.38,0
2021-03-18,13006.29,13040.36,12781.53,12789.14,0
2021-03-19,12792.67,12906.02,12704.07,12866.99,0
2021-03-22,12943.14,13167.46,12943.14,13086.51,0
2021-03-23,13127.17,13180.66,12993.5,13017.79,0
2021-03-24,13072.82,13077.49,12797.85,12798.88,0
2021-03-25,12707.58,12845.66,12627.93,12780.51,0
2021-03-26,12777.27,12992.3,12721.66,12979.12,0
2021-03-29,12950.51,13013.47,12836.6,12965.74,0
2021-03-30,12904.01,12929.46,12798.03,12896.53,0
2021-03-31,12970.33,13167.06,12966.65,13091.44,0
2021-04-01,13268.88,13333.41,13255.82,13329.51,0
2021-04-05,13434.04,13623.6,13420.81,13598.16,0
2021-04-06,13567.2,13660.29,13551.6,13578.46,0
2021-04-07,13553.9,13648.8,13532.63,13616.7,0
2021-04-08,13730.73,13763.18,13703.51,13758.5,0
2021-04-09,13709.67,13849.31,13674.92,13845.05,0
2021-04-12,13792.74,13839.39,13747.63,13819.35,0
2021-04-13,13874.58,14002.53,13874.58,13986.49,0
2021-04-14,13973.82,13990.54,13782.17,13803.91,0
2021-04-15,13934.87,14040.11,13931.01,14026.19,0
2021-04-16,14035.96,14050.38,13966.54,14041.91,0
2021-04-19,13970.83,14025.64,13835.75,13907.67,0
2021-04-20,13891.96,13934.89,13730.59,13809.3,0
2021-04-21,13768.92,13939.7,13717.44,13935.15,0
2021-04-22,13920.88,13954.03,13716.76,13762.36,0
2021-04-23,13794.49,13989.43,13789.45,13941.44,0
2021-04-26,13954.94,14039.4,13919.93,14026.16,0
2021-04-27,14048.13,14048.34,13931.18,13960.28,0
2021-04-28,13953.61,13992.08,13895.15,13901.62,0
2021-04-29,14063.94,14073.48,13836.1,13970.2,0
2021-04-30,13857.79,13969.21,13838.82,13860.76,0
2021-05-03,13923.04,13955.0,13784.66,13799.72,0
2021-05-04,13680.63,13705.38,13396.11,13544.67,0
2021-05-05,13649.12,13676.86,13478.58,13503.37,0
2021-05-06,13490.94,13617.34,13403.46,13613.73,0
2021-05-07,13715.56,13814.65,13669.78,13719.63,0
2021-05-10,13647.73,13648.49,13358.62,13359.08,0
2021-05-11,13102.64,13381.66,13094.76,13351.27,0
2021-05-12,13155.07,13236.89,12967.18,13001.63,0
2021-05-13,13133.73,13226.64,13006.77,13109.15,0
2021-05-14,13238.99,13430.0,13220.19,13312.91,0
2021-05-17,13329.86,13350.14,13196.57,13312.91,0
2021-05-18,13352.26,13400.52,13212.85,13217.68,0
2021-05-19,12998.53,13243.98,12994.35,13237.91,0
2021-05-20,13294.59,13526.01,13293.1,13494.09,0
2021-05-21,13573.22,13573.84,13401.53,13411.74,0
2021-05-24,13504.39,13687.6,13500.12,13641.75,0
2021-05-25,13701.3,13734.41,13614.54,13657.73,0
2021-05-26,13687.71,13726.06,13661.06,13702.74,0
2021-05-27,13686.86,13724.76,13652.13,13657.85,0
2021-05-28,13717.0,13765.8,13684.83,13686.51,0
2021-06-01,13764.27,13773.45,13602.12,13654.59,0
2021-06-02,13655.71,13712.68,13610.16,13675.79,0
2021-06-03,13568.91,13608.54,13469.85,13529.68,0
2021-06-04,13619.79,13784.77,13613.58,13770.77,0
2021-06-07,13744.15,13808.42,13710.11,13802.89,0
2021-06-08,13873.46,13913.4,13746.42,13810.86,0
2021-06-09,13865.51,13900.71,13811.05,13814.94,0
2021-06-10,13834.26,13962.98,13817.83,13960.35,0
2021-06-11,13959.47,13998.65,13934.0,13998.3,0
2021-06-14,14002.14,14129.33,13963.94,14128.2,0
2021-06-15,14120.81,14126.26,14008.93,14030.41,0
2021-06-16,14053.12,14100.11,13843.6,13983.01,0
2021-06-17,13946.7,14205.43,13946.52,14163.81,0
2021-06-18,14125.12,14140.61,14024.6,14049.58,0
2021-06-21,14055.04,14150.91,13967.89,14137.23,0
2021-06-22,14140.3,14288.49,14128.01,14270.42,0
2021-06-23,14275.09,14324.74,14247.58,14274.24,0
2021-06-24,14358.3,14429.14,14337.65,14365.96,0
2021-06-25,14396.63,14401.71,14324.26,14345.18,0
2021-06-28,14401.63,14530.07,14400.59,14524.98,0
2021-06-29,14523.63,14575.19,14481.84,14572.75,0
2021-06-30,14560.07,14582.3,14530.87,14554.8,0
2021-07-01,14530.63,14576.64,14483.42,14560.05,0
2021-07-02,14633.51,14738.14,14626.82,14727.63,0
2021-07-06,14755.15,14797.45,14635.31,14786.36,0
2021-07-07,14889.76,14891.19,14735.75,14810.54,0
2021-07-08,14577.67,14763.67,14551.76,14722.14,0
2021-07-09,14709.32,14838.72,14685.54,14826.09,0
2021-07-12,14878.71,14899.46,14813.79,14877.89,0
2021-07-13,14871.04,15002.28,14843.8,14874.54,0
2021-07-14,14984.86,15001.13,14871.73,14900.44,0
2021-07-15,14903.49,14907.51,14717.55,14794.69,0
2021-07-16,14842.08,14875.97,14667.1,14681.38,0
2021-07-19,14517.96,14578.96,14455.07,14549.09,0
2021-07-20,14601.33,14790.6,14530.78,14728.21,0
2021-07-21,14723.67,14843.17,14710.11,14842.63,0
2021-07-22,14865.46,14941.38,14865.46,14940.17,0
2021-07-23,15004.43,15125.84,14948.04,15111.79,0
2021-07-26,15088.28,15142.35,15048.23,15125.95,0
2021-07-27,15103.01,15107.74,14787.8,14956.97,0
2021-07-28,15005.17,15078.85,14913.55,15018.1,0
2021-07-29,15015.3,15091.96,15004.42,15048.36,0
2021-07-30,14882.39,14990.86,14882.39,14959.9,0
2021-08-02,14959.9,15059.89,14945.13,14963.62,0
2021-08-03,14997.2,15063.66,14864.53,15061.42,0
2021-08-04,15059.16,15117.38,15017.14,15083.39,0
2021-08-05,15105.4,15184.27,15083.83,15181.64,0
2021-08-06,15125.74,15162.34,15063.02,15109.36,0
2021-08-09,15136.14,15154.68,15081.75,15133.11,0
2021-08-10,15157.37,15169.45,15010.16,15053.58,0
2021-08-11,15101.82,15127.78,14972.6,15027.76,0
2021-08-12,15012.6,15097.91,14956.25,15088.98,0
2021-08-13,15101.84,15150.48,15079.3,15136.68,0
2021-08-16,15090.05,15142.03,14931.15,15140.77,0
2021-08-17,15018.94,15062.7,14906.22,15002.83,0
2021-08-18,14975.02,15039.9,14846.51,14857.92,0
2021-08-19,14773.19,15000.19,14773.19,14933.94,0
2021-08-20,14974.06,15103.94,14968.87,15092.57,0
2021-08-23,15140.14,15341.47,15140.14,15312.82,0
2021-08-24,15338.92,15384.42,15319.55,15357.68,0
2021-08-25,15384.83,15404.36,15341.92,15368.92,0
2021-08-26,15348.98,15369.28,15265.23,15278.52,0
2021-08-27,15305.75,15447.03,15292.74,15432.95,0
2021-08-30,15460.93,15620.62,15459.74,15605.09,0
2021-08-31,15601.34,15604.45,15522.78,15582.51,0
2021-09-01,15637.13,15696.42,15603.67,15611.57,0
2021-09-02,15656.28,15681.76,15554.29,15604.25,0
2021-09-03,15578.96,15668.12,15554.97,15652.86,0
2021-09-07,15662.3,15701.4,15610.23,15675.76,0
2021-09-08,15669.01,15669.01,15528.45,15620.85,0
2021-09-09,15639.44,15675.46,15556.74,15561.05,0
2021-09-10,15648.05,15673.5,15433.43,15440.75,0
2021-09-13,15545.66,15562.28,15351.7,15434.5,0
2021-09-14,15505.78,15525.97,15352.06,15382.9,0
2021-09-15,15419.95,15518.95,15316.4,15503.53,0
2021-09-16,15452.67,15539.14,15370.88,15515.91,0
2021-09-17,15481.43,15485.21,15291.04,15333.47,0
2021-09-20,15068.65,15157.26,14821.03,15012.19,0
2021-09-21,15096.97,15139.9,14986.98,15027.77,0
2021-09-22,15073.96,15230.34,15029.9,15176.51,0
2021-09-23,15231.2,15356.92,15199.43,15316.58,0
2021-09-24,15222.97,15345.54,15209.16,15329.68,0
2021-09-27,15205.23,15240.58,15106.45,15204.82,0
2021-09-28,15001.98,15040.57,14758.98,14770.3,0
2021-09-29,14835.51,14914.92,14727.41,14752.89,0
2021-09-30,14830.3,14888.22,14684.55,14689.62,0
2021-10-01,14731.38,14830.84,14555.12,14791.87,0
2021-10-04,14713.6,14727.6,14384.93,14472.12,0
2021-10-05,14533.43,14763.64,14520.23,14674.15,0
2021-10-06,14529.89,14775.64,14499.48,14766.75,0
2021-10-07,14899.07,15010.32,14878.22,14897.13,0
2021-10-08,14942.36,14948.35,14805.5,14820.75,0
2021-10-11,14765.69,14907.57,14709.05,14713.73,0
2021-10-12,14772.29,14784.78,14636.33,14662.11,0
2021-10-13,14751.8,14800.83,14676.58,14774.6,0
2021-10-14,14925.58,15059.89,14901.59,15052.42,0
2021-10-15,15106.97,15150.14,15064.59,15146.92,0
2021-10-18,15091.58,15307.51,15074.71,15300.89,0
2021-10-19,15349.45,15414.97,15320.62,15410.72,0
2021-10-20,15448.0,15457.11,15333.43,15388.71,0
2021-10-21,15365.81,15497.58,15350.5,15489.59,0
2021-10-22,15422.07,15474.28,15291.95,15355.07,0
2021-10-25,15417.25,15555.65,15338.49,15514.19,0
2021-10-26,15615.36,15710.79,15518.59,15559.49,0
2021-10-27,15603.16,15729.75,15578.68,15598.39,0
2021-10-28,15674.39,15784.0,15650.01,15778.16,0
2021-10-29,15638.74,15856.9,15638.74,15850.47,0
2021-11-01,15879.61,15910.35,15785.31,15905.28,0
2021-11-02,15885.34,15988.33,15877.27,15972.49,0
2021-11-03,16000.6,16157.6,15950.59,16144.5,0
2021-11-04,16193.22,16387.95,16169.56,16346.24,0
2021-11-05,16397.59,16454.48,16302.06,16359.38,0
2021-11-08,16351.49,16401.93,16314.0,16336.03,0
2021-11-09,16389.99,16401.89,16168.63,16219.94,0
2021-11-10,16087.01,16224.51,15905.28,15985.57,0
2021-11-11,16114.05,16116.25,16019.39,16032.47,0
2021-11-12,16078.13,16218.55,16012.78,16199.89,0
2021-11-15,16227.01,16256.73,16096.37,16189.12,0
2021-11-16,16170.29,16329.5,16156.69,16309.77,0
2021-11-17,16329.07,16398.95,16276.77,16308.07,0
2021-11-18,16398.76,16501.92,16309.51,16482.97,0
2021-11-19,16558.56,16625.86,16523.83,16573.34,0
2021-11-22,16644.77,16764.86,16374.78,16380.98,0
2021-11-23,16330.18,16417.5,16121.7,16306.72,0
2021-11-24,16202.26,16370.56,16106.02,16367.81,0
2021-11-26,16237.41,16302.58,15988.95,16025.58,0
2021-11-29,16263.43,16437.16,16214.56,16399.24,0
2021-11-30,16333.95,16454.56,16073.76,16135.92,0
2021-12-01,16347.96,16427.19,15864.0,15877.72,0
2021-12-02,15791.3,16066.32,15770.92,15990.76,0
2021-12-03,16039.41,16089.61,15543.31,15712.04,0
2021-12-06,15744.91,15898.59,15557.78,15846.16,0
2021-12-07,16139.56,16343.67,16128.44,16325.66,0
2021-12-08,16313.88,16401.1,16250.39,16394.34,0
2021-12-09,16337.81,16413.28,16141.39,16149.57,0
2021-12-10,16278.3,16339.12,16139.0,16331.98,0
2021-12-13,16317.9,16332.63,16075.54,16082.55,0
2021-12-14,15877.65,15995.21,15742.8,15914.9,0
2021-12-15,15908.45,16301.27,15746.94,16289.59,0
2021-12-16,16335.03,16340.53,15802.63,15863.94,0
2021-12-17,15714.54,15960.25,15664.1,15801.46,0
2021-12-20,15566.83,15662.61,15508.74,15627.64,0
2021-12-21,15794.38,15997.61,15617.48,15986.28,0
2021-12-22,15963.54,16186.25,15947.56,16180.14,0
2021-12-23,16203.76,16360.75,16188.02,16308.21,0
2021-12-27,16361.07,16567.64,16361.07,16567.5,0
2021-12-28,16602.92,16607.19,16458.49,16488.66,0
2021-12-29,16510.63,16548.92,16396.16,16491.01,0
2021-12-30,16485.4,16569.62,16415.12,16429.1,0
2021-12-31,16411.26,16464.62,16317.26,16320.08,0
2022-01-03,16395.51,16504.14,16306.64,16501.77,0
2022-01-04,16513.87,16513.87,16151.9,16279.73,0
2022-01-05,16190.55,16249.23,15763.84,15771.78,0
2022-01-06,15675.22,15900.6,15608.57,15765.36,0
2022-01-07,15774.13,15835.0,15526.8,15592.19,0
2022-01-10,15383.18,15627.92,15165.53,15614.43,0
2022-01-11,15582.72,15848.56,15496.91,15844.12,0
2022-01-12,15955.48,16017.39,15815.95,15905.1,0
2022-01-13,15970.09,15990.38,15468.09,15495.62,0
2022-01-14,15396.47,15617.18,15396.47,15611.59,0
2022-01-18,15378.06,15446.3,15182.96,15210.76,0
2022-01-19,15287.25,15382.0,15038.43,15047.84,0
2022-01-20,15176.38,15347.62,14832.69,14846.46,0
2022-01-21,14728.66,14868.45,14432.64,14438.4,0
2022-01-24,14160.91,14532.57,13724.85,14509.58,0
2022-01-25,14237.6,14410.43,14033.81,14149.12,0
2022-01-26,14492.52,14646.54,14006.4,14172.76,0
2022-01-27,14346.46,14419.45,13972.88,14003.11,0
2022-01-28,14091.31,14457.78,13880.48,14454.61,0
2022-01-31,14505.07,14934.52,14442.88,14930.05,0
2022-02-01,14966.6,15034.42,14749.49,15019.68,0
2022-02-02,15173.03,15196.4,14960.85,15139.74,0
2022-02-03,14693.85,14856.51,14471.2,14501.11,0
2022-02-04,14566.28,14832.05,14452.28,14694.35,0
2022-02-07,14716.43,14813.86,14524.63,14571.25,0
2022-02-08,14533.25,14785.22,14485.78,14747.03,0
2022-02-09,14930.99,15057.9,14870.36,15056.96,0
2022-02-10,14770.67,15037.26,14636.62,14705.64,0
2022-02-11,14739.46,14769.64,14194.54,14253.84,0
2022-02-14,14233.4,14400.78,14119.73,14268.59,0
2022-02-15,14482.11,14624.53,14444.46,14620.82,0
2022-02-16,14514.84,14647.79,14399.29,14603.64,0
2022-02-17,14485.08,14497.46,14155.43,14171.74,0
2022-02-18,14207.55,14225.72,13918.76,14009.54,0
2022-02-22,13892.81,14109.26,13720.92,13870.53,0
2022-02-23,14016.94,14035.93,13502.58,13509.43,0
2022-02-24,13065.44,13989.1,13065.44,13974.67,0
2022-02-25,13973.9,14193.0,13850.29,14189.16,0
2022-02-28,14058.61,14296.6,14009.36,14237.81,0
2022-03-01,14197.66,14271.58,13906.92,14005.99,0
2022-03-02,14075.11,14292.72,13962.69,14243.69,0
2022-03-03,14339.7,14342.56,13965.11,14035.21,0
2022-03-04,13957.6,13992.97,13738.61,13837.83,0
2022-03-07,13853.53,13879.1,13314.44,13319.38,0
2022-03-08,13275.23,13663.27,13129.4,13267.6,0
2022-03-09,13610.48,13793.11,13504.48,13742.2,0
2022-03-10,13577.84,13633.69,13399.46,13591.0,0
2022-03-11,13701.8,13714.44,13285.19,13301.83,0
2022-03-14,13248.09,13386.67,13020.4,13046.64,0
2022-03-15,13174.97,13488.18,13092.45,13458.56,0
2022-03-16,13633.12,13960.25,13475.09,13956.78,0
2022-03-17,13878.99,14125.67,13827.34,14118.6,0
2022-03-18,14061.29,14427.47,14014.43,14420.08,0
2022-03-21,14377.15,14470.68,14190.53,14376.09,0
2022-03-22,14396.03,14688.97,14385.55,14654.33,0
2022-03-23,14525.22,14681.33,14446.04,14447.55,0
2022-03-24,14529.72,14767.73,14440.67,14765.69,0
2022-03-25,14766.9,14805.88,14577.59,14754.31,0
2022-03-28,14763.16,14989.08,14705.92,14987.4,0
2022-03-29,15142.93,15265.42,15039.61,15239.32,0
2022-03-30,15177.15,15229.01,15010.34,15071.55,0
2022-03-31,15074.23,15088.38,14835.16,14838.49,0
2022-04-01,14886.91,14925.93,14723.83,14861.21,0
2022-04-04,14903.38,15161.89,14884.57,15159.58,0
2022-04-05,15109.27,15120.67,14782.57,14820.64,0
2022-04-06,14600.3,14639.35,14395.4,14498.88,0
2022-04-07,14469.5,14624.24,14315.69,14531.81,0
2022-04-08,14450.53,14490.19,14307.68,14327.26,0
2022-04-11,14149.6,14187.67,13979.14,13990.21,0
2022-04-12,14175.66,14264.74,13882.75,13940.24,0
2022-04-13,13939.61,14258.81,13919.48,14217.29,0
2022-04-14,14225.47,14235.39,13884.82,13893.21,0
2022-04-18,13859.47,13997.93,13788.96,13910.76,0
2022-04-19,13882.75,14236.51,13844.74,14210.26,0
2022-04-20,14246.2,14263.61,13962.86,13998.53,0
2022-04-21,14174.92,14277.21,13682.68,13720.45,0
2022-04-22,13714.63,13769.4,13342.79,13356.87,0
2022-04-25,13275.41,13541.77,13239.73,13533.22,0
2022-04-26,13447.66,13447.66,13009.65,13009.71,0
2022-04-27,13009.4,13241.94,12936.41,13003.36,0
2022-04-28,13254.96,13542.56,13038.17,13456.06,0
2022-04-29,13274.94,13428.53,12835.48,12854.8,0
2022-05-02,12864.83,13083.57,12716.63,13075.85,0
2022-05-03,13045.35,13178.74,12982.7,13089.9,0
2022-05-04,13110.3,13556.67,12887.53,13535.71,0
2022-05-05,13344.79,13344.79,12710.59,12850.55,0
2022-05-06,12776.86,12926.58,12522.77,12693.53,0
2022-05-09,12465.91,12542.32,12136.19,12187.72,0
2022-05-10,12496.84,12537.89,12173.47,12345.86,0
2022-05-11,12240.21,12470.89,11939.09,11967.56,0
2022-05-12,11790.13,12128.73,11692.12,11945.5,0
2022-05-13,12125.93,12429.28,12069.13,12387.4,0
2022-05-16,12297.07,12395.51,12196.21,12243.58,0
2022-05-17,12496.63,12572.99,12333.99,12564.1,0
2022-05-18,12352.92,12389.96,11887.0,11928.31,0
2022-05-19,11872.56,12066.85,11795.79,11875.63,0
2022-05-20,12037.03,12044.7,11492.29,11835.62,0
2022-05-23,11867.36,12047.81,11785.76,12034.28,0
2022-05-24,11807.78,11842.81,11576.11,11769.84,0
2022-05-25,11732.45,12028.89,11714.27,11943.93,0
2022-05-26,11906.83,12337.73,11901.87,12276.79,0
2022-05-27,12421.8,12682.58,12405.29,12681.42,0
2022-05-31,12688.95,12762.84,12482.32,12642.1,0
2022-06-01,12750.31,12820.47,12457.91,12548.36,0
2022-06-02,12498.63,12897.63,12447.77,12892.89,0
2022-06-03,12650.38,12724.81,12505.76,12548.03,0
2022-06-06,12745.89,12804.46,12534.58,12599.63,0
2022-06-07,12456.49,12737.3,12413.56,12711.68,0
2022-06-08,12682.81,12776.65,12578.55,12615.13,0
2022-06-09,12543.37,12666.41,12265.86,12269.78,0
2022-06-10,12052.59,12082.69,11825.35,11832.82,0
2022-06-13,11472.19,11568.65,11254.18,11288.32,0
2022-06-14,11385.18,11418.22,11205.92,11311.69,0
2022-06-15,11468.13,11751.29,11346.54,11593.77,0
2022-06-16,11286.87,11311.05,11037.21,11127.57,0
2022-06-17,11172.65,11357.97,11089.93,11265.99,0
2022-06-21,11446.98,11638.47,11446.98,11546.76,0
2022-06-22,11427.74,11708.08,11423.2,11527.71,0
2022-06-23,11622.09,11729.62,11515.48,11697.68,0
2022-06-24,11826.95,12112.82,11812.18,12105.85,0
2022-06-27,12157.93,12175.98,11965.67,12008.24,0
2022-06-28,12021.34,12133.87,11633.13,11637.77,0
2022-06-29,11619.01,11710.21,11537.72,11658.26,0
2022-06-30,11532.32,11650.96,11322.86,11503.72,0
2022-07-01,11472.63,11592.85,11378.63,11585.68,0
2022-07-05,11419.34,11781.74,11366.07,11779.9,0
2022-07-06,11807.08,11941.31,11727.36,11852.59,0
2022-07-07,11913.73,12137.71,11897.51,12109.05,0
2022-07-08,11977.95,12179.32,11956.03,12125.69,0
2022-07-11,12008.76,12026.06,11830.88,11860.28,0
2022-07-12,11926.84,11990.44,11684.02,11744.99,0
2022-07-13,11523.91,11819.69,11498.96,11728.53,0
2022-07-14,11637.18,11801.11,11488.27,11768.4,0
2022-07-15,11896.15,11987.52,11828.13,11983.62,0
2022-07-18,12089.68,12156.09,11836.52,11877.5,0
2022-07-19,12046.69,12258.37,11967.92,12249.42,0
2022-07-20,12269.07,12488.39,12232.2,12439.68,0
2022-07-21,12466.13,12620.5,12351.42,12619.41,0
2022-07-22,12575.76,12662.86,12322.82,12396.47,0
2022-07-25,12391.21,12415.59,12244.4,12328.41,0
2022-07-26,12248.21,12259.01,12051.21,12086.9,0
2022-07-27,12299.34,12660.77,12256.94,12601.47,0
2022-07-28,12580.61,12741.83,12433.55,12717.87,0
2022-07-29,12784.2,12986.64,12726.25,12947.97,0
2022-08-01,12877.04,13084.61,12833.16,12940.78,0
2022-08-02,12853.04,13073.27,12809.01,12901.6,0
2022-08-03,12983.58,13289.19,12974.85,13253.26,0
2022-08-04,13253.77,13326.72,13170.44,13311.04,0
2022-08-05,13107.45,13286.02,13070.36,13207.69,0
2022-08-08,13227.09,13394.54,13103.8,13159.16,0
2022-08-09,13064.24,13095.7,12945.6,13008.17,0
2022-08-10,13330.66,13386.85,13220.05,13378.32,0
2022-08-11,13471.03,13555.38,13271.35,13291.99,0
2022-08-12,13384.65,13565.87,13341.65,13565.87,0
2022-08-15,13529.66,13685.65,13524.53,13667.18,0
2022-08-16,13617.66,13720.91,13508.47,13635.21,0
2022-08-17,13499.24,13591.58,13389.82,13470.86,0
2022-08-18,13474.24,13553.28,13405.74,13505.99,0
2022-08-19,13370.25,13402.61,13210.82,13242.9,0
2022-08-22,13056.39,13073.07,12859.82,12890.54,0
2022-08-23,12885.28,13000.71,12852.7,12881.79,0
2022-08-24,12876.23,12995.14,12843.58,12917.86,0
2022-08-25,12984.74,13146.84,12951.61,13143.58,0
2022-08-26,13129.91,13175.25,12603.41,12605.17,0
2022-08-29,12488.46,12594.34,12440.4,12484.32,0
2022-08-30,12562.4,12572.88,12240.82,12342.7,0
2022-08-31,12448.07,12502.15,12268.08,12272.03,0
2022-09-01,12158.88,12290.33,12012.98,12274.62,0
2022-09-02,12392.46,12451.28,12035.53,12098.44,0
2022-09-06,12106.57,12152.42,11928.81,12011.31,0
2022-09-07,12038.18,12298.12,12026.98,12259.39,0
2022-09-08,12139.57,12374.13,12120.26,12321.19,0
2022-09-09,12424.15,12610.43,12424.15,12588.29,0
2022-09-12,12649.23,12752.83,12639.76,12739.72,0
2022-09-13,12364.83,12420.01,12004.42,12033.62,0
2022-09-14,12092.03,12170.25,12016.43,12134.4,0
2022-09-15,12034.43,12153.34,11867.88,11927.49,0
2022-09-16,11775.94,11875.09,11710.26,11861.38,0
2022-09-19,11753.6,11956.79,11752.43,11953.27,0
2022-09-20,11855.84,11951.13,11761.69,11851.54,0
2022-09-21,11892.72,12062.52,11636.25,11637.79,0
2022-09-22,11574.32,11617.99,11448.86,11501.65,0
2022-09-23,11398.75,11402.41,11169.66,11311.24,0
2022-09-26,11283.14,11473.36,11235.74,11254.11,0
2022-09-27,11411.34,11502.38,11175.29,11271.75,0
2022-09-28,11258.74,11546.87,11210.81,11493.83,0
2022-09-29,11334.57,11339.91,11038.94,11164.78,0
2022-09-30,11123.11,11296.16,10966.95,10971.22,0
2022-10-03,11059.17,11296.43,10985.01,11229.73,0
2022-10-04,11477.85,11609.25,11462.37,11582.54,0
2022-10-05,11429.47,11647.62,11312.52,11573.18,0
2022-10-06,11556.4,11660.55,11472.83,11485.5,0
2022-10-07,11272.46,11293.65,10991.66,11039.47,0
2022-10-10,11048.51,11063.21,10824.25,10926.97,0
2022-10-11,10865.32,10981.91,10716.33,10791.35,0
2022-10-12,10810.3,10886.49,10754.85,10785.62,0
2022-10-13,10481.58,11087.66,10440.64,11033.58,0
2022-10-14,11130.08,11152.89,10677.48,10692.06,0
2022-10-17,10967.25,11090.87,10959.74,11062.53,0
2022-10-18,11368.76,11374.38,11035.8,11147.74,0
2022-10-19,11081.82,11231.46,11008.11,11103.38,0
2022-10-20,11081.22,11279.81,11001.28,11046.71,0
2022-10-21,10998.17,11327.77,10962.01,11310.33,0
2022-10-24,11321.11,11468.18,11166.49,11430.26,0
2022-10-25,11482.87,11681.85,11480.41,11669.99,0
2022-10-26,11409.79,11657.06,11388.34,11405.9,0
2022-10-27,11387.71,11417.04,11179.9,11191.63,0
2022-10-28,11176.99,11563.16,11176.99,11546.21,0
2022-10-31,11465.21,11482.99,11331.26,11405.57,0
2022-11-01,11571.53,11574.39,11278.28,11288.95,0
2022-11-02,11300.27,11410.91,10903.48,10906.34,0
2022-11-03,10769.43,10852.18,10680.83,10690.6,0
2022-11-04,10911.98,10934.62,10632.39,10857.03,0
2022-11-07,10900.83,11001.16,10817.59,10977.0,0
2022-11-08,11039.58,11191.9,10897.53,11059.5,0
2022-11-09,10971.43,11012.66,10790.35,10797.55,0
2022-11-10,11350.42,11612.2,11235.74,11605.96,0
2022-11-11,11604.36,11840.07,11535.56,11817.01,0
2022-11-14,11728.11,11863.82,11669.1,11700.94,0
2022-11-15,12006.45,12024.95,11735.4,11871.15,0
2022-11-16,11767.42,11796.99,11673.14,11699.09,0
2022-11-17,11521.64,11737.61,11519.38,11676.86,0
2022-11-18,11791.85,11794.68,11579.64,11677.02,0
2022-11-21,11623.35,11664.94,11524.44,11553.45,0
2022-11-22,11590.83,11731.76,11503.34,11724.84,0
2022-11-23,11725.08,11866.42,11722.01,11838.72,0
2022-11-25,11777.33,11803.91,11748.79,11756.03,0
2022-11-28,11684.07,11764.83,11555.26,11587.75,0
2022-11-29,11590.3,11613.33,11450.34,11503.45,0
2022-11-30,11505.74,12031.34,11481.89,12030.06,0
2022-12-01,12030.24,12115.34,11928.66,12041.89,0
2022-12-02,11845.53,12027.62,11825.53,11994.26,0
2022-12-05,11899.54,11957.36,11732.15,11786.8,0
2022-12-06,11775.2,11790.93,11488.6,11549.69,0
2022-12-07,11490.99,11577.69,11431.96,11497.39,0
2022-12-08,11543.68,11672.14,11470.68,11637.5,0
2022-12-09,11594.38,11707.09,11550.31,11563.33,0
2022-12-12,11572.26,11707.71,11529.41,11706.44,0
2022-12-13,12141.24,12166.41,11724.9,11834.21,0
2022-12-14,11824.54,11941.28,11617.41,11740.92,0
2022-12-15,11573.38,11591.33,11300.35,11345.22,0
2022-12-16,11313.64,11383.39,11175.54,11243.72,0
2022-12-19,11243.0,11251.57,11029.77,11084.59,0
2022-12-20,11023.47,11143.62,10967.07,11072.42,0
2022-12-21,11110.65,11285.77,11083.36,11235.88,0
2022-12-22,11099.36,11114.23,10784.02,10956.14,0
2022-12-23,10911.04,11007.09,10830.9,10985.45,0
2022-12-27,10944.3,10957.44,10807.61,10822.51,0
2022-12-28,10807.12,10898.64,10671.19,10679.34,0
2022-12-29,10800.8,10981.06,10776.62,10951.05,0
2022-12-30,10835.59,10942.9,10778.64,10939.76,0
2023-01-03,11038.42,11093.1,10770.93,10862.64,0
2023-01-04,10949.34,10981.46,10785.53,10914.8,0
2023-01-05,10837.25,10842.33,10728.26,10741.22,0
2023-01-06,10807.45,11082.59,10696.42,11040.35,0
2023-01-09,11133.07,11304.84,11085.32,11108.44,0
2023-01-10,11069.05,11207.56,11050.68,11205.78,0
2023-01-11,11259.16,11403.89,11220.75,11402.52,0
2023-01-12,11441.45,11500.86,11246.02,11459.61,0
2023-01-13,11362.13,11547.96,11347.6,11541.48,0
2023-01-17,11531.54,11615.95,11484.02,11557.19,0
2023-01-18,11636.61,11690.27,11403.31,11410.29,0
2023-01-19,11345.19,11388.46,11251.94,11295.67,0
2023-01-20,11363.85,11623.2,11329.54,11619.03,0
2023-01-23,11652.0,11918.86,11617.83,11872.54,0
2023-01-24,11802.95,11889.37,11780.07,11846.64,0
2023-01-25,11636.01,11841.81,11550.07,11814.69,0
2023-01-26,11972.57,12055.81,11853.37,12051.48,0
2023-01-27,12000.21,12248.15,11999.87,12166.6,0
2023-01-30,12047.16,12087.68,11906.11,11912.39,0
2023-01-31,11915.94,12104.13,11915.94,12101.93,0
2023-02-01,12087.92,12458.87,12010.73,12363.1,0
2023-02-02,12655.18,12880.98,12600.76,12803.14,0
2023-02-03,12520.95,12828.71,12520.95,12573.36,0
2023-02-06,12468.8,12558.87,12411.88,12464.51,0
2023-02-07,12474.95,12771.59,12419.71,12728.27,0
2023-02-08,12680.03,12709.45,12471.11,12495.38,0
2023-02-09,12677.54,12679.54,12327.44,12381.17,0
2023-02-10,12306.59,12375.72,12204.21,12304.92,0
2023-02-13,12356.5,12522.78,12313.45,12502.31,0
2023-02-14,12413.1,12627.4,12356.32,12590.89,0
2023-02-15,12531.6,12689.34,12486.42,12687.89,0
2023-02-16,12495.07,12653.4,12440.0,12442.48,0
2023-02-17,12352.3,12385.52,12233.79,12358.18,0
2023-02-21,12205.21,12257.06,12058.23,12060.3,0
2023-02-22,12085.67,12156.21,12006.04,12066.27,0
2023-02-23,12224.44,12227.4,12003.31,12180.14,0
2023-02-24,11979.8,12018.32,11900.84,11969.65,0
2023-02-27,12106.79,12159.64,12034.61,12057.79,0
2023-02-28,12041.75,12146.52,12021.32,12042.12,0
2023-03-01,12026.72,12054.48,11906.58,11938.57,0
2023-03-02,11830.09,12074.59,11830.09,12044.87,0
2023-03-03,12110.71,12300.46,12095.24,12290.81,0
2023-03-06,12344.65,12466.88,12297.57,12302.48,0
2023-03-07,12303.19,12344.04,12130.01,12152.17,0
2023-03-08,12181.06,12237.72,12102.28,12215.33,0
2023-03-09,12230.84,12340.45,11970.34,11995.88,0
2023-03-10,12001.7,12069.62,11789.86,11830.28,0
2023-03-13,11752.1,12073.95,11695.41,11923.17,0
2023-03-14,12078.46,12217.87,12035.22,12199.79,0
2023-03-15,12083.24,12269.45,12026.18,12251.32,0
2023-03-16,12211.87,12595.69,12190.65,12581.39,0
2023-03-17,12570.16,12674.34,12444.08,12519.88,0
2023-03-20,12487.79,12578.35,12407.82,12562.61,0
2023-03-21,12643.35,12762.45,12582.76,12741.44,0
2023-03-22,12742.41,12943.62,12563.78,12567.15,0
2023-03-23,12735.6,12900.1,12611.67,12729.23,0
2023-03-24,12700.51,12770.28,12608.15,12767.05,0
2023-03-27,12797.9,12839.42,12647.94,12673.07,0
2023-03-28,12654.91,12654.91,12517.87,12610.57,0
2023-03-29,12768.14,12867.32,12734.68,12846.03,0
2023-03-30,12934.99,12987.97,12894.14,12963.14,0
2023-03-31,12968.96,13188.83,12968.0,13181.35,0
2023-04-03,13084.1,13157.47,13036.55,13148.35,0
2023-04-04,13165.32,13204.08,13049.98,13100.07,0
2023-04-05,13056.79,13065.28,12894.44,12967.2,0
2023-04-06,12892.9,13078.1,12846.03,13062.6,0
2023-04-10,12936.52,13051.85,12861.52,13051.23,0
2023-04-11,13040.49,13049.56,12947.66,12964.15,0
2023-04-12,13043.97,13071.98,12833.31,12848.35,0
2023-04-13,12922.9,13124.41,12920.02,13109.39,0
2023-04-14,13044.69,13152.28,12962.51,13079.52,0
2023-04-17,13053.26,13105.68,12981.26,13087.71,0
2023-04-18,13180.31,13196.18,13044.21,13091.79,0
2023-04-19,12992.51,13128.25,12988.2,13088.71,0
2023-04-20,12962.29,13107.92,12933.8,12985.98,0
2023-04-21,12970.32,13030.85,12899.64,13000.77,0
2023-04-24,12981.71,13044.22,12883.77,12969.76,0
2023-04-25,12905.09,12933.28,12724.24,12725.11,0
2023-04-26,12866.64,12929.62,12783.42,12806.48,0
2023-04-27,12963.21,13175.62,12938.5,13160.03,0
2023-04-28,13139.35,13247.39,13096.94,13245.99,0
2023-05-01,13229.11,13287.47,13186.4,13231.47,0
2023-05-02,13225.48,13241.53,13046.79,13113.66,0
2023-05-03,13123.1,13231.71,13026.04,13030.21,0
2023-05-04,13014.07,13064.02,12938.45,12982.48,0
2023-05-05,13070.7,13291.11,13059.91,13259.13,0
2023-05-08,13247.09,13302.43,13193.08,13291.64,0
2023-05-09,13228.64,13254.81,13193.88,13201.11,0
2023-05-10,13308.41,13384.42,13204.79,13347.83,0
2023-05-11,13376.85,13411.7,13306.08,13389.78,0
2023-05-12,13407.02,13427.42,13256.56,13340.18,0
2023-05-15,13352.26,13419.81,13297.85,13413.51,0
2023-05-16,13385.37,13498.44,13384.77,13426.01,0
2023-05-17,13474.52,13608.33,13419.35,13589.26,0
2023-05-18,13608.95,13844.76,13606.81,13834.62,0
2023-05-19,13842.69,13874.42,13763.9,13803.49,0
2023-05-22,13805.33,13893.71,13792.97,13849.74,0
2023-05-23,13773.68,13827.1,13662.91,13672.54,0
2023-05-24,13589.02,13655.73,13520.92,13604.48,0
2023-05-25,13920.89,13986.87,13812.18,13938.53,0
2023-05-26,13990.55,14329.49,13982.16,14298.41,0
2023-05-30,14465.59,14520.17,14301.08,14354.99,0
2023-05-31,14293.56,14375.38,14216.16,14254.09,0
2023-06-01,14269.09,14493.31,14219.94,14441.51,0
2023-06-02,14517.08,14595.81,14442.15,14546.64,0
2023-06-05,14550.13,14662.95,14516.88,14556.5,0
2023-06-06,14526.1,14593.5,14476.99,14558.09,0
2023-06-07,14573.27,14647.91,14283.88,14303.29,0
2023-06-08,14319.24,14503.31,14314.69,14484.54,0
2023-06-09,14574.24,14672.85,14487.48,14528.36,0
2023-06-12,14617.35,14789.6,14571.36,14784.3,0
2023-06-13,14911.26,14931.83,14770.14,14900.85,0
2023-06-14,14894.1,15017.1,14784.62,15005.69,0
2023-06-15,14949.7,15246.62,14930.12,15185.48,0
2023-06-16,15272.65,15284.65,15073.45,15083.92,0
2023-06-20,15036.48,15127.42,14946.72,15070.15,0
2023-06-21,15019.01,15038.9,14826.02,14867.45,0
2023-06-22,14797.89,15044.22,14794.95,15042.32,0
2023-06-23,14879.23,14983.73,14821.81,14891.48,0
2023-06-26,14866.66,14982.82,14687.02,14689.02,0
2023-06-27,14751.57,14972.31,14726.75,14945.91,0
2023-06-28,14876.25,15051.08,14865.81,14964.57,0
2023-06-29,14965.55,14986.89,14876.94,14939.95,0
2023-06-30,15085.24,15213.75,15081.57,15179.21,0
2023-07-03,15190.54,15232.96,15153.6,15208.69,0
2023-07-05,15165.36,15275.18,15162.66,15203.78,0
2023-07-06,15054.1,15106.45,14969.14,15089.45,0
2023-07-07,15070.5,15210.63,15032.56,15036.85,0
2023-07-10,15031.95,15066.44,14924.64,15045.64,0
2023-07-11,15068.13,15135.29,14974.16,15119.06,0
2023-07-12,15279.35,15364.09,15209.71,15307.23,0
2023-07-13,15432.48,15602.74,15420.71,15571.98,0
2023-07-14,15610.0,15720.06,15531.0,15565.6,0
2023-07-17,15608.28,15745.67,15576.51,15713.28,0
2023-07-18,15671.72,15895.68,15607.71,15841.35,0
2023-07-19,15888.16,15932.05,15781.96,15826.35,0
2023-07-20,15717.67,15771.84,15429.87,15466.09,0
2023-07-21,15554.95,15600.54,15410.57,15425.67,0
2023-07-24,15475.15,15504.67,15374.66,15448.02,0
2023-07-25,15483.06,15622.69,15482.04,15561.42,0
2023-07-26,15514.04,15571.16,15411.91,15499.26,0
2023-07-27,15734.03,15795.51,15416.05,15464.93,0
2023-07-28,15630.17,15788.48,15617.75,15750.93,0
2023-07-31,15774.3,15803.55,15702.74,15757.0,0
2023-08-01,15696.98,15748.43,15636.57,15718.01,0
2023-08-02,15561.15,15561.36,15321.44,15370.74,0
2023-08-03,15287.77,15436.59,15270.72,15353.54,0
2023-08-04,15420.74,15523.31,15258.69,15274.92,0
2023-08-07,15355.62,15410.85,15258.92,15407.85,0
2023-08-08,15279.41,15295.8,15148.25,15273.05,0
2023-08-09,15286.99,15288.76,15077.91,15101.71,0
2023-08-10,15217.29,15366.29,15072.49,15128.84,0
2023-08-11,15010.52,15102.53,14973.67,15028.07,0
2023-08-14,14988.42,15206.26,14972.01,15205.59,0
2023-08-15,15172.08,15192.88,15014.36,15037.65,0
2023-08-16,15021.63,15077.05,14874.02,14876.47,0
2023-08-17,14943.34,14949.58,14698.29,14715.81,0
2023-08-18,14589.71,14744.57,14557.83,14694.84,0
2023-08-21,14762.01,14958.87,14739.37,14936.69,0
2023-08-22,15035.07,15037.79,14883.98,14908.96,0
2023-08-23,14947.58,15188.86,14947.58,15148.06,0
2023-08-24,15278.93,15279.24,14814.83,14816.44,0
2023-08-25,14858.93,15001.29,14715.36,14941.83,0
2023-08-28,15035.48,15086.23,14948.92,15052.46,0
2023-08-29,15043.02,15391.56,15034.54,15376.55,0
2023-08-30,15386.67,15484.83,15341.94,15462.43,0
2023-08-31,15475.43,15575.01,15466.41,15501.07,0
2023-09-01,15600.95,15618.85,15429.36,15490.86,0
2023-09-05,15460.52,15556.85,15419.96,15508.24,0
2023-09-06,15467.32,15487.0,15289.48,15371.44,0
2023-09-07,15174.22,15288.2,15138.73,15258.52,0
2023-09-08,15265.57,15374.22,15244.06,15280.23,0
2023-09-11,15409.77,15482.84,15328.35,15461.87,0
2023-09-12,15390.59,15447.85,15278.88,15289.74,0
2023-09-13,15293.27,15414.61,15256.6,15348.53,0
2023-09-14,15433.01,15512.82,15337.18,15473.89,0
2023-09-15,15425.95,15435.45,15173.71,15202.4,0
2023-09-18,15161.17,15268.96,15155.46,15225.37,0
2023-09-19,15152.53,15219.92,15069.41,15191.23,0
2023-09-20,15225.34,15245.19,14967.6,14969.92,0
2023-09-21,14813.48,14849.25,14691.69,14694.24,0
2023-09-22,14756.62,14855.92,14686.84,14701.1,0
2023-09-25,14662.69,14771.12,14615.45,14768.9,0
2023-09-26,14668.45,14678.48,14505.68,14545.83,0
2023-09-27,14600.14,14657.21,14432.6,14580.16,0
2023-09-28,14530.96,14787.58,14510.17,14702.77,0
2023-09-29,14853.35,14901.85,14664.78,14715.24,0
2023-10-02,14717.9,14892.18,14701.52,14837.57,0
2023-10-03,14744.05,14819.87,14504.14,14565.62,0
2023-10-04,14613.23,14803.04,14592.56,14776.25,0
2023-10-05,14769.55,14784.69,14584.39,14723.22,0
2023-10-06,14622.23,15021.38,14575.95,14973.24,0
2023-10-09,14871.57,15070.64,14816.32,15047.15,0
2023-10-10,15074.04,15241.94,15050.54,15131.52,0
2023-10-11,15194.53,15248.22,15119.62,15241.12,0
2023-10-12,15264.11,15333.98,15090.69,15184.1,0
2023-10-13,15225.73,15232.37,14943.42,14995.12,0
2023-10-16,15054.48,15209.5,15047.27,15172.73,0
2023-10-17,15009.26,15187.06,14932.77,15122.01,0
2023-10-18,15022.28,15103.87,14865.81,14909.26,0
2023-10-19,14981.13,15023.91,14749.3,14783.13,0
2023-10-20,14752.59,14781.22,14552.12,14560.88,0
2023-10-23,14514.11,14746.37,14419.06,14604.85,0
2023-10-24,14678.41,14774.16,14610.33,14745.85,0
2023-10-25,14642.08,14643.69,14362.24,14381.64,0
2023-10-26,14314.01,14372.51,14058.33,14109.57,0
2023-10-27,14245.75,14321.04,14130.37,14180.42,0
2023-10-30,14283.98,14388.2,14225.86,14335.51,0
2023-10-31,14340.86,14420.44,14232.4,14409.78,0
2023-11-01,14453.68,14677.86,14441.89,14664.91,0
2023-11-02,14856.95,14930.76,14792.81,14919.55,0
2023-11-03,14985.12,15149.78,14965.29,15099.49,0
2023-11-06,15137.16,15180.19,15064.91,15154.93,0
2023-11-07,15201.77,15335.44,15153.31,15296.02,0
2023-11-08,15313.9,15343.19,15220.88,15313.24,0
2023-11-09,15351.12,15382.11,15171.32,15187.9,0
2023-11-10,15252.36,15535.2,15237.17,15529.12,0
2023-11-13,15469.21,15524.66,15404.71,15482.79,0
2023-11-14,15744.36,15850.34,15726.12,15812.47,0
2023-11-15,15881.72,15904.63,15765.31,15817.18,0
2023-11-16,15765.2,15842.63,15738.22,15833.17,0
2023-11-17,15803.98,15876.87,15766.94,15837.99,0
2023-11-20,15845.2,16056.76,15844.83,16027.06,0
2023-11-21,15951.55,15968.09,15866.82,15933.62,0
2023-11-22,16025.74,16119.31,15964.04,16001.39,0
2023-11-24,15974.85,16007.43,15940.62,15982.01,0
2023-11-27,15969.72,16045.3,15932.19,15961.98,0
2023-11-28,15940.29,16031.52,15921.07,16010.43,0
2023-11-29,16111.36,16166.51,15976.69,15987.6,0
2023-11-30,15987.66,16013.48,15825.67,15947.87,0
2023-12-01,15892.59,16013.75,15834.93,15997.58,0
2023-12-04,15837.12,15852.45,15695.58,15839.67,0
2023-12-05,15763.65,15931.84,15760.59,15877.71,0
2023-12-06,15990.2,15990.94,15776.95,15788.05,0
2023-12-07,15888.23,16042.51,15875.48,16022.49,0
2023-12-08,15952.85,16100.86,15937.58,16084.69,0
2023-12-11,16069.61,16232.26,16061.87,16221.73,0
2023-12-12,16209.61,16354.25,16175.46,16354.25,0
2023-12-13,16392.18,16581.04,16357.21,16562.37,0
2023-12-14,16603.54,16660.71,16419.26,16537.83,0
2023-12-15,16587.0,16669.77,16557.01,16623.45,0
2023-12-18,16631.11,16764.32,16629.29,16729.8,0
2023-12-19,16734.25,16813.01,16733.38,16811.85,0
2023-12-20,16763.64,16860.68,16552.06,16554.16,0
2023-12-21,16719.61,16768.02,16621.52,16757.41,0
2023-12-22,16799.02,16839.25,16703.57,16777.4,0
2023-12-26,16816.78,16907.51,16813.57,16878.46,0
2023-12-27,16896.14,16922.01,16859.55,16906.8,0
2023-12-28,16963.52,16969.17,16891.32,16898.47,0
2023-12-29,16902.44,16919.51,16757.89,16825.93,0
2024-01-02,16667.3,16686.6,16453.15,16543.94,0
2024-01-03,16413.26,16471.08,16352.14,16368.49,0
2024-01-04,16290.77,16419.44,16276.43,16282.01,0
2024-01-05,16281.74,16415.39,16249.19,16305.98,0
2024-01-08,16354.22,16655.23,16349.39,16649.87,0
2024-01-09,16531.96,16710.88,16513.73,16678.7,0
2024-01-10,16702.55,16827.37,16654.74,16793.05,0
2024-01-11,16852.19,16898.16,16618.86,16820.9,0
2024-01-12,16855.0,16900.37,16776.92,16832.92,0
2024-01-16,16775.1,16895.33,16726.59,16830.71,0
2024-01-17,16705.51,16749.11,16561.49,16736.28,0
2024-01-18,16894.33,16996.98,16818.13,16982.29,0
2024-01-19,17060.14,17317.21,17041.85,17314.0,0
2024-01-22,17403.62,17450.3,17309.87,17330.38,0
2024-01-23,17346.95,17410.86,17286.02,17404.21,0
2024-01-24,17562.32,17665.26,17481.97,17499.3,0
2024-01-25,17589.27,17631.34,17430.37,17516.99,0
2024-01-26,17432.87,17514.76,17395.54,17421.01,0
2024-01-29,17438.03,17603.95,17414.62,17596.27,0
2024-01-30,17596.27,17578.46,17443.77,17476.71,0
2024-01-31,17269.98,17375.32,17128.74,17137.24,0
2024-02-01,17216.99,17356.76,17175.83,17344.71,0
2024-02-02,17415.94,17682.29,17378.37,17642.73,0
2024-02-05,17634.69,17655.77,17469.62,17613.04,0
2024-02-06,17664.44,17680.62,17475.43,17572.73,0
2024-02-07,17674.59,17784.17,17637.73,17755.07,0
2024-02-08,17757.6,17814.12,17728.55,17783.17,0
2024-02-09,17820.98,17987.9,17798.81,17962.41,0
2024-02-12,17942.28,18041.45,17859.66,17882.66,0
2024-02-13,17519.8,17717.67,17478.23,17600.42,0
2024-02-14,17728.9,17815.18,17619.92,17807.63,0
2024-02-15,17815.32,17864.58,17722.31,17845.72,0
2024-02-16,17853.59,17864.16,17663.4,17685.98,0
2024-02-20,17591.17,17657.08,17399.41,17546.1,0
2024-02-21,17412.79,17482.13,17319.44,17478.91,0
2024-02-22,17857.76,18034.8,17808.26,18004.7,0
2024-02-23,18052.59,18091.62,17902.78,17937.61,0
2024-02-26,17970.21,18014.11,17926.66,17933.33,0
2024-02-27,17962.58,17987.54,17871.06,17971.05,0
2024-02-28,17895.03,17931.01,17840.36,17874.5,0
2024-02-29,17991.67,18068.52,17866.26,18043.85,0
2024-03-01,18069.29,18333.26,18064.44,18302.91,0
2024-03-04,18290.1,18313.43,18218.25,18226.48,0
2024-03-05,18088.71,18097.5,17804.5,17897.87,0
2024-03-06,18083.51,18142.88,17941.64,18017.57,0
2024-03-07,18161.73,18337.95,18101.43,18297.99,0
2024-03-08,18312.78,18416.73,17995.38,18018.45,0
2024-03-11,17959.68,18003.05,17873.33,17951.69,0
2024-03-12,18063.02,18228.37,17919.33,18219.11,0
2024-03-13,18151.76,18163.74,18030.4,18068.47,0
2024-03-14,18114.69,18142.9,17913.63,18014.81,0
2024-03-15,17926.92,17930.47,17764.99,17808.25,0
2024-03-18,18024.24,18124.32,17973.09,17985.01,0
2024-03-19,17902.52,18039.82,17809.15,18032.2,0
2024-03-20,18067.7,18249.12,18003.24,18240.11,0
2024-03-21,18438.24,18464.7,18317.1,18320.38,0
2024-03-22,18293.15,18386.25,18267.49,18339.44,0
2024-03-25,18215.54,18337.35,18189.28,18277.06,0
2024-03-26,18329.29,18378.7,18207.88,18210.54,0
2024-03-27,18338.19,18344.09,18168.2,18280.84,0
2024-03-28,18263.41,18308.32,18231.38,18254.69,0
2024-04-01,18280.82,18391.58,18211.28,18293.2,0
2024-04-02,18076.43,18135.57,18002.27,18121.78,0
2024-04-03,18054.44,18238.67,18045.42,18160.19,0
2024-04-04,18331.02,18362.29,17875.75,17878.78,0
2024-04-05,17940.28,18202.96,17912.86,18108.46,0
2024-04-08,18130.44,18178.66,18050.69,18100.19,0
2024-04-09,18188.87,18210.02,17973.07,18169.9,0
2024-04-10,17957.96,18040.83,17932.42,18011.65,0
2024-04-11,18085.11,18337.15,17998.25,18307.98,0
2024-04-12,18117.67,18166.49,17952.09,18003.49,0
2024-04-15,18143.25,18152.08,17676.35,17706.83,0
2024-04-16,17691.45,17817.73,17660.89,17713.66,0
2024-04-17,17785.82,17788.54,17459.57,17493.62,0
2024-04-18,17514.77,17590.81,17376.49,17394.31,0
2024-04-19,17334.71,17362.28,16973.94,17037.65,0
2024-04-22,17161.11,17305.15,17010.25,17210.89,0
2024-04-23,17297.24,17513.31,17277.25,17471.47,0
2024-04-24,17613.66,17653.66,17435.33,17526.8,0
2024-04-25,17205.28,17474.46,17172.42,17430.5,0
2024-04-26,17566.22,17772.78,17533.08,17718.3,0
2024-04-29,17801.14,17820.0,17671.03,17782.72,0
2024-04-30,17720.35,17768.87,17440.69,17440.69,0
2024-05-01,17382.78,17667.86,17284.37,17318.55,0
2024-05-02,17474.92,17575.8,17290.64,17541.54,0
2024-05-03,17848.66,17926.98,17784.78,17890.8,0
2024-05-06,17950.98,18094.46,17937.28,18093.57,0
2024-05-07,18106.33,18156.32,18061.61,18091.45,0
2024-05-08,17987.7,18135.34,17987.7,18085.01,0
2024-05-09,18095.8,18138.02,18012.62,18113.46,0
2024-05-10,18171.15,18247.61,18099.73,18161.18,0
2024-05-13,18228.4,18233.5,18147.57,18198.61,0
2024-05-14,18187.51,18339.58,18175.3,18322.77,0
2024-05-15,18412.81,18607.53,18359.32,18596.65,0
2024-05-16,18589.98,18669.5,18553.3,18557.96,0
2024-05-17,18571.82,18590.37,18462.25,18546.23,0
2024-05-20,18559.22,18703.83,18549.84,18674.19,0
2024-05-21,18603.99,18721.18,18589.91,18713.8,0
2024-05-22,18733.54,18756.69,18606.16,18705.2,0
2024-05-23,18907.14,18907.54,18554.89,18623.39,0
2024-05-24,18669.36,18851.99,18664.79,18808.35,0
2024-05-28,18855.15,18875.2,18755.94,18869.44,0
2024-05-29,18708.07,18814.82,18706.62,18736.75,0
2024-05-30,18683.25,18705.26,18487.76,18538.66,0
2024-05-31,18550.8,18574.56,18189.78,18536.65,0
2024-06-03,18666.72,18707.22,18392.57,18600.97,0
2024-06-04,18598.0,18697.95,18521.85,18654.84,0
2024-06-05,18791.28,19035.87,18768.25,19035.05,0
2024-06-06,19053.01,19071.79,18978.86,19021.19,0
2024-06-07,18992.58,19113.88,18958.68,19000.95,0
2024-06-10,18945.31,19089.83,18940.71,19074.67,0
2024-06-11,19031.4,19212.63,18966.56,19210.18,0
2024-06-12,19358.26,19556.9,19347.28,19465.18,0
2024-06-13,19609.05,19639.45,19473.71,19576.92,0
2024-06-14,19557.22,19664.59,19534.62,19659.8,0
2024-06-17,19681.86,19977.84,19623.71,19902.75,0
2024-06-18,19904.43,19940.5,19837.86,19908.86,0
2024-06-20,19962.97,19979.93,19685.03,19752.3,0
2024-06-21,19722.37,19801.97,19643.52,19700.43,0
2024-06-24,19648.23,19723.2,19472.53,19474.62,0
2024-06-25,19555.84,19712.42,19523.51,19701.13,0
2024-06-26,19671.07,19763.55,19654.18,19751.05,0
2024-06-27,19740.51,19850.81,19701.34,19789.03,0
2024-06-28,19817.0,20017.71,19665.85,19682.87,0
2024-07-01,19720.11,19827.75,19577.54,19812.22,0
2024-07-02,19746.22,20014.92,19741.81,20011.89,0
2024-07-03,19995.28,20186.63,19995.28,20186.63,0
2024-07-05,20224.13,20406.99,20201.5,20391.97,0
2024-07-08,20393.89,20455.38,20363.37,20439.54,0
2024-07-09,20504.17,20543.9,20395.57,20453.02,0
2024-07-10,20533.27,20690.97,20479.94,20675.38,0
2024-07-11,20661.41,20672.1,20165.0,20211.36,0
2024-07-12,20226.23,20526.08,20217.99,20331.49,0
2024-07-15,20401.02,20585.17,20304.53,20386.88,0
2024-07-16,20441.53,20477.0,20266.51,20398.62,0
2024-07-17,20041.31,20080.27,19793.75,19799.14,0
2024-07-18,19936.24,19947.98,19575.79,19705.09,0
2024-07-19,19687.8,19784.48,19479.38,19522.62,0
2024-07-22,19751.02,19861.72,19638.37,19822.87,0
2024-07-23,19783.33,19904.6,19736.22,19754.34,0
2024-07-24,19475.66,19482.55,19005.47,19032.39,0
2024-07-25,19041.15,19227.2,18721.71,18830.58,0
2024-07-26,18990.2,19142.68,18899.31,19023.66,0
2024-07-29,19122.43,19224.59,18974.51,19059.49,0
2024-07-30,19129.56,19165.42,18667.22,18796.27,0
2024-07-31,19222.85,19426.62,19162.91,19362.43,0
2024-08-01,19375.97,19538.97,18737.09,18890.39,0
2024-08-02,18494.24,18628.78,18263.5,18440.84,0
2024-08-05,17444.4,18169.49,17435.39,17895.15,0
2024-08-06,17961.45,18368.68,17858.82,18077.92,0
2024-08-07,18345.45,18445.75,17851.08,17867.37,0
2024-08-08,18102.05,18445.41,17965.07,18413.82,0
2024-08-09,18373.89,18567.63,18313.78,18513.1,0
2024-08-12,18548.23,18665.75,18433.61,18542.03,0
2024-08-13,18724.84,19013.01,18723.74,19006.43,0
2024-08-14,19043.76,19103.0,18837.1,19022.68,0
2024-08-15,19251.86,19502.92,19239.94,19490.15,0
2024-08-16,19393.73,19561.24,19376.72,19508.52,0
2024-08-19,19521.93,19767.43,19445.1,19766.49,0
2024-08-20,19736.35,19835.38,19652.18,19719.82,0
2024-08-21,19758.47,19885.34,19690.64,19824.84,0
2024-08-22,19911.28,19938.89,19459.86,19491.84,0
2024-08-23,19669.78,19818.4,19526.63,19720.87,0
2024-08-26,19679.24,19726.9,19437.34,19516.44,0
2024-08-27,19450.57,19617.92,19369.53,19581.52,0
2024-08-28,19567.45,19587.04,19221.48,19350.78,0
2024-08-29,19425.28,19622.73,19281.65,19325.45,0
2024-08-30,19506.27,19582.17,19326.61,19574.64,0
2024-09-03,19438.1,19438.1,18869.8,18958.73,0
2024-09-04,18832.64,19070.82,18808.76,18921.4,0
2024-09-05,18864.42,19102.35,18806.83,18930.33,0
2024-09-06,18903.03,18930.77,18400.97,18421.31,0
2024-09-09,18579.8,18693.86,18469.4,18660.78,0
2024-09-10,18722.15,18845.74,18570.67,18829.14,0
2024-09-11,18866.0,19266.39,18531.58,19237.3,0
2024-09-12,19236.42,19456.41,19166.8,19423.07,0
2024-09-13,19396.1,19556.8,19384.69,19514.58,0
2024-09-16,19412.79,19446.06,19294.18,19423.06,0
2024-09-17,19539.75,19596.34,19337.12,19432.4,0
2024-09-18,19478.51,19643.51,19330.81,19344.49,0
2024-09-19,19798.71,19951.79,19723.94,19839.83,0
2024-09-20,19816.29,19845.7,19632.73,19791.49,0
2024-09-23,19848.71,19892.78,19797.82,19852.2,0
2024-09-24,19917.56,19984.47,19739.67,19944.84,0
2024-09-25,19922.28,20043.43,19921.22,19972.61,0
2024-09-26,20273.3,20273.3,19966.99,20115.54,0
2024-09-27,20147.27,20152.53,19964.13,20008.62,0
2024-09-30,19959.26,20072.42,19852.85,20060.69,0
2024-10-01,20046.06,20056.2,19622.29,19773.3,0
2024-10-02,19725.95,19876.7,19630.91,19802.58,0
2024-10-03,19712.33,19902.7,19688.22,19793.34,0
2024-10-04,20025.16,20045.69,19829.49,20035.02,0
2024-10-07,19954.66,19990.12,19763.04,19800.74,0
2024-10-08,19902.21,20132.67,19881.08,20107.78,0
2024-10-09,20097.56,20284.42,20047.86,20268.86,0
2024-10-10,20165.25,20314.24,20117.2,20241.76,0
2024-10-11,20154.83,20313.2,20142.18,20271.97,0
2024-10-14,20366.06,20493.9,20355.06,20439.05,0
2024-10-15,20442.77,20484.31,20083.55,20159.83,0
2024-10-16,20172.87,20200.59,20036.73,20174.05,0
2024-10-17,20375.29,20377.65,20186.43,20190.42,0
2024-10-18,20288.48,20360.29,20273.55,20324.04,0
2024-10-21,20280.49,20386.68,20193.03,20361.47,0
2024-10-22,20256.97,20437.93,20218.85,20383.65,0
2024-10-23,20303.55,20312.78,19934.92,20066.96,0
2024-10-24,20197.62,20256.38,20116.88,20232.87,0
2024-10-25,20354.91,20552.82,20322.25,20352.02,0
2024-10-28,20455.01,20470.43,20344.82,20351.07,0
2024-10-29,20369.08,20600.1,20294.58,20550.65,0
2024-10-30,20510.92,20559.52,20378.75,20387.7,0
2024-10-31,20227.19,20227.19,19880.26,19890.42,0
2024-11-01,19955.83,20162.54,19950.99,20033.14,0
2024-11-04,20011.55,20106.99,19898.57,19963.6,0
2024-11-05,20042.93,20249.2,20042.93,20227.46,0
2024-11-06,20571.29,20807.03,20526.64,20781.33,0
2024-11-07,20896.41,21132.8,20896.41,21101.57,0
2024-11-08,21083.58,21155.0,21050.32,21117.18,0
2024-11-11,21171.24,21182.02,20993.48,21106.59,0
2024-11-12,21105.49,21144.67,20946.74,21070.79,0
2024-11-13,21049.66,21154.94,20955.24,21036.16,0
2024-11-14,21052.07,21067.66,20864.02,20896.67,0
2024-11-15,20679.98,20684.57,20315.08,20394.13,0
2024-11-18,20450.2,20622.28,20401.26,20539.19,0
2024-11-19,20435.68,20696.47,20423.3,20684.59,0
2024-11-20,20660.84,20676.57,20402.55,20667.1,0
2024-11-21,20775.27,20814.93,20436.8,20740.78,0
2024-11-22,20737.49,20797.24,20655.72,20776.23,0
2024-11-25,20918.76,20998.48,20712.38,20804.89,0
2024-11-26,20871.55,20944.9,20832.4,20922.9,0
2024-11-27,20852.43,20853.08,20615.42,20744.49,0
2024-11-29,20771.02,20956.31,20751.96,20930.37,0
2024-12-02,20971.76,21201.03,20971.76,21164.6,0
2024-12-03,21106.51,21235.79,21081.81,21229.32,0
2024-12-04,21361.81,21498.44,21340.84,21492.36,0
2024-12-05,21488.52,21517.49,21411.53,21425.22,0
2024-12-06,21458.58,21626.31,21449.62,21622.25,0
2024-12-09,21573.76,21609.99,21400.77,21440.82,0
2024-12-10,21492.51,21567.02,21313.27,21368.18,0
2024-12-11,21540.38,21784.71,21533.89,21763.98,0
2024-12-12,21652.85,21715.83,21596.66,21615.27,0
2024-12-13,21789.65,21886.74,21646.09,21780.25,0
2024-12-16,21891.36,22133.22,21879.74,22096.66,0
2024-12-17,22003.64,22062.0,21921.21,22001.08,0
2024-12-18,21979.53,22038.08,21146.83,21209.31,0
2024-12-19,21358.79,21413.74,21093.45,21110.51,0
2024-12-20,20939.64,21540.32,20913.72,21289.15,0
2024-12-23,21364.26,21510.09,21224.27,21503.17,0
2024-12-24,21564.37,21797.65,21558.97,21797.65,0
2024-12-26,21733.98,21837.7,21645.62,21768.31,0
2024-12-27,21633.1,21642.26,21292.19,21473.01,0
2024-12-30,21189.1,21346.06,21046.63,21197.09,0
2024-12-31,21256.02,21276.14,20979.52,21012.17,0
2025-01-02,21120.05,21236.59,20800.5,20975.62,0
2025-01-03,21096.79,21359.63,21075.89,21326.16,0
2025-01-06,21551.18,21703.49,21462.52,21559.5,0
2025-01-07,21619.89,21621.25,21101.09,21173.04,0
2025-01-08,21156.76,21242.61,20992.08,21180.96,0
2025-01-10,21012.29,21015.51,20718.78,20847.58,0
2025-01-13,20593.65,20797.1,20538.33,20784.72,0
2025-01-14,20896.36,20969.52,20622.72,20757.41,0
2025-01-15,21067.81,21286.01,21024.27,21237.85,0
2025-01-16,21324.97,21330.59,21087.85,21091.25,0
2025-01-17,21461.9,21515.76,21334.63,21441.15,0
2025-01-21,21557.82,21620.23,21379.06,21566.51,0
2025-01-22,21756.23,21943.04,21756.23,21853.0,0
2025-01-23,21737.24,21900.93,21722.04,21900.93,0
2025-01-24,21915.48,21945.48,21709.06,21774.01,0
2025-01-27,21000.17,21292.54,20974.9,21127.28,0
2025-01-28,21186.08,21500.73,21043.13,21463.04,0
2025-01-29,21473.01,21477.88,21251.8,21411.46,0
2025-01-30,21519.81,21623.45,21308.69,21508.12,0
2025-01-31,21661.56,21846.01,21425.79,21478.05,0
2025-02-03,21084.64,21406.58,21004.35,21297.58,0
2025-02-04,21319.58,21582.4,21308.24,21566.92,0
2025-02-05,21453.87,21662.98,21408.64,21658.16,0
2025-02-06,21674.17,21776.08,21618.25,21774.07,0
2025-02-07,21776.28,21869.32,21465.46,21491.31,0
2025-02-10,21670.06,21793.13,21645.17,21756.73,0
2025-02-11,21629.11,21776.25,21625.51,21693.52,0
2025-02-12,21475.41,21745.66,21454.19,21719.26,0
2025-02-13,21786.16,22038.15,21758.04,22030.71,0
2025-02-14,22038.61,22139.43,22010.35,22114.69,0
2025-02-18,22176.01,22191.37,22029.58,22164.61,0
2025-02-19,22121.73,22222.61,22045.75,22175.6,0
2025-02-20,22132.71,22148.44,21878.75,22068.06,0
2025-02-21,22110.54,22115.21,21597.16,21614.08,0
2025-02-24,21669.36,21727.58,21341.96,21352.08,0
2025-02-25,21318.77,21326.81,20930.58,21087.25,0
2025-02-26,21170.51,21350.52,21012.62,21132.92,0
2025-02-27,21281.36,21323.91,20540.68,20550.95,0
2025-02-28,20518.65,20900.77,20407.45,20884.41,0
2025-03-03,20989.58,21073.8,20279.5,20425.58,0
2025-03-04,20281.89,20688.46,20034.68,20352.53,0
2025-03-05,20363.22,20688.72,20182.57,20628.46,0
2025-03-06,20231.74,20473.4,19968.56,20052.63,0
2025-03-07,20015.62,20253.22,19736.81,20201.37,0
2025-03-10,19826.96,19867.08,19243.31,19430.95,0
2025-03-11,19405.52,19659.43,19180.56,19376.96,0
2025-03-12,19663.39,19756.09,19375.25,19596.02,0
2025-03-13,19534.37,19558.56,19152.57,19225.48,0
2025-03-14,19458.89,19729.21,19436.04,19704.64,0
2025-03-17,19670.69,19943.81,19622.47,19812.24,0
2025-03-18,19657.1,19676.05,19397.07,19483.36,0
2025-03-19,19576.32,19921.62,19497.79,19736.66,0
2025-03-20,19558.28,19888.85,19549.31,19677.61,0
2025-03-21,19466.44,19767.98,19409.18,19753.97,0
2025-03-24,20041.21,20208.84,20024.97,20180.44,0
2025-03-25,20196.5,20292.19,20164.07,20287.83,0
2025-03-26,20239.05,20270.19,19848.49,19916.99,0
2025-03-27,19814.61,20003.36,19740.22,19798.62,0
2025-03-28,19718.46,19752.45,19241.54,19281.4,0
2025-03-31,18998.54,19316.07,18799.2,19278.45,0
2025-04-01,19192.77,19468.62,19095.17,19436.42,0
2025-04-02,19182.39,19707.34,19157.2,19581.78,0
2025-04-03,18774.15,18902.07,18502.97,18521.48,0
2025-04-04,18022.16,18089.25,17387.83,17397.69,0
2025-04-07,16771.77,18191.5,16542.2,17430.68,0
2025-04-08,18034.46,18207.01,16850.18,17090.4,0
2025-04-09,17116.53,19234.02,17082.35,19145.06,0
2025-04-10,18626.11,18710.58,17794.5,18343.57,0
2025-04-11,18309.29,18728.95,18153.32,18690.05,0
2025-04-14,19095.49,19115.15,18614.75,18796.02,0
2025-04-15,18831.98,19004.17,18754.87,18830.23,0
2025-04-16,18475.76,18597.32,17995.96,18257.64,0
2025-04-17,18369.9,18401.05,18144.46,18258.09,0
2025-04-21,18023.01,18043.08,17592.92,17808.3,0
2025-04-22,18033.9,18396.39,17993.24,18276.41,0
2025-04-23,18870.62,19043.01,18618.89,18693.26,0
2025-04-24,18756.53,19224.8,18744.47,19214.4,0
2025-04-25,19209.72,19447.56,19133.23,19432.56,0
2025-04-28,19432.72,19519.33,19162.46,19427.29,0
2025-04-29,19315.95,19582.77,19304.83,19544.95,0
2025-04-30,19168.09,19612.76,19011.98,19571.02,0
2025-05-01,19866.83,20024.48,19763.14,19786.71,0
2025-05-02,19986.61,20176.6,19936.67,20102.61,0
2025-05-05,19928.82,20100.61,19899.28,19967.94,0
2025-05-06,19709.64,19927.23,19659.32,19791.34,0
2025-05-07,19804.5,19960.86,19605.07,19867.97,0
2025-05-08,20067.43,20249.76,19907.67,20063.57,0
2025-05-09,20170.37,20203.58,19984.53,20061.45,0
2025-05-12,20818.78,20870.12,20613.27,20868.15,0
2025-05-13,20906.92,21259.39,20891.18,21197.7,0
2025-05-14,21254.47,21336.48,21199.85,21319.21,0
2025-05-15,21206.73,21443.88,21168.17,21335.82,0
2025-05-16,21375.62,21428.79,21246.42,21427.94,0
2025-05-19,21138.13,21464.56,21138.13,21447.05,0
2025-05-20,21347.63,21399.99,21226.66,21367.37,0
2025-05-21,21217.31,21482.98,21002.09,21080.36,0
2025-05-22,21097.46,21263.18,21046.22,21112.47,0
2025-05-23,20806.37,21025.58,20777.97,20915.65,0
2025-05-27,21201.45,21429.32,21145.13,21414.99,0
2025-05-28,21451.69,21508.08,21296.51,21318.17,0
2025-05-29,21611.54,21611.54,21260.72,21363.95,0
2025-05-30,21330.85,21386.29,21032.56,21340.99,0
2025-06-02,21270.57,21500.36,21199.37,21491.75,0
2025-06-03,21529.98,21715.96,21474.51,21662.58,0
2025-06-04,21689.02,21761.37,21607.33,21721.92,0
2025-06-05,21782.34,21891.89,21472.76,21547.43,0
2025-06-06,21777.5,21836.57,21696.69,21761.79,0
2025-06-09,21779.18,21855.15,21729.3,21797.87,0
2025-06-10,21819.78,21961.42,21727.34,21941.92,0
2025-06-11,21994.16,22041.83,21775.27,21860.8,0
2025-06-12,21826.79,21952.0,21807.0,21913.32,0
2025-06-13,21675.94,21838.47,21591.11,21631.04,0
2025-06-16,21783.08,21979.77,21783.08,21937.57,0
2025-06-17,21858.89,21896.42,21680.17,21719.08,0
2025-06-18,21745.5,21863.0,21660.52,21719.69,0
2025-06-20,21834.49,21902.99,21552.8,21626.39,0
2025-06-23,21632.78,21871.87,21532.32,21856.33,0
2025-06-24,22053.33,22220.64,22045.63,22190.52,0
2025-06-25,22279.69,22329.23,22175.08,22237.74,0
2025-06-26,22328.24,22466.99,22255.27,22447.29,0
2025-06-27,22484.87,22603.22,22382.79,22534.2,0
2025-06-30,22632.92,22721.5,22565.11,22679.01,0
2025-07-01,22594.48,22631.26,22388.09,22478.14,0
2025-07-02,22451.81,22644.72,22448.07,22641.89,0
2025-07-03,22751.64,22896.01,22736.08,22866.97,0
2025-07-07,22754.38,22776.21,22587.47,22685.57,0
2025-07-08,22735.26,22761.8,22652.44,22702.25,0
2025-07-09,22800.36,22915.33,22733.65,22864.91,0
2025-07-10,22890.43,22907.04,22716.41,22829.26,0
2025-07-11,22757.99,22837.38,22692.8,22780.6,0
2025-07-14,22780.19,22886.94,22675.28,22855.63,0
2025-07-15,23036.86,23051.87,22876.47,22884.59,0
2025-07-16,22895.3,22928.55,22669.37,22907.97,0
2025-07-17,22931.02,23104.72,22905.51,23081.05,0
2025-07-18,23135.09,23153.21,23018.36,23065.47,0
2025-07-21,23124.97,23264.45,23122.93,23180.06,0
2025-07-22,23182.02,23186.36,22953.85,23063.58,0
2025-07-23,23100.25,23168.49,23000.46,23162.41,0
2025-07-24,23228.79,23268.49,23150.27,23219.86,0
2025-07-25,23204.66,23326.3,23193.99,23272.25,0
2025-07-28,23343.13,23386.76,23299.81,23356.27,0
2025-07-29,23477.84,23510.92,23283.4,23308.3,0
2025-07-30,23337.33,23447.15,23226.92,23345.41,0
2025-07-31,23589.37,23589.37,23176.12,23218.12,0
2025-08-01,22941.06,22972.47,22673.88,22763.31,0
2025-08-04,22986.77,23191.04,22973.6,23188.61,0
2025-08-05,23235.31,23286.05,23008.14,23018.56,0
2025-08-06,23070.95,23330.49,23042.27,23315.04,0
2025-08-07,23483.42,23560.73,23225.72,23389.53,0
2025-08-08,23458.14,23619.24,23437.61,23611.27,0
2025-08-11,23629.01,23698.0,23484.25,23526.63,0
2025-08-12,23651.61,23849.5,23524.28,23839.2,0
2025-08-13,23935.06,23969.27,23789.12,23849.04,0
2025-08-14,23775.01,23908.26,23748.98,23832.44,0
2025-08-15,23809.0,23813.99,23651.21,23712.07,0
2025-08-18,23692.13,23733.5,23637.41,23713.76,0
2025-08-19,23689.01,23695.65,23346.34,23384.77,0
2025-08-20,23343.41,23343.41,22959.7,23249.57,0
2025-08-21,23182.76,23264.27,23046.39,23142.58,0
2025-08-22,23184.99,23575.36,23140.04,23498.12,0
2025-08-25,23454.28,23546.45,23382.19,23425.6,0
2025-08-26,23420.85,23532.51,23369.04,23525.29,0
2025-08-27,23499.67,23591.05,23434.31,23565.85,0
2025-08-28,23601.35,23741.23,23514.7,23703.45,0
2025-08-29,23607.54,23607.54,23353.96,23415.42,0
2025-09-02,23020.47,23242.28,22977.89,23231.11,0
2025-09-03,23388.28,23478.01,23279.12,23414.84,0
2025-09-04,23442.19,23639.04,23371.33,23633.01,0
2025-09-05,23841.98,23860.25,23475.33,23652.44,0
2025-09-08,23759.62,23851.81,23725.04,23762.3,0
2025-09-09,23824.33,23852.42,23698.0,23839.8,0
2025-09-10,23931.32,23958.54,23760.09,23849.27,0
2025-09-11,23956.57,24016.53,23883.01,23992.56,0
2025-09-12,24030.77,24137.06,23983.63,24092.19,0
2025-09-15,24178.6,24297.34,24173.14,24293.78,0
2025-09-16,24342.75,24343.35,24244.21,24274.25,0
2025-09-17,24286.43,24292.06,23999.75,24223.69,0
2025-09-18,24421.21,24554.52,24347.54,24454.89,0
2025-09-19,24528.44,24641.93,24469.28,24626.25,0
2025-09-22,24588.18,24781.73,24578.09,24761.07,0
2025-09-23,24752.74,24764.3,24536.5,24580.17,0
2025-09-24,24648.97,24650.42,24388.59,24503.57,0
2025-09-25,24321.73,24460.66,24186.37,24397.31,0
2025-09-26,24410.95,24510.37,24297.7,24503.85,0
2025-09-29,24629.02,24741.77,24560.22,24611.35,0
2025-09-30,24597.4,24691.23,24505.14,24679.99,0
2025-10-01,24539.25,24816.67,24517.76,24800.86,0
2025-10-02,24933.49,24944.75,24780.11,24892.76,0
2025-10-03,24931.42,24958.26,24713.58,24785.52,0
2025-10-06,24986.26,25044.26,24907.6,24978.56,0
2025-10-07,25031.78,25062.96,24783.95,24840.23,0
2025-10-08,24887.32,25142.19,24882.35,25136.62,0
2025-10-09,25124.79,25139.35,24966.81,25098.18,0
2025-10-10,25116.83,25195.28,24207.15,24221.75,0
2025-10-13,24625.74,24779.65,24540.42,24750.25,0
2025-10-14,24442.93,24766.37,24256.28,24579.32,0
2025-10-15,24807.34,24933.23,24496.07,24745.36,0
2025-10-16,24882.22,24998.3,24481.17,24657.24,0
2025-10-17,24600.55,24881.47,24511.59,24817.95,0
2025-10-20,24991.1,25183.81,24988.67,25141.02,0
2025-10-21,25139.8,25178.23,25043.06,25127.13,0
2025-10-22,25093.64,25127.06,24652.11,24879.0,0
2025-10-23,24869.6,25126.78,24856.34,25097.42,0
2025-10-24,25307.75,25418.64,25288.71,25358.16,0
2025-10-27,25701.95,25839.03,25656.38,25821.55,0
2025-10-28,25932.64,26087.48,25864.49,26012.16,0
2025-10-29,26147.72,26182.1,25907.45,26119.85,0
2025-10-30,25953.78,26031.68,25732.39,25734.81,0
2025-10-31,26055.97,26063.49,25761.28,25858.13,0
2025-11-03,26114.11,26132.87,25887.88,25972.94,0
2025-11-04,25580.34,25762.23,25415.62,25435.7,0
2025-11-05,25433.23,25750.89,25364.9,25620.03,0
2025-11-06,25568.24,25568.24,25083.24,25130.04,0
2025-11-07,24977.73,25065.14,24603.78,25059.81,0
2025-11-10,25418.17,25655.51,25354.44,25611.74,0
2025-11-11,25500.93,25588.26,25380.86,25533.49,0
2025-11-12,25662.19,25663.17,25389.73,25517.33,0
2025-11-13,25386.95,25396.01,24908.6,24993.46,0
2025-11-14,24658.55,25198.93,24534.9,25008.24,0
2025-11-17,24890.1,25166.15,24649.36,24799.92,0
2025-11-18,24651.78,24735.12,24299.29,24503.1,0
2025-11-19,24517.27,24904.66,24432.19,24640.52,0
2025-11-20,25131.49,25222.95,24021.44,24054.38,0
2025-11-21,24137.66,24521.84,23854.03,24239.57,0
2025-11-24,24462.87,24923.59,24455.65,24873.85,0
2025-11-25,24790.07,25069.54,24542.72,25018.36,0
2025-11-26,25168.31,25309.15,25077.86,25236.94,0
2025-11-28,25310.28,25435.77,25280.96,25434.89,0
2025-12-01,25232.75,25443.21,25158.63,25342.85,0
2025-12-02,25449.87,25622.58,25369.36,25555.86,0
2025-12-03,25443.7,25639.99,25388.44,25606.54,0
2025-12-04,25658.14,25658.27,25450.38,25581.7,0
2025-12-05,25657.78,25827.08,25617.35,25692.05,0
2025-12-08,25758.82,25828.16,25531.75,25627.95,0
2025-12-09,25593.67,25698.26,25532.34,25668.69,0
2025-12-10,25631.59,25835.03,25504.3,25776.44,0
2025-12-11,25598.39,25696.29,25372.18,25686.68,0
2025-12-12,25531.55,25605.88,25104.68,25196.73,0
2025-12-15,25352.87,25377.62,25022.81,25067.26,0
2025-12-16,24991.49,25188.76,24922.94,25132.94,0
2025-12-17,25167.86,25193.41,24647.61,24647.61,0
2025-12-18,25031.49,25164.18,24921.45,25019.37,0
2025-12-19,25147.3,25354.82,25134.26,25346.18,0
2025-12-22,25527.68,25554.03,25401.59,25461.7,0
2025-12-23,25441.42,25590.03,25403.26,25587.83,0
2025-12-24,25582.34,25665.28,25556.85,25656.15,0
2025-12-26,25692.68,25716.71,25620.32,25644.39,0
2025-12-29,25462.25,25598.14,25440.97,25525.56,0
2025-12-30,25509.88,25577.58,25456.92,25462.56,0
2025-12-31,25464.71,25483.77,25244.86,25249.85,0
2026-01-02,25524.27,25597.65,25086.36,25206.17,0
2026-01-05,25471.79,25520.51,25354.66,25401.32,0
2026-01-06,25462.06,25655.12,25428.08,25639.71,0
2026-01-07,25617.8,25813.17,25592.4,25653.9,0
2026-01-08,25615.35,25622.32,25400.16,25507.1,0
2026-01-09,25518.82,25811.45,25455.97,25766.26,0
2026-01-12,25616.81,25850.86,25602.56,25787.66,0
2026-01-13,25779.28,25873.18,25642.11,25741.95,0
2026-01-14,25575.57,25624.19,25266.2,25465.94,0
2026-01-15,25767.3,25781.03,25520.2,25547.08,0
2026-01-16,25710.6,25735.48,25444.28,25529.26,0
2026-01-20,25155.03,25279.78,24954.18,24987.57,0
2026-01-21,25048.55,25498.81,24993.98,25326.58,0
2026-01-22,25548.38,25576.52,25399.5,25518.35,0
2026-01-23,25501.91,25709.74,25435.02,25605.47,0
2026-01-26,25631.01,25797.1,25578.76,25713.21,0
2026-01-27,25852.05,25982.59,25791.75,25939.74,0
2026-01-28,26121.74,26165.08,25974.66,26022.79,0
2026-01-29,26030.08,26046.34,25418.55,25884.3,0
2026-01-30,25740.19,25823.3,25456.18,25552.39,0
2026-02-02,25491.64,25833.12,25478.5,25738.61,0
2026-02-03,25811.05,25840.04,25112.46,25338.62,0
2026-02-04,25240.38,25275.25,24681.27,24891.24,0
2026-02-05,24614.86,24854.56,24455.4,24548.69,0
2026-02-06,24655.25,25131.34,24622.33,25075.77,0
2026-02-09,24953.68,25337.54,24876.28,25268.14,0
2026-02-10,25314.23,25363.12,25113.43,25127.64,0
2026-02-11,25335.91,25382.84,24980.29,25201.26,0
2026-02-12,25261.33,25310.56,24643.73,24687.61,0
2026-02-13,24662.95,24921.47,24514.96,24732.73,0
2026-02-17,24567.55,24818.3,24387.47,24701.6,0
2026-02-18,24744.87,25057.21,24696.83,24898.87,0
2026-02-19,24771.65,24890.12,24690.87,24797.34,0
2026-02-20,24637.32,25077.56,24633.59,25012.62,0
2026-02-23,24935.51,24984.82,24618.23,24708.94,0
2026-02-24,24763.84,25022.92,24643.69,24977.04,0
2026-02-25,25137.72,25343.97,25137.62,25329.04,0
2026-02-26,25278.25,25288.23,24820.55,25034.37,0
2026-02-27,24808.0,24987.96,24747.25,24960.04,0
2026-03-02,24599.41,25059.17,24575.54,24992.6,0
2026-03-03,24497.38,24810.25,24315.84,24720.08,0
2026-03-04,24850.94,25179.36,24795.53,25093.68,0
2026-03-05,24992.73,25174.31,24744.56,25020.41,0
2026-03-06,24663.74,24886.7,24579.86,24643.01,0
2026-03-09,24429.67,25019.16,24289.23,24967.25,0
2026-03-10,25002.61,25189.17,24871.44,24956.47,0
2026-03-11,25053.24,25152.12,24856.6,24965.01,0
2026-03-12,24771.32,24809.26,24522.24,24533.58,0
2026-03-13,24660.19,24786.65,24336.53,24380.73,0
2026-03-16,24646.18,24794.29,24606.46,24655.34,0
2026-03-17,24760.27,24884.68,24721.56,24780.42,0
2026-03-18,24727.07,24763.58,24417.38,24425.09,0
2026-03-19,24119.37,24462.15,24100.88,24355.28,0
2026-03-20,24257.56,24267.33,23759.97,23898.15,0
2026-03-23,24270.77,24465.16,24097.68,24188.59,0
2026-03-24,24042.23,24170.83,23927.69,24002.45,0
2026-03-25,24236.4,24314.25,24081.38,24162.98,0
2026-03-26,23913.19,24029.51,23574.72,23586.99,0
2026-03-27,23463.75,23472.89,23088.99,23132.77,0
2026-03-30,23307.75,23356.75,22841.42,22953.38,0
2026-03-31,23208.0,23789.6,23198.64,23740.19,0
2026-04-01,23883.29,24162.68,23871.61,24019.99,0
2026-04-02,23621.73,24076.35,23512.59,24045.53,0
2026-04-06,24143.02,24265.14,24039.03,24192.17,0
2026-04-07,24109.57,24209.28,23779.85,24202.37,0
2026-04-08,25045.36,25045.36,24756.93,24903.17,0
2026-04-09,24918.28,25097.45,24788.92,25082.09,0
2026-04-10,25165.06,25226.06,25057.65,25116.34,0
2026-04-13,25069.07,25387.69,24999.2,25383.72,0
2026-04-14,25514.55,25842.0,25514.55,25842.0,0
2026-04-15,25859.19,26214.57,25828.76,26204.58,0
2026-04-16,26256.88,26400.52,26113.65,26333.0,0
2026-04-17,26551.16,26719.56,26481.24,26672.43,0
2026-04-20,26662.32,26670.11,26412.52,26590.34,0
2026-04-21,26658.85,26730.64,26405.3,26479.47,0
2026-04-22,26715.92,26942.13,26662.88,26937.27,0
2026-04-23,26844.61,27007.87,26540.32,26782.62,0
2026-04-24,27082.42,27314.21,26986.39,27303.67,0
2026-04-27,27278.28,27315.23,27158.87,27305.68,0
2026-04-28,26988.77,27115.77,26877.59,27029.01,0
2026-04-29,27069.36,27199.73,26995.38,27186.99,0
2026-04-30,27328.99,27488.03,27029.41,27452.12,0
2026-05-01,27508.57,27787.12,27501.43,27710.36,0
2026-05-04,27625.79,27822.37,27504.09,27651.82,0
2026-05-05,27895.05,28065.63,27844.23,28015.06,0
2026-05-06,28234.02,28608.68,28208.23,28599.17,0
2026-05-07,28612.54,28825.52,28440.05,28563.95,0
2026-05-08,28768.12,29234.99,28751.22,29234.99,0
2026-05-11,29185.83,29372.43,29143.2,29320.66,0
2026-05-12,29067.36,29188.07,28628.64,29064.8,0
2026-05-13,29159.95,29452.26,28968.56,29366.94,0
2026-05-14,29372.65,29678.89,29350.1,29580.3,0
2026-05-15,29191.36,29387.44,28991.42,29125.2,0
2026-05-18,29246.2,29250.15,28717.57,28994.37,0
2026-05-19,28795.02,29031.92,28567.16,28818.84,0
2026-05-20,29006.57,29301.28,28919.44,29297.7,0
2026-05-21,29150.13,29463.49,29040.04,29357.27,0
2026-05-22,29476.29,29663.89,29423.63,29481.64,0
2026-05-26,29854.58,30044.49,29753.09,30001.32,0
2026-05-27,30081.28,30099.79,29808.89,29973.57,0
2026-05-28,30030.63,30263.19,29848.75,30223.89,0
2026-05-29,30333.86,30470.03,30210.01,30333.18,0
2026-06-01,30295.25,30633.55,30241.2,30513.86,0
2026-06-02,30471.61,30670.11,30372.96,30660.6,0
2026-06-03,30730.1,30762.2,30441.8,30571.24,0
2026-06-04,30174.59,30541.43,30092.24,30407.81,0
2026-06-05,29992.37,30051.08,28929.88,28957.6,0
2026-06-08,29482.19,29697.9,29294.02,29414.26,0
2026-06-09,29647.34,29805.3,28196.9,29084.5,0
2026-06-10,28893.82,29212.38,28462.92,28508.03,0
2026-06-11,28731.16,29506.67,28548.5,29446.18,0
2026-06-12,29380.68,29733.89,29220.83,29635.95,0
2026-06-15,30289.97,30587.16,30285.63,30543.92,0
2026-06-16,30455.49,30560.08,29962.87,29968.13,0
2026-06-17,30160.74,30208.94,29604.93,29670.95,0
2026-06-18,30261.6,30463.77,30089.35,30406.19,0
2026-06-22,30406.19,30642.57,30194.25,30347.08,0
2026-06-23,30347.08,29748.72,29276.98,29347.27,0
2026-06-24,29347.27,29592.9,28963.1,29220.06,0
2026-06-25,29220.06,29843.89,29000.55,29440.32,0
2026-06-26,29440.32,29413.8,28890.74,29118.24,0
2026-06-29,29118.24,29792.63,28991.52,29774.75,0
2026-06-30,29774.75,30328.79,29767.76,30276.35,0
2026-07-01,30276.35,30084.78,29787.41,29809.13,0
2026-07-02,29809.13,30044.5,29087.33,29329.21,0
2026-07-06,29575.57,29847.75,29553.62,29697.87,0
2026-07-07,29697.87,29426.45,28974.47,29173.02,0
2026-07-08,29173.02,29280.58,28814.57,29252.56,0
2026-07-09,29486.61,29773.74,29398.47,29727.1,0
2026-07-10,29727.1,29856.94,29484.49,29825.11,0
2026-07-13,29825.11,29541.0,29189.21,29264.1,0
2026-07-14,29561.35,29693.77,29368.87,29586.29,0
2026-07-15,29586.29,29771.89,29192.89,29502.6,0
2026-07-16,29502.6,29333.06,28881.23,29025.77,0
2026-07-17,29025.77,28867.4,28231.32,28592.66,0
2026-07-20,28592.66,29017.23,28590.4,28604.23,0
2026-07-21,29059.44,29192.29,28891.07,29155.18,0
2026-07-22,29155.18,29176.91,28934.52,28998.1,0
2026-07-23,28998.1,28726.62,28274.52,28454.81,0
2026-07-24,28362.15,28471.48,28053.08,28128.34,0
2026-07-27,28412.31,28460.2,27786.54,28039.21,0
2026-07-28,27810.4,27926.53,27452.95,27763.13,0
2026-07-29,27780.45,27954.91,27176.03,27192.31,0
2026-07-30,27755.46,28168.42,27686.37,28106.35,0
2026-07-31,28446.99,28606.77,27954.24,28274.19,0
2026-08-03,28278.59,28842.36,28196.88,28776.8,0
2026-08-04,29109.26,29831.4,29109.26,29733.16,0
2026-08-05,29863.27,29946.93,29468.33,29487.79,0
2026-08-06,29224.37,29569.76,29123.38,29373.33,0
2026-08-07,29596.45,29747.15,29452.71,29722.3,0
2026-08-10,29709.49,29784.21,29606.47,29621.8,0
2026-08-11,29694.7,29705.8,29427.61,29525.48,0
2026-08-12,29875.18,29881.5,29715.88,29742.6,0
2026-08-13,29784.06,30168.05,29757.62,30084.5,0
2026-08-14,30167.13,30179.82,29934.66,30046.14,0
2026-08-17,30150.77,30195.72,29971.92,29995.38,0
